STRUCTURE,STRUCTURE_ID,STRUCTURE_NAME,ACTION,PATENT_AUTHORITIES,,FREQ,,MEASURE,,UNIT_MEASURE,,DATE_TYPE,,REF_AREA,,PARTNER_AREA,,AGENT_ROLE,,COOPERATION_TYPE,,WIPO,,OECD_TECHNOLOGY_PATENT,,TIME_PERIOD,,OBS_VALUE,,OBS_STATUS,,DECIMALS,,UNIT_MULT,
DATAFLOW,OECD.STI.PIE:DSD_PATENTS@DF_PATENTS_OECDSPECIFIC(1.0),,I,9P50_2,,A,,PF,,PATN_FM,,PRIORITY,,BIH,,_Z,,INVENTOR,,_Z,,_Z,,_T,,2018,,0,,A,,1,,0,
DATAFLOW,OECD.STI.PIE:DSD_PATENTS@DF_PATENTS_OECDSPECIFIC(1.0),,I,9P50_2,,A,,PF,,PATN_FM,,PRIORITY,,LBN,,_Z,,INVENTOR,,_Z,,_Z,,_T,,2018,,0,,A,,1,,0,
DATAFLOW,OECD.STI.PIE:DSD_PATENTS@DF_PATENTS_OECDSPECIFIC(1.0),,I,9P50_2,,A,,PF,,PATN_FM,,PRIORITY,,GTM,,_Z,,INVENTOR,,_Z,,_Z,,_T,,2018,,0,,A,,1,,0,
DATAFLOW,OECD.STI.PIE:DSD_PATENTS@DF_PATENTS_OECDSPECIFIC(1.0),,I,9P50_2,,A,,PF,,PATN_FM,,PRIORITY,,JAM,,_Z,,INVENTOR,,_Z,,_Z,,_T,,2018,,0,,A,,1,,0,
DATAFLOW,OECD.STI.PIE:DSD_PATENTS@DF_PATENTS_OECDSPECIFIC(1.0),,I,9P50_2,,A,,PF,,PATN_FM,,PRIORITY,,JOR,,_Z,,INVENTOR,,_Z,,_Z,,_T,,2018,,0,,A,,1,,0,
DATAFLOW,OECD.STI.PIE:DSD_PATENTS@DF_PATENTS_OECDSPECIFIC(1.0),,I,9P50_2,,A,,PF,,PATN_FM,,PRIORITY,,PER,,_Z,,INVENTOR,,_Z,,_Z,,_T,,2018,,0,,A,,1,,0,
DATAFLOW,OECD.STI.PIE:DSD_PATENTS@DF_PATENTS_OECDSPECIFIC(1.0),,I,9P50_2,,A,,PF,,PATN_FM,,PRIORITY,,YUG_F,,_Z,,INVENTOR,,_Z,,_Z,,_T,,2018,,0,,A,,1,,0,
DATAFLOW,OECD.STI.PIE:DSD_PATENTS@DF_PATENTS_OECDSPECIFIC(1.0),,I,9P50_2,,A,,PF,,PATN_FM,,PRIORITY,,VEN,,_Z,,INVENTOR,,_Z,,_Z,,_T,,2018,,0,,A,,1,,0,
DATAFLOW,OECD.STI.PIE:DSD_PATENTS@DF_PATENTS_OECDSPECIFIC(1.0),,I,9P50_2,,A,,PF,,PATN_FM,,PRIORITY,,ZWE,,_Z,,INVENTOR,,_Z,,_Z,,_T,,2018,,0,,A,,1,,0,
DATAFLOW,OECD.STI.PIE:DSD_PATENTS@DF_PATENTS_OECDSPECIFIC(1.0),,I,9P50_2,,A,,PF,,PATN_FM,,PRIORITY,,PRI,,_Z,,INVENTOR,,_Z,,_Z,,_T,,2018,,0,,A,,1,,0,
DATAFLOW,OECD.STI.PIE:DSD_PATENTS@DF_PATENTS_OECDSPECIFIC(1.0),,I,9P50_2,,A,,PF,,PATN_FM,,PRIORITY,,SLV,,_Z,,INVENTOR,,_Z,,_Z,,_T,,2018,,0,,A,,1,,0,
DATAFLOW,OECD.STI.PIE:DSD_PATENTS@DF_PATENTS_OECDSPECIFIC(1.0),,I,9P50_2,,A,,PF,,PATN_FM,,PRIORITY,,UZB,,_Z,,INVENTOR,,_Z,,_Z,,_T,,2018,,0,,A,,1,,0,
DATAFLOW,OECD.STI.PIE:DSD_PATENTS@DF_PATENTS_OECDSPECIFIC(1.0),,I,9P50_2,,A,,PF,,PATN_FM,,PRIORITY,,MDA,,_Z,,INVENTOR,,_Z,,_Z,,_T,,2018,,0,,A,,1,,0,
DATAFLOW,OECD.STI.PIE:DSD_PATENTS@DF_PATENTS_OECDSPECIFIC(1.0),,I,9P50_2,,A,,PF,,PATN_FM,,PRIORITY,,DZA,,_Z,,INVENTOR,,_Z,,_Z,,_T,,2018,,0,,A,,1,,0,
DATAFLOW,OECD.STI.PIE:DSD_PATENTS@DF_PATENTS_OECDSPECIFIC(1.0),,I,9P50_2,,A,,PF,,PATN_FM,,PRIORITY,,KAZ,,_Z,,INVENTOR,,_Z,,_Z,,_T,,2018,,0,,A,,1,,0,
DATAFLOW,OECD.STI.PIE:DSD_PATENTS@DF_PATENTS_OECDSPECIFIC(1.0),,I,9P50_2,,A,,PF,,PATN_FM,,PRIORITY,,DJI,,_Z,,INVENTOR,,_Z,,_Z,,_T,,2018,,0,,A,,1,,0,
DATAFLOW,OECD.STI.PIE:DSD_PATENTS@DF_PATENTS_OECDSPECIFIC(1.0),,I,9P50_2,,A,,PF,,PATN_FM,,PRIORITY,,URY,,_Z,,INVENTOR,,_Z,,_Z,,_T,,2018,,0,,A,,1,,0,
DATAFLOW,OECD.STI.PIE:DSD_PATENTS@DF_PATENTS_OECDSPECIFIC(1.0),,I,9P50_2,,A,,PF,,PATN_FM,,PRIORITY,,NGA,,_Z,,INVENTOR,,_Z,,_Z,,_T,,2019,,0,,A,,1,,0,
DATAFLOW,OECD.STI.PIE:DSD_PATENTS@DF_PATENTS_OECDSPECIFIC(1.0),,I,9P50_2,,A,,PF,,PATN_FM,,PRIORITY,,DJI,,_Z,,INVENTOR,,_Z,,_Z,,_T,,2019,,0,,A,,1,,0,
DATAFLOW,OECD.STI.PIE:DSD_PATENTS@DF_PATENTS_OECDSPECIFIC(1.0),,I,9P50_2,,A,,PF,,PATN_FM,,PRIORITY,,KAZ,,_Z,,INVENTOR,,_Z,,_Z,,_T,,2019,,0,,A,,1,,0,
DATAFLOW,OECD.STI.PIE:DSD_PATENTS@DF_PATENTS_OECDSPECIFIC(1.0),,I,9P50_2,,A,,PF,,PATN_FM,,PRIORITY,,AND,,_Z,,INVENTOR,,_Z,,_Z,,_T,,2019,,0,,A,,1,,0,
DATAFLOW,OECD.STI.PIE:DSD_PATENTS@DF_PATENTS_OECDSPECIFIC(1.0),,I,9P50_2,,A,,PF,,PATN_FM,,PRIORITY,,MDA,,_Z,,INVENTOR,,_Z,,_Z,,_T,,2019,,0,,A,,1,,0,
DATAFLOW,OECD.STI.PIE:DSD_PATENTS@DF_PATENTS_OECDSPECIFIC(1.0),,I,9P50_2,,A,,PF,,PATN_FM,,PRIORITY,,UZB,,_Z,,INVENTOR,,_Z,,_Z,,_T,,2019,,0,,A,,1,,0,
DATAFLOW,OECD.STI.PIE:DSD_PATENTS@DF_PATENTS_OECDSPECIFIC(1.0),,I,9P50_2,,A,,PF,,PATN_FM,,PRIORITY,,SLV,,_Z,,INVENTOR,,_Z,,_Z,,_T,,2019,,0,,A,,1,,0,
DATAFLOW,OECD.STI.PIE:DSD_PATENTS@DF_PATENTS_OECDSPECIFIC(1.0),,I,9P50_2,,A,,PF,,PATN_FM,,PRIORITY,,SYC,,_Z,,INVENTOR,,_Z,,_Z,,_T,,2019,,0,,A,,1,,0,
DATAFLOW,OECD.STI.PIE:DSD_PATENTS@DF_PATENTS_OECDSPECIFIC(1.0),,I,9P50_2,,A,,PF,,PATN_FM,,PRIORITY,,TUN,,_Z,,INVENTOR,,_Z,,_Z,,_T,,2019,,0,,A,,1,,0,
DATAFLOW,OECD.STI.PIE:DSD_PATENTS@DF_PATENTS_OECDSPECIFIC(1.0),,I,9P50_2,,A,,PF,,PATN_FM,,PRIORITY,,MKD,,_Z,,INVENTOR,,_Z,,_Z,,_T,,2019,,0,,A,,1,,0,
DATAFLOW,OECD.STI.PIE:DSD_PATENTS@DF_PATENTS_OECDSPECIFIC(1.0),,I,9P50_2,,A,,PF,,PATN_FM,,PRIORITY,,MNG,,_Z,,INVENTOR,,_Z,,_Z,,_T,,2019,,0,,A,,1,,0,
DATAFLOW,OECD.STI.PIE:DSD_PATENTS@DF_PATENTS_OECDSPECIFIC(1.0),,I,9P50_2,,A,,PF,,PATN_FM,,PRIORITY,,YUG_F,,_Z,,INVENTOR,,_Z,,_Z,,_T,,2019,,0,,A,,1,,0,
DATAFLOW,OECD.STI.PIE:DSD_PATENTS@DF_PATENTS_OECDSPECIFIC(1.0),,I,9P50_2,,A,,PF,,PATN_FM,,PRIORITY,,JOR,,_Z,,INVENTOR,,_Z,,_Z,,_T,,2019,,0,,A,,1,,0,
DATAFLOW,OECD.STI.PIE:DSD_PATENTS@DF_PATENTS_OECDSPECIFIC(1.0),,I,9P50_2,,A,,PF,,PATN_FM,,PRIORITY,,JAM,,_Z,,INVENTOR,,_Z,,_Z,,_T,,2019,,0,,A,,1,,0,
DATAFLOW,OECD.STI.PIE:DSD_PATENTS@DF_PATENTS_OECDSPECIFIC(1.0),,I,9P50_2,,A,,PF,,PATN_FM,,PRIORITY,,GTM,,_Z,,INVENTOR,,_Z,,_Z,,_T,,2019,,0,,A,,1,,0,
DATAFLOW,OECD.STI.PIE:DSD_PATENTS@DF_PATENTS_OECDSPECIFIC(1.0),,I,9P50_2,,A,,PF,,PATN_FM,,PRIORITY,,KEN,,_Z,,INVENTOR,,_Z,,_Z,,_T,,2019,,0,,A,,1,,0,
DATAFLOW,OECD.STI.PIE:DSD_PATENTS@DF_PATENTS_OECDSPECIFIC(1.0),,I,9P50_2,,A,,PF,,PATN_FM,,PRIORITY,,PRK,,_Z,,INVENTOR,,_Z,,_Z,,_T,,2019,,0,,A,,1,,0,
DATAFLOW,OECD.STI.PIE:DSD_PATENTS@DF_PATENTS_OECDSPECIFIC(1.0),,I,9P50_2,,A,,PF,,PATN_FM,,PRIORITY,,TTO,,_Z,,INVENTOR,,_Z,,_Z,,_T,,2019,,0,,A,,1,,0,
DATAFLOW,OECD.STI.PIE:DSD_PATENTS@DF_PATENTS_OECDSPECIFIC(1.0),,I,9P50_2,,A,,PF,,PATN_FM,,PRIORITY,,BIH,,_Z,,INVENTOR,,_Z,,_Z,,_T,,2019,,0,,A,,1,,0,
DATAFLOW,OECD.STI.PIE:DSD_PATENTS@DF_PATENTS_OECDSPECIFIC(1.0),,I,9P50_2,,A,,PF,,PATN_FM,,PRIORITY,,TTO,,_Z,,INVENTOR,,_Z,,_Z,,_T,,2020,,0,,A,,1,,0,
DATAFLOW,OECD.STI.PIE:DSD_PATENTS@DF_PATENTS_OECDSPECIFIC(1.0),,I,9P50_2,,A,,PF,,PATN_FM,,PRIORITY,,GTM,,_Z,,INVENTOR,,_Z,,_Z,,_T,,2020,,0,,A,,1,,0,
DATAFLOW,OECD.STI.PIE:DSD_PATENTS@DF_PATENTS_OECDSPECIFIC(1.0),,I,9P50_2,,A,,PF,,PATN_FM,,PRIORITY,,JAM,,_Z,,INVENTOR,,_Z,,_Z,,_T,,2020,,0,,A,,1,,0,
DATAFLOW,OECD.STI.PIE:DSD_PATENTS@DF_PATENTS_OECDSPECIFIC(1.0),,I,9P50_2,,A,,PF,,PATN_FM,,PRIORITY,,JOR,,_Z,,INVENTOR,,_Z,,_Z,,_T,,2020,,0,,A,,1,,0,
DATAFLOW,OECD.STI.PIE:DSD_PATENTS@DF_PATENTS_OECDSPECIFIC(1.0),,I,9P50_2,,A,,PF,,PATN_FM,,PRIORITY,,YUG_F,,_Z,,INVENTOR,,_Z,,_Z,,_T,,2020,,0,,A,,1,,0,
DATAFLOW,OECD.STI.PIE:DSD_PATENTS@DF_PATENTS_OECDSPECIFIC(1.0),,I,9P50_2,,A,,PF,,PATN_FM,,PRIORITY,,VEN,,_Z,,INVENTOR,,_Z,,_Z,,_T,,2020,,0,,A,,1,,0,
DATAFLOW,OECD.STI.PIE:DSD_PATENTS@DF_PATENTS_OECDSPECIFIC(1.0),,I,9P50_2,,A,,PF,,PATN_FM,,PRIORITY,,ECU,,_Z,,INVENTOR,,_Z,,_Z,,_T,,2020,,0,,A,,1,,0,
DATAFLOW,OECD.STI.PIE:DSD_PATENTS@DF_PATENTS_OECDSPECIFIC(1.0),,I,9P50_2,,A,,PF,,PATN_FM,,PRIORITY,,ZWE,,_Z,,INVENTOR,,_Z,,_Z,,_T,,2020,,0,,A,,1,,0,
DATAFLOW,OECD.STI.PIE:DSD_PATENTS@DF_PATENTS_OECDSPECIFIC(1.0),,I,9P50_2,,A,,PF,,PATN_FM,,PRIORITY,,MKD,,_Z,,INVENTOR,,_Z,,_Z,,_T,,2020,,0,,A,,1,,0,
DATAFLOW,OECD.STI.PIE:DSD_PATENTS@DF_PATENTS_OECDSPECIFIC(1.0),,I,9P50_2,,A,,PF,,PATN_FM,,PRIORITY,,PRI,,_Z,,INVENTOR,,_Z,,_Z,,_T,,2020,,0,,A,,1,,0,
DATAFLOW,OECD.STI.PIE:DSD_PATENTS@DF_PATENTS_OECDSPECIFIC(1.0),,I,9P50_2,,A,,PF,,PATN_FM,,PRIORITY,,PAK,,_Z,,INVENTOR,,_Z,,_Z,,_T,,2020,,0,,A,,1,,0,
DATAFLOW,OECD.STI.PIE:DSD_PATENTS@DF_PATENTS_OECDSPECIFIC(1.0),,I,9P50_2,,A,,PF,,PATN_FM,,PRIORITY,,SLV,,_Z,,INVENTOR,,_Z,,_Z,,_T,,2020,,0,,A,,1,,0,
DATAFLOW,OECD.STI.PIE:DSD_PATENTS@DF_PATENTS_OECDSPECIFIC(1.0),,I,9P50_2,,A,,PF,,PATN_FM,,PRIORITY,,UZB,,_Z,,INVENTOR,,_Z,,_Z,,_T,,2020,,0,,A,,1,,0,
DATAFLOW,OECD.STI.PIE:DSD_PATENTS@DF_PATENTS_OECDSPECIFIC(1.0),,I,9P50_2,,A,,PF,,PATN_FM,,PRIORITY,,DZA,,_Z,,INVENTOR,,_Z,,_Z,,_T,,2020,,0,,A,,1,,0,
DATAFLOW,OECD.STI.PIE:DSD_PATENTS@DF_PATENTS_OECDSPECIFIC(1.0),,I,9P50_2,,A,,PF,,PATN_FM,,PRIORITY,,DJI,,_Z,,INVENTOR,,_Z,,_Z,,_T,,2020,,0,,A,,1,,0,
DATAFLOW,OECD.STI.PIE:DSD_PATENTS@DF_PATENTS_OECDSPECIFIC(1.0),,I,9P50_2,,A,,PF,,PATN_FM,,PRIORITY,,NGA,,_Z,,INVENTOR,,_Z,,_Z,,_T,,2020,,0,,A,,1,,0,
DATAFLOW,OECD.STI.PIE:DSD_PATENTS@DF_PATENTS_OECDSPECIFIC(1.0),,I,9P50_2,,A,,PF,,PATN_FM,,PRIORITY,,URY,,_Z,,INVENTOR,,_Z,,_Z,,_T,,2021,,0,,A,,1,,0,
DATAFLOW,OECD.STI.PIE:DSD_PATENTS@DF_PATENTS_OECDSPECIFIC(1.0),,I,9P50_2,,A,,PF,,PATN_FM,,PRIORITY,,DJI,,_Z,,INVENTOR,,_Z,,_Z,,_T,,2021,,0,,A,,1,,0,
DATAFLOW,OECD.STI.PIE:DSD_PATENTS@DF_PATENTS_OECDSPECIFIC(1.0),,I,9P50_2,,A,,PF,,PATN_FM,,PRIORITY,,MDA,,_Z,,INVENTOR,,_Z,,_Z,,_T,,2021,,0,,A,,1,,0,
DATAFLOW,OECD.STI.PIE:DSD_PATENTS@DF_PATENTS_OECDSPECIFIC(1.0),,I,9P50_2,,A,,PF,,PATN_FM,,PRIORITY,,UZB,,_Z,,INVENTOR,,_Z,,_Z,,_T,,2021,,0,,A,,1,,0,
DATAFLOW,OECD.STI.PIE:DSD_PATENTS@DF_PATENTS_OECDSPECIFIC(1.0),,I,9P50_2,,A,,PF,,PATN_FM,,PRIORITY,,SLV,,_Z,,INVENTOR,,_Z,,_Z,,_T,,2021,,0,,A,,1,,0,
DATAFLOW,OECD.STI.PIE:DSD_PATENTS@DF_PATENTS_OECDSPECIFIC(1.0),,I,9P50_2,,A,,PF,,PATN_FM,,PRIORITY,,TUN,,_Z,,INVENTOR,,_Z,,_Z,,_T,,2021,,0,,A,,1,,0,
DATAFLOW,OECD.STI.PIE:DSD_PATENTS@DF_PATENTS_OECDSPECIFIC(1.0),,I,9P50_2,,A,,PF,,PATN_FM,,PRIORITY,,PRI,,_Z,,INVENTOR,,_Z,,_Z,,_T,,2021,,0,,A,,1,,0,
DATAFLOW,OECD.STI.PIE:DSD_PATENTS@DF_PATENTS_OECDSPECIFIC(1.0),,I,9P50_2,,A,,PF,,PATN_FM,,PRIORITY,,MNG,,_Z,,INVENTOR,,_Z,,_Z,,_T,,2021,,0,,A,,1,,0,
DATAFLOW,OECD.STI.PIE:DSD_PATENTS@DF_PATENTS_OECDSPECIFIC(1.0),,I,9P50_2,,A,,PF,,PATN_FM,,PRIORITY,,ZWE,,_Z,,INVENTOR,,_Z,,_Z,,_T,,2021,,0,,A,,1,,0,
DATAFLOW,OECD.STI.PIE:DSD_PATENTS@DF_PATENTS_OECDSPECIFIC(1.0),,I,9P50_2,,A,,PF,,PATN_FM,,PRIORITY,,ECU,,_Z,,INVENTOR,,_Z,,_Z,,_T,,2021,,0,,A,,1,,0,
DATAFLOW,OECD.STI.PIE:DSD_PATENTS@DF_PATENTS_OECDSPECIFIC(1.0),,I,9P50_2,,A,,PF,,PATN_FM,,PRIORITY,,YUG_F,,_Z,,INVENTOR,,_Z,,_Z,,_T,,2021,,0,,A,,1,,0,
DATAFLOW,OECD.STI.PIE:DSD_PATENTS@DF_PATENTS_OECDSPECIFIC(1.0),,I,9P50_2,,A,,PF,,PATN_FM,,PRIORITY,,JOR,,_Z,,INVENTOR,,_Z,,_Z,,_T,,2021,,0,,A,,1,,0,
DATAFLOW,OECD.STI.PIE:DSD_PATENTS@DF_PATENTS_OECDSPECIFIC(1.0),,I,9P50_2,,A,,PF,,PATN_FM,,PRIORITY,,GTM,,_Z,,INVENTOR,,_Z,,_Z,,_T,,2021,,0,,A,,1,,0,
DATAFLOW,OECD.STI.PIE:DSD_PATENTS@DF_PATENTS_OECDSPECIFIC(1.0),,I,9P50_2,,A,,PF,,PATN_FM,,PRIORITY,,TTO,,_Z,,INVENTOR,,_Z,,_Z,,_T,,2021,,0,,A,,1,,0,
DATAFLOW,OECD.STI.PIE:DSD_PATENTS@DF_PATENTS_OECDSPECIFIC(1.0),,I,9P50_2,,A,,PF,,PATN_FM,,PRIORITY,,BIH,,_Z,,INVENTOR,,_Z,,_Z,,_T,,2022,,0,,A,,1,,0,
DATAFLOW,OECD.STI.PIE:DSD_PATENTS@DF_PATENTS_OECDSPECIFIC(1.0),,I,9P50_2,,A,,PF,,PATN_FM,,PRIORITY,,TTO,,_Z,,INVENTOR,,_Z,,_Z,,_T,,2022,,0,,A,,1,,0,
DATAFLOW,OECD.STI.PIE:DSD_PATENTS@DF_PATENTS_OECDSPECIFIC(1.0),,I,9P50_2,,A,,PF,,PATN_FM,,PRIORITY,,KEN,,_Z,,INVENTOR,,_Z,,_Z,,_T,,2022,,0,,A,,1,,0,
DATAFLOW,OECD.STI.PIE:DSD_PATENTS@DF_PATENTS_OECDSPECIFIC(1.0),,I,9P50_2,,A,,PF,,PATN_FM,,PRIORITY,,GEO,,_Z,,INVENTOR,,_Z,,_Z,,_T,,2022,,0,,A,,1,,0,
DATAFLOW,OECD.STI.PIE:DSD_PATENTS@DF_PATENTS_OECDSPECIFIC(1.0),,I,9P50_2,,A,,PF,,PATN_FM,,PRIORITY,,LBN,,_Z,,INVENTOR,,_Z,,_Z,,_T,,2022,,0,,A,,1,,0,
DATAFLOW,OECD.STI.PIE:DSD_PATENTS@DF_PATENTS_OECDSPECIFIC(1.0),,I,9P50_2,,A,,PF,,PATN_FM,,PRIORITY,,GTM,,_Z,,INVENTOR,,_Z,,_Z,,_T,,2022,,0,,A,,1,,0,
DATAFLOW,OECD.STI.PIE:DSD_PATENTS@DF_PATENTS_OECDSPECIFIC(1.0),,I,9P50_2,,A,,PF,,PATN_FM,,PRIORITY,,JAM,,_Z,,INVENTOR,,_Z,,_Z,,_T,,2022,,0,,A,,1,,0,
DATAFLOW,OECD.STI.PIE:DSD_PATENTS@DF_PATENTS_OECDSPECIFIC(1.0),,I,9P50_2,,A,,PF,,PATN_FM,,PRIORITY,,JOR,,_Z,,INVENTOR,,_Z,,_Z,,_T,,2022,,0,,A,,1,,0,
DATAFLOW,OECD.STI.PIE:DSD_PATENTS@DF_PATENTS_OECDSPECIFIC(1.0),,I,9P50_2,,A,,PF,,PATN_FM,,PRIORITY,,YUG_F,,_Z,,INVENTOR,,_Z,,_Z,,_T,,2022,,0,,A,,1,,0,
DATAFLOW,OECD.STI.PIE:DSD_PATENTS@DF_PATENTS_OECDSPECIFIC(1.0),,I,9P50_2,,A,,PF,,PATN_FM,,PRIORITY,,MLT,,_Z,,INVENTOR,,_Z,,_Z,,_T,,2022,,0,,A,,1,,0,
DATAFLOW,OECD.STI.PIE:DSD_PATENTS@DF_PATENTS_OECDSPECIFIC(1.0),,I,9P50_2,,A,,PF,,PATN_FM,,PRIORITY,,VEN,,_Z,,INVENTOR,,_Z,,_Z,,_T,,2022,,0,,A,,1,,0,
DATAFLOW,OECD.STI.PIE:DSD_PATENTS@DF_PATENTS_OECDSPECIFIC(1.0),,I,9P50_2,,A,,PF,,PATN_FM,,PRIORITY,,ECU,,_Z,,INVENTOR,,_Z,,_Z,,_T,,2022,,0,,A,,1,,0,
DATAFLOW,OECD.STI.PIE:DSD_PATENTS@DF_PATENTS_OECDSPECIFIC(1.0),,I,9P50_2,,A,,PF,,PATN_FM,,PRIORITY,,ZWE,,_Z,,INVENTOR,,_Z,,_Z,,_T,,2022,,0,,A,,1,,0,
DATAFLOW,OECD.STI.PIE:DSD_PATENTS@DF_PATENTS_OECDSPECIFIC(1.0),,I,9P50_2,,A,,PF,,PATN_FM,,PRIORITY,,LKA,,_Z,,INVENTOR,,_Z,,_Z,,_T,,2022,,0,,A,,1,,0,
DATAFLOW,OECD.STI.PIE:DSD_PATENTS@DF_PATENTS_OECDSPECIFIC(1.0),,I,9P50_2,,A,,PF,,PATN_FM,,PRIORITY,,MNG,,_Z,,INVENTOR,,_Z,,_Z,,_T,,2022,,0,,A,,1,,0,
DATAFLOW,OECD.STI.PIE:DSD_PATENTS@DF_PATENTS_OECDSPECIFIC(1.0),,I,9P50_2,,A,,PF,,PATN_FM,,PRIORITY,,MKD,,_Z,,INVENTOR,,_Z,,_Z,,_T,,2022,,0,,A,,1,,0,
DATAFLOW,OECD.STI.PIE:DSD_PATENTS@DF_PATENTS_OECDSPECIFIC(1.0),,I,9P50_2,,A,,PF,,PATN_FM,,PRIORITY,,TUN,,_Z,,INVENTOR,,_Z,,_Z,,_T,,2022,,0,,A,,1,,0,
DATAFLOW,OECD.STI.PIE:DSD_PATENTS@DF_PATENTS_OECDSPECIFIC(1.0),,I,9P50_2,,A,,PF,,PATN_FM,,PRIORITY,,SYC,,_Z,,INVENTOR,,_Z,,_Z,,_T,,2022,,0,,A,,1,,0,
DATAFLOW,OECD.STI.PIE:DSD_PATENTS@DF_PATENTS_OECDSPECIFIC(1.0),,I,9P50_2,,A,,PF,,PATN_FM,,PRIORITY,,PAK,,_Z,,INVENTOR,,_Z,,_Z,,_T,,2022,,0,,A,,1,,0,
DATAFLOW,OECD.STI.PIE:DSD_PATENTS@DF_PATENTS_OECDSPECIFIC(1.0),,I,9P50_2,,A,,PF,,PATN_FM,,PRIORITY,,SLV,,_Z,,INVENTOR,,_Z,,_Z,,_T,,2022,,0,,A,,1,,0,
DATAFLOW,OECD.STI.PIE:DSD_PATENTS@DF_PATENTS_OECDSPECIFIC(1.0),,I,9P50_2,,A,,PF,,PATN_FM,,PRIORITY,,BLR,,_Z,,INVENTOR,,_Z,,_Z,,_T,,2022,,0,,A,,1,,0,
DATAFLOW,OECD.STI.PIE:DSD_PATENTS@DF_PATENTS_OECDSPECIFIC(1.0),,I,9P50_2,,A,,PF,,PATN_FM,,PRIORITY,,UZB,,_Z,,INVENTOR,,_Z,,_Z,,_T,,2022,,0,,A,,1,,0,
DATAFLOW,OECD.STI.PIE:DSD_PATENTS@DF_PATENTS_OECDSPECIFIC(1.0),,I,9P50_2,,A,,PF,,PATN_FM,,PRIORITY,,MDA,,_Z,,INVENTOR,,_Z,,_Z,,_T,,2022,,0,,A,,1,,0,
DATAFLOW,OECD.STI.PIE:DSD_PATENTS@DF_PATENTS_OECDSPECIFIC(1.0),,I,9P50_2,,A,,PF,,PATN_FM,,PRIORITY,,KWT,,_Z,,INVENTOR,,_Z,,_Z,,_T,,2022,,0,,A,,1,,0,
DATAFLOW,OECD.STI.PIE:DSD_PATENTS@DF_PATENTS_OECDSPECIFIC(1.0),,I,9P50_2,,A,,PF,,PATN_FM,,PRIORITY,,DZA,,_Z,,INVENTOR,,_Z,,_Z,,_T,,2022,,0,,A,,1,,0,
DATAFLOW,OECD.STI.PIE:DSD_PATENTS@DF_PATENTS_OECDSPECIFIC(1.0),,I,9P50_2,,A,,PF,,PATN_FM,,PRIORITY,,AND,,_Z,,INVENTOR,,_Z,,_Z,,_T,,2022,,0,,A,,1,,0,
DATAFLOW,OECD.STI.PIE:DSD_PATENTS@DF_PATENTS_OECDSPECIFIC(1.0),,I,9P50_2,,A,,PF,,PATN_FM,,PRIORITY,,PAN,,_Z,,INVENTOR,,_Z,,_Z,,_T,,2022,,0,,A,,1,,0,
DATAFLOW,OECD.STI.PIE:DSD_PATENTS@DF_PATENTS_OECDSPECIFIC(1.0),,I,9P50_2,,A,,PF,,PATN_FM,,PRIORITY,,DJI,,_Z,,INVENTOR,,_Z,,_Z,,_T,,2022,,0,,A,,1,,0,
DATAFLOW,OECD.STI.PIE:DSD_PATENTS@DF_PATENTS_OECDSPECIFIC(1.0),,I,9P50_2,,A,,PF,,PATN_FM,,PRIORITY,,CYM,,_Z,,INVENTOR,,_Z,,_Z,,_T,,2022,,0,,A,,1,,0,
DATAFLOW,OECD.STI.PIE:DSD_PATENTS@DF_PATENTS_OECDSPECIFIC(1.0),,I,9P50_2,,A,,PF,,PATN_FM,,PRIORITY,,NGA,,_Z,,INVENTOR,,_Z,,_Z,,_T,,2022,,0,,A,,1,,0,
DATAFLOW,OECD.STI.PIE:DSD_PATENTS@DF_PATENTS_OECDSPECIFIC(1.0),,I,US50,,A,,GR,,PATN,,PRIORITY,,SLV,,_Z,,INVENTOR,,_Z,,_Z,,_T,,2018,,0,,A,,1,,0,
DATAFLOW,OECD.STI.PIE:DSD_PATENTS@DF_PATENTS_OECDSPECIFIC(1.0),,I,US50,,A,,GR,,PATN,,PRIORITY,,YUG_F,,_Z,,INVENTOR,,_Z,,_Z,,_T,,2018,,0,,A,,1,,0,
DATAFLOW,OECD.STI.PIE:DSD_PATENTS@DF_PATENTS_OECDSPECIFIC(1.0),,I,US50,,A,,GR,,PATN,,PRIORITY,,ZWE,,_Z,,INVENTOR,,_Z,,_Z,,_T,,2018,,0,,A,,1,,0,
DATAFLOW,OECD.STI.PIE:DSD_PATENTS@DF_PATENTS_OECDSPECIFIC(1.0),,I,US50,,A,,GR,,PATN,,PRIORITY,,PRI,,_Z,,INVENTOR,,_Z,,_Z,,_T,,2018,,0,,A,,1,,0,
DATAFLOW,OECD.STI.PIE:DSD_PATENTS@DF_PATENTS_OECDSPECIFIC(1.0),,I,US50,,A,,GR,,PATN,,PRIORITY,,JAM,,_Z,,INVENTOR,,_Z,,_Z,,_T,,2019,,0,,A,,1,,0,
DATAFLOW,OECD.STI.PIE:DSD_PATENTS@DF_PATENTS_OECDSPECIFIC(1.0),,I,US50,,A,,GR,,PATN,,PRIORITY,,CUB,,_Z,,INVENTOR,,_Z,,_Z,,_T,,2019,,0,,A,,1,,0,
DATAFLOW,OECD.STI.PIE:DSD_PATENTS@DF_PATENTS_OECDSPECIFIC(1.0),,I,US50,,A,,GR,,PATN,,PRIORITY,,DJI,,_Z,,INVENTOR,,_Z,,_Z,,_T,,2019,,0,,A,,1,,0,
DATAFLOW,OECD.STI.PIE:DSD_PATENTS@DF_PATENTS_OECDSPECIFIC(1.0),,I,US50,,A,,GR,,PATN,,PRIORITY,,PRI,,_Z,,INVENTOR,,_Z,,_Z,,_T,,2019,,0,,A,,1,,0,
DATAFLOW,OECD.STI.PIE:DSD_PATENTS@DF_PATENTS_OECDSPECIFIC(1.0),,I,US50,,A,,GR,,PATN,,PRIORITY,,ZWE,,_Z,,INVENTOR,,_Z,,_Z,,_T,,2019,,0,,A,,1,,0,
DATAFLOW,OECD.STI.PIE:DSD_PATENTS@DF_PATENTS_OECDSPECIFIC(1.0),,I,US50,,A,,GR,,PATN,,PRIORITY,,TTO,,_Z,,INVENTOR,,_Z,,_Z,,_T,,2019,,0,,A,,1,,0,
DATAFLOW,OECD.STI.PIE:DSD_PATENTS@DF_PATENTS_OECDSPECIFIC(1.0),,I,US50,,A,,GR,,PATN,,PRIORITY,,YUG_F,,_Z,,INVENTOR,,_Z,,_Z,,_T,,2019,,0,,A,,1,,0,
DATAFLOW,OECD.STI.PIE:DSD_PATENTS@DF_PATENTS_OECDSPECIFIC(1.0),,I,US50,,A,,GR,,PATN,,PRIORITY,,SLV,,_Z,,INVENTOR,,_Z,,_Z,,_T,,2020,,0,,A,,1,,0,
DATAFLOW,OECD.STI.PIE:DSD_PATENTS@DF_PATENTS_OECDSPECIFIC(1.0),,I,US50,,A,,GR,,PATN,,PRIORITY,,MKD,,_Z,,INVENTOR,,_Z,,_Z,,_T,,2020,,0,,A,,1,,0,
DATAFLOW,OECD.STI.PIE:DSD_PATENTS@DF_PATENTS_OECDSPECIFIC(1.0),,I,US50,,A,,GR,,PATN,,PRIORITY,,TTO,,_Z,,INVENTOR,,_Z,,_Z,,_T,,2020,,0,,A,,1,,0,
DATAFLOW,OECD.STI.PIE:DSD_PATENTS@DF_PATENTS_OECDSPECIFIC(1.0),,I,US50,,A,,GR,,PATN,,PRIORITY,,ZWE,,_Z,,INVENTOR,,_Z,,_Z,,_T,,2020,,0,,A,,1,,0,
DATAFLOW,OECD.STI.PIE:DSD_PATENTS@DF_PATENTS_OECDSPECIFIC(1.0),,I,US50,,A,,GR,,PATN,,PRIORITY,,DJI,,_Z,,INVENTOR,,_Z,,_Z,,_T,,2020,,0,,A,,1,,0,
DATAFLOW,OECD.STI.PIE:DSD_PATENTS@DF_PATENTS_OECDSPECIFIC(1.0),,I,US50,,A,,GR,,PATN,,PRIORITY,,CUB,,_Z,,INVENTOR,,_Z,,_Z,,_T,,2020,,0,,A,,1,,0,
DATAFLOW,OECD.STI.PIE:DSD_PATENTS@DF_PATENTS_OECDSPECIFIC(1.0),,I,US50,,A,,GR,,PATN,,PRIORITY,,NGA,,_Z,,INVENTOR,,_Z,,_Z,,_T,,2021,,0,,A,,1,,0,
DATAFLOW,OECD.STI.PIE:DSD_PATENTS@DF_PATENTS_OECDSPECIFIC(1.0),,I,US50,,A,,GR,,PATN,,PRIORITY,,CUB,,_Z,,INVENTOR,,_Z,,_Z,,_T,,2021,,0,,A,,1,,0,
DATAFLOW,OECD.STI.PIE:DSD_PATENTS@DF_PATENTS_OECDSPECIFIC(1.0),,I,US50,,A,,GR,,PATN,,PRIORITY,,DJI,,_Z,,INVENTOR,,_Z,,_Z,,_T,,2021,,0,,A,,1,,0,
DATAFLOW,OECD.STI.PIE:DSD_PATENTS@DF_PATENTS_OECDSPECIFIC(1.0),,I,US50,,A,,GR,,PATN,,PRIORITY,,UZB,,_Z,,INVENTOR,,_Z,,_Z,,_T,,2021,,0,,A,,1,,0,
DATAFLOW,OECD.STI.PIE:DSD_PATENTS@DF_PATENTS_OECDSPECIFIC(1.0),,I,US50,,A,,GR,,PATN,,PRIORITY,,PRI,,_Z,,INVENTOR,,_Z,,_Z,,_T,,2021,,0,,A,,1,,0,
DATAFLOW,OECD.STI.PIE:DSD_PATENTS@DF_PATENTS_OECDSPECIFIC(1.0),,I,US50,,A,,GR,,PATN,,PRIORITY,,ZWE,,_Z,,INVENTOR,,_Z,,_Z,,_T,,2021,,0,,A,,1,,0,
DATAFLOW,OECD.STI.PIE:DSD_PATENTS@DF_PATENTS_OECDSPECIFIC(1.0),,I,US50,,A,,GR,,PATN,,PRIORITY,,TTO,,_Z,,INVENTOR,,_Z,,_Z,,_T,,2021,,0,,A,,1,,0,
DATAFLOW,OECD.STI.PIE:DSD_PATENTS@DF_PATENTS_OECDSPECIFIC(1.0),,I,US50,,A,,GR,,PATN,,PRIORITY,,YUG_F,,_Z,,INVENTOR,,_Z,,_Z,,_T,,2021,,0,,A,,1,,0,
DATAFLOW,OECD.STI.PIE:DSD_PATENTS@DF_PATENTS_OECDSPECIFIC(1.0),,I,US50,,A,,GR,,PATN,,PRIORITY,,MNG,,_Z,,INVENTOR,,_Z,,_Z,,_T,,2021,,0,,A,,1,,0,
DATAFLOW,OECD.STI.PIE:DSD_PATENTS@DF_PATENTS_OECDSPECIFIC(1.0),,I,US50,,A,,GR,,PATN,,PRIORITY,,SLV,,_Z,,INVENTOR,,_Z,,_Z,,_T,,2021,,0,,A,,1,,0,
DATAFLOW,OECD.STI.PIE:DSD_PATENTS@DF_PATENTS_OECDSPECIFIC(1.0),,I,US50,,A,,AP,,PATN,,PRIORITY,,ZWE,,_Z,,INVENTOR,,_Z,,_Z,,_T,,2022,,0,,A,,1,,0,
DATAFLOW,OECD.STI.PIE:DSD_PATENTS@DF_PATENTS_OECDSPECIFIC(1.0),,I,US50,,A,,AP,,PATN,,PRIORITY,,DJI,,_Z,,INVENTOR,,_Z,,_Z,,_T,,2022,,0,,A,,1,,0,
DATAFLOW,OECD.STI.PIE:DSD_PATENTS@DF_PATENTS_OECDSPECIFIC(1.0),,I,US50,,A,,AP,,PATN,,PRIORITY,,YUG_F,,_Z,,INVENTOR,,_Z,,_Z,,_T,,2022,,0,,A,,1,,0,
DATAFLOW,OECD.STI.PIE:DSD_PATENTS@DF_PATENTS_OECDSPECIFIC(1.0),,I,US50,,A,,AP,,PATN,,PRIORITY,,SLV,,_Z,,INVENTOR,,_Z,,_Z,,_T,,2022,,0,,A,,1,,0,
DATAFLOW,OECD.STI.PIE:DSD_PATENTS@DF_PATENTS_OECDSPECIFIC(1.0),,I,US50,,A,,AP,,PATN,,PRIORITY,,SLV,,_Z,,INVENTOR,,_Z,,_Z,,_T,,2021,,0,,A,,1,,0,
DATAFLOW,OECD.STI.PIE:DSD_PATENTS@DF_PATENTS_OECDSPECIFIC(1.0),,I,US50,,A,,AP,,PATN,,PRIORITY,,PRI,,_Z,,INVENTOR,,_Z,,_Z,,_T,,2021,,0,,A,,1,,0,
DATAFLOW,OECD.STI.PIE:DSD_PATENTS@DF_PATENTS_OECDSPECIFIC(1.0),,I,US50,,A,,AP,,PATN,,PRIORITY,,YUG_F,,_Z,,INVENTOR,,_Z,,_Z,,_T,,2021,,0,,A,,1,,0,
DATAFLOW,OECD.STI.PIE:DSD_PATENTS@DF_PATENTS_OECDSPECIFIC(1.0),,I,US50,,A,,AP,,PATN,,PRIORITY,,DJI,,_Z,,INVENTOR,,_Z,,_Z,,_T,,2021,,0,,A,,1,,0,
DATAFLOW,OECD.STI.PIE:DSD_PATENTS@DF_PATENTS_OECDSPECIFIC(1.0),,I,US50,,A,,AP,,PATN,,PRIORITY,,ZWE,,_Z,,INVENTOR,,_Z,,_Z,,_T,,2021,,0,,A,,1,,0,
DATAFLOW,OECD.STI.PIE:DSD_PATENTS@DF_PATENTS_OECDSPECIFIC(1.0),,I,US50,,A,,AP,,PATN,,PRIORITY,,YUG_F,,_Z,,INVENTOR,,_Z,,_Z,,_T,,2018,,0,,A,,1,,0,
DATAFLOW,OECD.STI.PIE:DSD_PATENTS@DF_PATENTS_OECDSPECIFIC(1.0),,I,US50,,A,,AP,,PATN,,PRIORITY,,SLV,,_Z,,INVENTOR,,_Z,,_Z,,_T,,2018,,0,,A,,1,,0,
DATAFLOW,OECD.STI.PIE:DSD_PATENTS@DF_PATENTS_OECDSPECIFIC(1.0),,I,US50,,A,,AP,,PATN,,PRIORITY,,JAM,,_Z,,INVENTOR,,_Z,,_Z,,_T,,2019,,0,,A,,1,,0,
DATAFLOW,OECD.STI.PIE:DSD_PATENTS@DF_PATENTS_OECDSPECIFIC(1.0),,I,US50,,A,,AP,,PATN,,PRIORITY,,TTO,,_Z,,INVENTOR,,_Z,,_Z,,_T,,2019,,0,,A,,1,,0,
DATAFLOW,OECD.STI.PIE:DSD_PATENTS@DF_PATENTS_OECDSPECIFIC(1.0),,I,US50,,A,,AP,,PATN,,PRIORITY,,YUG_F,,_Z,,INVENTOR,,_Z,,_Z,,_T,,2019,,0,,A,,1,,0,
DATAFLOW,OECD.STI.PIE:DSD_PATENTS@DF_PATENTS_OECDSPECIFIC(1.0),,I,US50,,A,,AP,,PATN,,PRIORITY,,DJI,,_Z,,INVENTOR,,_Z,,_Z,,_T,,2019,,0,,A,,1,,0,
DATAFLOW,OECD.STI.PIE:DSD_PATENTS@DF_PATENTS_OECDSPECIFIC(1.0),,I,US50,,A,,AP,,PATN,,PRIORITY,,ZWE,,_Z,,INVENTOR,,_Z,,_Z,,_T,,2020,,0,,A,,1,,0,
DATAFLOW,OECD.STI.PIE:DSD_PATENTS@DF_PATENTS_OECDSPECIFIC(1.0),,I,US50,,A,,AP,,PATN,,PRIORITY,,DJI,,_Z,,INVENTOR,,_Z,,_Z,,_T,,2020,,0,,A,,1,,0,
DATAFLOW,OECD.STI.PIE:DSD_PATENTS@DF_PATENTS_OECDSPECIFIC(1.0),,I,US50,,A,,AP,,PATN,,PRIORITY,,YUG_F,,_Z,,INVENTOR,,_Z,,_Z,,_T,,2020,,0,,A,,1,,0,
DATAFLOW,OECD.STI.PIE:DSD_PATENTS@DF_PATENTS_OECDSPECIFIC(1.0),,I,9P50_2,,A,,PF,,PATN_FM,,PRIORITY,,NLD,,_Z,,INVENTOR,,_Z,,_Z,,_T,,2018,,896.77283,,A,,1,,0,
DATAFLOW,OECD.STI.PIE:DSD_PATENTS@DF_PATENTS_OECDSPECIFIC(1.0),,I,9P50_2,,A,,PF,,PATN_FM,,PRIORITY,,W,,_Z,,INVENTOR,,_Z,,_Z,,_T,,2018,,57161,,A,,1,,0,
DATAFLOW,OECD.STI.PIE:DSD_PATENTS@DF_PATENTS_OECDSPECIFIC(1.0),,I,9P50_2,,A,,PF,,PATN_FM,,PRIORITY,,PRK,,_Z,,INVENTOR,,_Z,,_Z,,_T,,2018,,0.75,,A,,1,,0,
DATAFLOW,OECD.STI.PIE:DSD_PATENTS@DF_PATENTS_OECDSPECIFIC(1.0),,I,9P50_2,,A,,PF,,PATN_FM,,PRIORITY,,SWE,,_Z,,INVENTOR,,_Z,,_Z,,_T,,2018,,798.33063,,A,,1,,0,
DATAFLOW,OECD.STI.PIE:DSD_PATENTS@DF_PATENTS_OECDSPECIFIC(1.0),,I,9P50_2,,A,,PF,,PATN_FM,,PRIORITY,,HUN,,_Z,,INVENTOR,,_Z,,_Z,,_T,,2018,,59.925301,,A,,1,,0,
DATAFLOW,OECD.STI.PIE:DSD_PATENTS@DF_PATENTS_OECDSPECIFIC(1.0),,I,9P50_2,,A,,PF,,PATN_FM,,PRIORITY,,ISR,,_Z,,INVENTOR,,_Z,,_Z,,_T,,2018,,604.73499,,A,,1,,0,
DATAFLOW,OECD.STI.PIE:DSD_PATENTS@DF_PATENTS_OECDSPECIFIC(1.0),,I,9P50_2,,A,,PF,,PATN_FM,,PRIORITY,,KEN,,_Z,,INVENTOR,,_Z,,_Z,,_T,,2018,,0.28569999,,A,,1,,0,
DATAFLOW,OECD.STI.PIE:DSD_PATENTS@DF_PATENTS_OECDSPECIFIC(1.0),,I,9P50_2,,A,,PF,,PATN_FM,,PRIORITY,,GEO,,_Z,,INVENTOR,,_Z,,_Z,,_T,,2018,,2.3543999,,A,,1,,0,
DATAFLOW,OECD.STI.PIE:DSD_PATENTS@DF_PATENTS_OECDSPECIFIC(1.0),,I,9P50_2,,A,,PF,,PATN_FM,,PRIORITY,,BEL,,_Z,,INVENTOR,,_Z,,_Z,,_T,,2018,,407.47629,,A,,1,,0,
DATAFLOW,OECD.STI.PIE:DSD_PATENTS@DF_PATENTS_OECDSPECIFIC(1.0),,I,9P50_2,,A,,PF,,PATN_FM,,PRIORITY,,GRC,,_Z,,INVENTOR,,_Z,,_Z,,_T,,2018,,14.6333,,A,,1,,0,
DATAFLOW,OECD.STI.PIE:DSD_PATENTS@DF_PATENTS_OECDSPECIFIC(1.0),,I,9P50_2,,A,,PF,,PATN_FM,,PRIORITY,,IRN,,_Z,,INVENTOR,,_Z,,_Z,,_T,,2018,,0.91670001,,A,,1,,0,
DATAFLOW,OECD.STI.PIE:DSD_PATENTS@DF_PATENTS_OECDSPECIFIC(1.0),,I,9P50_2,,A,,PF,,PATN_FM,,PRIORITY,,ARM,,_Z,,INVENTOR,,_Z,,_Z,,_T,,2018,,1.0684,,A,,1,,0,
DATAFLOW,OECD.STI.PIE:DSD_PATENTS@DF_PATENTS_OECDSPECIFIC(1.0),,I,9P50_2,,A,,PF,,PATN_FM,,PRIORITY,,PHL,,_Z,,INVENTOR,,_Z,,_Z,,_T,,2018,,6.2024002,,A,,1,,0,
DATAFLOW,OECD.STI.PIE:DSD_PATENTS@DF_PATENTS_OECDSPECIFIC(1.0),,I,9P50_2,,A,,PF,,PATN_FM,,PRIORITY,,ESP,,_Z,,INVENTOR,,_Z,,_Z,,_T,,2018,,297.71399,,A,,1,,0,
DATAFLOW,OECD.STI.PIE:DSD_PATENTS@DF_PATENTS_OECDSPECIFIC(1.0),,I,9P50_2,,A,,PF,,PATN_FM,,PRIORITY,,AUS,,_Z,,INVENTOR,,_Z,,_Z,,_T,,2018,,414.9032,,A,,1,,0,
DATAFLOW,OECD.STI.PIE:DSD_PATENTS@DF_PATENTS_OECDSPECIFIC(1.0),,I,9P50_2,,A,,PF,,PATN_FM,,PRIORITY,,UKR,,_Z,,INVENTOR,,_Z,,_Z,,_T,,2018,,3.5028,,A,,1,,0,
DATAFLOW,OECD.STI.PIE:DSD_PATENTS@DF_PATENTS_OECDSPECIFIC(1.0),,I,9P50_2,,A,,PF,,PATN_FM,,PRIORITY,,DEU,,_Z,,INVENTOR,,_Z,,_Z,,_T,,2018,,4198.8428,,A,,1,,0,
DATAFLOW,OECD.STI.PIE:DSD_PATENTS@DF_PATENTS_OECDSPECIFIC(1.0),,I,9P50_2,,A,,PF,,PATN_FM,,PRIORITY,,LTU,,_Z,,INVENTOR,,_Z,,_Z,,_T,,2018,,9.7610998,,A,,1,,0,
DATAFLOW,OECD.STI.PIE:DSD_PATENTS@DF_PATENTS_OECDSPECIFIC(1.0),,I,9P50_2,,A,,PF,,PATN_FM,,PRIORITY,,DNK,,_Z,,INVENTOR,,_Z,,_Z,,_T,,2018,,325.82919,,A,,1,,0,
DATAFLOW,OECD.STI.PIE:DSD_PATENTS@DF_PATENTS_OECDSPECIFIC(1.0),,I,9P50_2,,A,,PF,,PATN_FM,,PRIORITY,,MAR,,_Z,,INVENTOR,,_Z,,_Z,,_T,,2018,,1.4333,,A,,1,,0,
DATAFLOW,OECD.STI.PIE:DSD_PATENTS@DF_PATENTS_OECDSPECIFIC(1.0),,I,9P50_2,,A,,PF,,PATN_FM,,PRIORITY,,BMU,,_Z,,INVENTOR,,_Z,,_Z,,_T,,2018,,0.5,,A,,1,,0,
DATAFLOW,OECD.STI.PIE:DSD_PATENTS@DF_PATENTS_OECDSPECIFIC(1.0),,I,9P50_2,,A,,PF,,PATN_FM,,PRIORITY,,CHL,,_Z,,INVENTOR,,_Z,,_Z,,_T,,2018,,11.4069,,A,,1,,0,
DATAFLOW,OECD.STI.PIE:DSD_PATENTS@DF_PATENTS_OECDSPECIFIC(1.0),,I,9P50_2,,A,,PF,,PATN_FM,,PRIORITY,,THA,,_Z,,INVENTOR,,_Z,,_Z,,_T,,2018,,22.9928,,A,,1,,0,
DATAFLOW,OECD.STI.PIE:DSD_PATENTS@DF_PATENTS_OECDSPECIFIC(1.0),,I,9P50_2,,A,,PF,,PATN_FM,,PRIORITY,,ITA,,_Z,,INVENTOR,,_Z,,_Z,,_T,,2018,,830.23059,,A,,1,,0,
DATAFLOW,OECD.STI.PIE:DSD_PATENTS@DF_PATENTS_OECDSPECIFIC(1.0),,I,9P50_2,,A,,PF,,PATN_FM,,PRIORITY,,MYS,,_Z,,INVENTOR,,_Z,,_Z,,_T,,2018,,16.6537,,A,,1,,0,
DATAFLOW,OECD.STI.PIE:DSD_PATENTS@DF_PATENTS_OECDSPECIFIC(1.0),,I,9P50_2,,A,,PF,,PATN_FM,,PRIORITY,,MLT,,_Z,,INVENTOR,,_Z,,_Z,,_T,,2018,,2.5,,A,,1,,0,
DATAFLOW,OECD.STI.PIE:DSD_PATENTS@DF_PATENTS_OECDSPECIFIC(1.0),,I,9P50_2,,A,,PF,,PATN_FM,,PRIORITY,,ECU,,_Z,,INVENTOR,,_Z,,_Z,,_T,,2018,,0.375,,A,,1,,0,
DATAFLOW,OECD.STI.PIE:DSD_PATENTS@DF_PATENTS_OECDSPECIFIC(1.0),,I,9P50_2,,A,,PF,,PATN_FM,,PRIORITY,,AUT,,_Z,,INVENTOR,,_Z,,_Z,,_T,,2018,,372.6947,,A,,1,,0,
DATAFLOW,OECD.STI.PIE:DSD_PATENTS@DF_PATENTS_OECDSPECIFIC(1.0),,I,9P50_2,,A,,PF,,PATN_FM,,PRIORITY,,GBR,,_Z,,INVENTOR,,_Z,,_Z,,_T,,2018,,1747.1685,,A,,1,,0,
DATAFLOW,OECD.STI.PIE:DSD_PATENTS@DF_PATENTS_OECDSPECIFIC(1.0),,I,9P50_2,,A,,PF,,PATN_FM,,PRIORITY,,IRL,,_Z,,INVENTOR,,_Z,,_Z,,_T,,2018,,116.2632,,A,,1,,0,
DATAFLOW,OECD.STI.PIE:DSD_PATENTS@DF_PATENTS_OECDSPECIFIC(1.0),,I,9P50_2,,A,,PF,,PATN_FM,,PRIORITY,,ZAF,,_Z,,INVENTOR,,_Z,,_Z,,_T,,2018,,11.914,,A,,1,,0,
DATAFLOW,OECD.STI.PIE:DSD_PATENTS@DF_PATENTS_OECDSPECIFIC(1.0),,I,9P50_2,,A,,PF,,PATN_FM,,PRIORITY,,USA,,_Z,,INVENTOR,,_Z,,_Z,,_T,,2018,,13775.96,,A,,1,,0,
DATAFLOW,OECD.STI.PIE:DSD_PATENTS@DF_PATENTS_OECDSPECIFIC(1.0),,I,9P50_2,,A,,PF,,PATN_FM,,PRIORITY,,SAU,,_Z,,INVENTOR,,_Z,,_Z,,_T,,2018,,79.008301,,A,,1,,0,
DATAFLOW,OECD.STI.PIE:DSD_PATENTS@DF_PATENTS_OECDSPECIFIC(1.0),,I,9P50_2,,A,,PF,,PATN_FM,,PRIORITY,,ARG,,_Z,,INVENTOR,,_Z,,_Z,,_T,,2018,,16.131201,,A,,1,,0,
DATAFLOW,OECD.STI.PIE:DSD_PATENTS@DF_PATENTS_OECDSPECIFIC(1.0),,I,9P50_2,,A,,PF,,PATN_FM,,PRIORITY,,OECD,,_Z,,INVENTOR,,_Z,,_Z,,_T,,2018,,50656.324,,A,,1,,0,
DATAFLOW,OECD.STI.PIE:DSD_PATENTS@DF_PATENTS_OECDSPECIFIC(1.0),,I,9P50_2,,A,,PF,,PATN_FM,,PRIORITY,,LVA,,_Z,,INVENTOR,,_Z,,_Z,,_T,,2018,,8,,A,,1,,0,
DATAFLOW,OECD.STI.PIE:DSD_PATENTS@DF_PATENTS_OECDSPECIFIC(1.0),,I,9P50_2,,A,,PF,,PATN_FM,,PRIORITY,,LKA,,_Z,,INVENTOR,,_Z,,_Z,,_T,,2018,,2.0595,,A,,1,,0,
DATAFLOW,OECD.STI.PIE:DSD_PATENTS@DF_PATENTS_OECDSPECIFIC(1.0),,I,9P50_2,,A,,PF,,PATN_FM,,PRIORITY,,JPN,,_Z,,INVENTOR,,_Z,,_Z,,_T,,2018,,17827.031,,A,,1,,0,
DATAFLOW,OECD.STI.PIE:DSD_PATENTS@DF_PATENTS_OECDSPECIFIC(1.0),,I,9P50_2,,A,,PF,,PATN_FM,,PRIORITY,,CZE,,_Z,,INVENTOR,,_Z,,_Z,,_T,,2018,,37.358101,,A,,1,,0,
DATAFLOW,OECD.STI.PIE:DSD_PATENTS@DF_PATENTS_OECDSPECIFIC(1.0),,I,9P50_2,,A,,PF,,PATN_FM,,PRIORITY,,CUB,,_Z,,INVENTOR,,_Z,,_Z,,_T,,2018,,6.375,,A,,1,,0,
DATAFLOW,OECD.STI.PIE:DSD_PATENTS@DF_PATENTS_OECDSPECIFIC(1.0),,I,9P50_2,,A,,PF,,PATN_FM,,PRIORITY,,BRA,,_Z,,INVENTOR,,_Z,,_Z,,_T,,2018,,67.766701,,A,,1,,0,
DATAFLOW,OECD.STI.PIE:DSD_PATENTS@DF_PATENTS_OECDSPECIFIC(1.0),,I,9P50_2,,A,,PF,,PATN_FM,,PRIORITY,,FIN,,_Z,,INVENTOR,,_Z,,_Z,,_T,,2018,,315.9328,,A,,1,,0,
DATAFLOW,OECD.STI.PIE:DSD_PATENTS@DF_PATENTS_OECDSPECIFIC(1.0),,I,9P50_2,,A,,PF,,PATN_FM,,PRIORITY,,ARE,,_Z,,INVENTOR,,_Z,,_Z,,_T,,2018,,9.4408998,,A,,1,,0,
DATAFLOW,OECD.STI.PIE:DSD_PATENTS@DF_PATENTS_OECDSPECIFIC(1.0),,I,9P50_2,,A,,PF,,PATN_FM,,PRIORITY,,MEX,,_Z,,INVENTOR,,_Z,,_Z,,_T,,2018,,15.5539,,A,,1,,0,
DATAFLOW,OECD.STI.PIE:DSD_PATENTS@DF_PATENTS_OECDSPECIFIC(1.0),,I,9P50_2,,A,,PF,,PATN_FM,,PRIORITY,,SVK,,_Z,,INVENTOR,,_Z,,_Z,,_T,,2018,,9.9547997,,A,,1,,0,
DATAFLOW,OECD.STI.PIE:DSD_PATENTS@DF_PATENTS_OECDSPECIFIC(1.0),,I,9P50_2,,A,,PF,,PATN_FM,,PRIORITY,,MNG,,_Z,,INVENTOR,,_Z,,_Z,,_T,,2018,,0.2,,A,,1,,0,
DATAFLOW,OECD.STI.PIE:DSD_PATENTS@DF_PATENTS_OECDSPECIFIC(1.0),,I,9P50_2,,A,,PF,,PATN_FM,,PRIORITY,,MKD,,_Z,,INVENTOR,,_Z,,_Z,,_T,,2018,,0.75,,A,,1,,0,
DATAFLOW,OECD.STI.PIE:DSD_PATENTS@DF_PATENTS_OECDSPECIFIC(1.0),,I,9P50_2,,A,,PF,,PATN_FM,,PRIORITY,,CYP,,_Z,,INVENTOR,,_Z,,_Z,,_T,,2018,,2.9047999,,A,,1,,0,
DATAFLOW,OECD.STI.PIE:DSD_PATENTS@DF_PATENTS_OECDSPECIFIC(1.0),,I,9P50_2,,A,,PF,,PATN_FM,,PRIORITY,,RUS,,_Z,,INVENTOR,,_Z,,_Z,,_T,,2018,,127.486,,A,,1,,0,
DATAFLOW,OECD.STI.PIE:DSD_PATENTS@DF_PATENTS_OECDSPECIFIC(1.0),,I,9P50_2,,A,,PF,,PATN_FM,,PRIORITY,,POL,,_Z,,INVENTOR,,_Z,,_Z,,_T,,2018,,67.374199,,A,,1,,0,
DATAFLOW,OECD.STI.PIE:DSD_PATENTS@DF_PATENTS_OECDSPECIFIC(1.0),,I,9P50_2,,A,,PF,,PATN_FM,,PRIORITY,,EST,,_Z,,INVENTOR,,_Z,,_Z,,_T,,2018,,7.0833001,,A,,1,,0,
DATAFLOW,OECD.STI.PIE:DSD_PATENTS@DF_PATENTS_OECDSPECIFIC(1.0),,I,9P50_2,,A,,PF,,PATN_FM,,PRIORITY,,TUN,,_Z,,INVENTOR,,_Z,,_Z,,_T,,2018,,0.096199997,,A,,1,,0,
DATAFLOW,OECD.STI.PIE:DSD_PATENTS@DF_PATENTS_OECDSPECIFIC(1.0),,I,9P50_2,,A,,PF,,PATN_FM,,PRIORITY,,LIE,,_Z,,INVENTOR,,_Z,,_Z,,_T,,2018,,4.8333001,,A,,1,,0,
DATAFLOW,OECD.STI.PIE:DSD_PATENTS@DF_PATENTS_OECDSPECIFIC(1.0),,I,9P50_2,,A,,PF,,PATN_FM,,PRIORITY,,SYC,,_Z,,INVENTOR,,_Z,,_Z,,_T,,2018,,1.1667,,A,,1,,0,
DATAFLOW,OECD.STI.PIE:DSD_PATENTS@DF_PATENTS_OECDSPECIFIC(1.0),,I,9P50_2,,A,,PF,,PATN_FM,,PRIORITY,,MCO,,_Z,,INVENTOR,,_Z,,_Z,,_T,,2018,,7.3334999,,A,,1,,0,
DATAFLOW,OECD.STI.PIE:DSD_PATENTS@DF_PATENTS_OECDSPECIFIC(1.0),,I,9P50_2,,A,,PF,,PATN_FM,,PRIORITY,,IND,,_Z,,INVENTOR,,_Z,,_Z,,_T,,2018,,374.20441,,A,,1,,0,
DATAFLOW,OECD.STI.PIE:DSD_PATENTS@DF_PATENTS_OECDSPECIFIC(1.0),,I,9P50_2,,A,,PF,,PATN_FM,,PRIORITY,,PAK,,_Z,,INVENTOR,,_Z,,_Z,,_T,,2018,,3.1607001,,A,,1,,0,
DATAFLOW,OECD.STI.PIE:DSD_PATENTS@DF_PATENTS_OECDSPECIFIC(1.0),,I,9P50_2,,A,,PF,,PATN_FM,,PRIORITY,,PRT,,_Z,,INVENTOR,,_Z,,_Z,,_T,,2018,,36.107101,,A,,1,,0,
DATAFLOW,OECD.STI.PIE:DSD_PATENTS@DF_PATENTS_OECDSPECIFIC(1.0),,I,9P50_2,,A,,PF,,PATN_FM,,PRIORITY,,ISL,,_Z,,INVENTOR,,_Z,,_Z,,_T,,2018,,5.1680002,,A,,1,,0,
DATAFLOW,OECD.STI.PIE:DSD_PATENTS@DF_PATENTS_OECDSPECIFIC(1.0),,I,9P50_2,,A,,PF,,PATN_FM,,PRIORITY,,CAN,,_Z,,INVENTOR,,_Z,,_Z,,_T,,2018,,700.12903,,A,,1,,0,
DATAFLOW,OECD.STI.PIE:DSD_PATENTS@DF_PATENTS_OECDSPECIFIC(1.0),,I,9P50_2,,A,,PF,,PATN_FM,,PRIORITY,,BLR,,_Z,,INVENTOR,,_Z,,_Z,,_T,,2018,,2.3333001,,A,,1,,0,
DATAFLOW,OECD.STI.PIE:DSD_PATENTS@DF_PATENTS_OECDSPECIFIC(1.0),,I,9P50_2,,A,,PF,,PATN_FM,,PRIORITY,,BGR,,_Z,,INVENTOR,,_Z,,_Z,,_T,,2018,,8.1000004,,A,,1,,0,
DATAFLOW,OECD.STI.PIE:DSD_PATENTS@DF_PATENTS_OECDSPECIFIC(1.0),,I,9P50_2,,A,,PF,,PATN_FM,,PRIORITY,,NOR,,_Z,,INVENTOR,,_Z,,_Z,,_T,,2018,,104.3976,,A,,1,,0,
DATAFLOW,OECD.STI.PIE:DSD_PATENTS@DF_PATENTS_OECDSPECIFIC(1.0),,I,9P50_2,,A,,PF,,PATN_FM,,PRIORITY,,EU27_2020,,_Z,,INVENTOR,,_Z,,_Z,,_T,,2018,,10928.248,,A,,1,,0,
DATAFLOW,OECD.STI.PIE:DSD_PATENTS@DF_PATENTS_OECDSPECIFIC(1.0),,I,9P50_2,,A,,PF,,PATN_FM,,PRIORITY,,SGP,,_Z,,INVENTOR,,_Z,,_Z,,_T,,2018,,173.50571,,A,,1,,0,
DATAFLOW,OECD.STI.PIE:DSD_PATENTS@DF_PATENTS_OECDSPECIFIC(1.0),,I,9P50_2,,A,,PF,,PATN_FM,,PRIORITY,,COL,,_Z,,INVENTOR,,_Z,,_Z,,_T,,2018,,7.8523998,,A,,1,,0,
DATAFLOW,OECD.STI.PIE:DSD_PATENTS@DF_PATENTS_OECDSPECIFIC(1.0),,I,9P50_2,,A,,PF,,PATN_FM,,PRIORITY,,FRA,,_Z,,INVENTOR,,_Z,,_Z,,_T,,2018,,2054.1064,,A,,1,,0,
DATAFLOW,OECD.STI.PIE:DSD_PATENTS@DF_PATENTS_OECDSPECIFIC(1.0),,I,9P50_2,,A,,PF,,PATN_FM,,PRIORITY,,CHE,,_Z,,INVENTOR,,_Z,,_Z,,_T,,2018,,1333.6791,,A,,1,,0,
DATAFLOW,OECD.STI.PIE:DSD_PATENTS@DF_PATENTS_OECDSPECIFIC(1.0),,I,9P50_2,,A,,PF,,PATN_FM,,PRIORITY,,HKG,,_Z,,INVENTOR,,_Z,,_Z,,_T,,2018,,27.8188,,A,,1,,0,
DATAFLOW,OECD.STI.PIE:DSD_PATENTS@DF_PATENTS_OECDSPECIFIC(1.0),,I,9P50_2,,A,,PF,,PATN_FM,,PRIORITY,,TUR,,_Z,,INVENTOR,,_Z,,_Z,,_T,,2018,,74.515297,,A,,1,,0,
DATAFLOW,OECD.STI.PIE:DSD_PATENTS@DF_PATENTS_OECDSPECIFIC(1.0),,I,9P50_2,,A,,PF,,PATN_FM,,PRIORITY,,SVN,,_Z,,INVENTOR,,_Z,,_Z,,_T,,2018,,13.1364,,A,,1,,0,
DATAFLOW,OECD.STI.PIE:DSD_PATENTS@DF_PATENTS_OECDSPECIFIC(1.0),,I,9P50_2,,A,,PF,,PATN_FM,,PRIORITY,,AND,,_Z,,INVENTOR,,_Z,,_Z,,_T,,2018,,0.2,,A,,1,,0,
DATAFLOW,OECD.STI.PIE:DSD_PATENTS@DF_PATENTS_OECDSPECIFIC(1.0),,I,9P50_2,,A,,PF,,PATN_FM,,PRIORITY,,EGY,,_Z,,INVENTOR,,_Z,,_Z,,_T,,2018,,1.625,,A,,1,,0,
DATAFLOW,OECD.STI.PIE:DSD_PATENTS@DF_PATENTS_OECDSPECIFIC(1.0),,I,9P50_2,,A,,PF,,PATN_FM,,PRIORITY,,PAN,,_Z,,INVENTOR,,_Z,,_Z,,_T,,2018,,0.33329999,,A,,1,,0,
DATAFLOW,OECD.STI.PIE:DSD_PATENTS@DF_PATENTS_OECDSPECIFIC(1.0),,I,9P50_2,,A,,PF,,PATN_FM,,PRIORITY,,NZL,,_Z,,INVENTOR,,_Z,,_Z,,_T,,2018,,48.176201,,A,,1,,0,
DATAFLOW,OECD.STI.PIE:DSD_PATENTS@DF_PATENTS_OECDSPECIFIC(1.0),,I,9P50_2,,A,,PF,,PATN_FM,,PRIORITY,,LUX,,_Z,,INVENTOR,,_Z,,_Z,,_T,,2018,,19.502399,,A,,1,,0,
DATAFLOW,OECD.STI.PIE:DSD_PATENTS@DF_PATENTS_OECDSPECIFIC(1.0),,I,9P50_2,,A,,PF,,PATN_FM,,PRIORITY,,CYM,,_Z,,INVENTOR,,_Z,,_Z,,_T,,2018,,1.5,,A,,1,,0,
DATAFLOW,OECD.STI.PIE:DSD_PATENTS@DF_PATENTS_OECDSPECIFIC(1.0),,I,9P50_2,,A,,PF,,PATN_FM,,PRIORITY,,TWN,,_Z,,INVENTOR,,_Z,,_Z,,_T,,2018,,632.0722,,A,,1,,0,
DATAFLOW,OECD.STI.PIE:DSD_PATENTS@DF_PATENTS_OECDSPECIFIC(1.0),,I,9P50_2,,A,,PF,,PATN_FM,,PRIORITY,,CHN,,_Z,,INVENTOR,,_Z,,_Z,,_T,,2018,,4768.0605,,A,,1,,0,
DATAFLOW,OECD.STI.PIE:DSD_PATENTS@DF_PATENTS_OECDSPECIFIC(1.0),,I,9P50_2,,A,,PF,,PATN_FM,,PRIORITY,,CRI,,_Z,,INVENTOR,,_Z,,_Z,,_T,,2018,,1.5926,,A,,1,,0,
DATAFLOW,OECD.STI.PIE:DSD_PATENTS@DF_PATENTS_OECDSPECIFIC(1.0),,I,9P50_2,,A,,PF,,PATN_FM,,PRIORITY,,KOR,,_Z,,INVENTOR,,_Z,,_Z,,_T,,2018,,3087.0278,,A,,1,,0,
DATAFLOW,OECD.STI.PIE:DSD_PATENTS@DF_PATENTS_OECDSPECIFIC(1.0),,I,9P50_2,,A,,PF,,PATN_FM,,PRIORITY,,ROU,,_Z,,INVENTOR,,_Z,,_Z,,_T,,2018,,16.7139,,A,,1,,0,
DATAFLOW,OECD.STI.PIE:DSD_PATENTS@DF_PATENTS_OECDSPECIFIC(1.0),,I,9P50_2,,A,,PF,,PATN_FM,,PRIORITY,,ROU,,_Z,,INVENTOR,,_Z,,_Z,,_T,,2019,,27.5476,,A,,1,,0,
DATAFLOW,OECD.STI.PIE:DSD_PATENTS@DF_PATENTS_OECDSPECIFIC(1.0),,I,9P50_2,,A,,PF,,PATN_FM,,PRIORITY,,KOR,,_Z,,INVENTOR,,_Z,,_Z,,_T,,2019,,3337.4844,,A,,1,,0,
DATAFLOW,OECD.STI.PIE:DSD_PATENTS@DF_PATENTS_OECDSPECIFIC(1.0),,I,9P50_2,,A,,PF,,PATN_FM,,PRIORITY,,CRI,,_Z,,INVENTOR,,_Z,,_Z,,_T,,2019,,4.7579002,,A,,1,,0,
DATAFLOW,OECD.STI.PIE:DSD_PATENTS@DF_PATENTS_OECDSPECIFIC(1.0),,I,9P50_2,,A,,PF,,PATN_FM,,PRIORITY,,CHN,,_Z,,INVENTOR,,_Z,,_Z,,_T,,2019,,5467.7549,,A,,1,,0,
DATAFLOW,OECD.STI.PIE:DSD_PATENTS@DF_PATENTS_OECDSPECIFIC(1.0),,I,9P50_2,,A,,PF,,PATN_FM,,PRIORITY,,TWN,,_Z,,INVENTOR,,_Z,,_Z,,_T,,2019,,564.82849,,A,,1,,0,
DATAFLOW,OECD.STI.PIE:DSD_PATENTS@DF_PATENTS_OECDSPECIFIC(1.0),,I,9P50_2,,A,,PF,,PATN_FM,,PRIORITY,,CYM,,_Z,,INVENTOR,,_Z,,_Z,,_T,,2019,,2.25,,A,,1,,0,
DATAFLOW,OECD.STI.PIE:DSD_PATENTS@DF_PATENTS_OECDSPECIFIC(1.0),,I,9P50_2,,A,,PF,,PATN_FM,,PRIORITY,,LUX,,_Z,,INVENTOR,,_Z,,_Z,,_T,,2019,,28.591999,,A,,1,,0,
DATAFLOW,OECD.STI.PIE:DSD_PATENTS@DF_PATENTS_OECDSPECIFIC(1.0),,I,9P50_2,,A,,PF,,PATN_FM,,PRIORITY,,NZL,,_Z,,INVENTOR,,_Z,,_Z,,_T,,2019,,77.838898,,A,,1,,0,
DATAFLOW,OECD.STI.PIE:DSD_PATENTS@DF_PATENTS_OECDSPECIFIC(1.0),,I,9P50_2,,A,,PF,,PATN_FM,,PRIORITY,,PAN,,_Z,,INVENTOR,,_Z,,_Z,,_T,,2019,,2.4219,,A,,1,,0,
DATAFLOW,OECD.STI.PIE:DSD_PATENTS@DF_PATENTS_OECDSPECIFIC(1.0),,I,9P50_2,,A,,PF,,PATN_FM,,PRIORITY,,EGY,,_Z,,INVENTOR,,_Z,,_Z,,_T,,2019,,4.8523998,,A,,1,,0,
DATAFLOW,OECD.STI.PIE:DSD_PATENTS@DF_PATENTS_OECDSPECIFIC(1.0),,I,9P50_2,,A,,PF,,PATN_FM,,PRIORITY,,SVN,,_Z,,INVENTOR,,_Z,,_Z,,_T,,2019,,15.281,,A,,1,,0,
DATAFLOW,OECD.STI.PIE:DSD_PATENTS@DF_PATENTS_OECDSPECIFIC(1.0),,I,9P50_2,,A,,PF,,PATN_FM,,PRIORITY,,TUR,,_Z,,INVENTOR,,_Z,,_Z,,_T,,2019,,67.844803,,A,,1,,0,
DATAFLOW,OECD.STI.PIE:DSD_PATENTS@DF_PATENTS_OECDSPECIFIC(1.0),,I,9P50_2,,A,,PF,,PATN_FM,,PRIORITY,,HKG,,_Z,,INVENTOR,,_Z,,_Z,,_T,,2019,,30.733299,,A,,1,,0,
DATAFLOW,OECD.STI.PIE:DSD_PATENTS@DF_PATENTS_OECDSPECIFIC(1.0),,I,9P50_2,,A,,PF,,PATN_FM,,PRIORITY,,CHE,,_Z,,INVENTOR,,_Z,,_Z,,_T,,2019,,1442.495,,A,,1,,0,
DATAFLOW,OECD.STI.PIE:DSD_PATENTS@DF_PATENTS_OECDSPECIFIC(1.0),,I,9P50_2,,A,,PF,,PATN_FM,,PRIORITY,,FRA,,_Z,,INVENTOR,,_Z,,_Z,,_T,,2019,,2157.4475,,A,,1,,0,
DATAFLOW,OECD.STI.PIE:DSD_PATENTS@DF_PATENTS_OECDSPECIFIC(1.0),,I,9P50_2,,A,,PF,,PATN_FM,,PRIORITY,,DZA,,_Z,,INVENTOR,,_Z,,_Z,,_T,,2019,,1.7,,A,,1,,0,
DATAFLOW,OECD.STI.PIE:DSD_PATENTS@DF_PATENTS_OECDSPECIFIC(1.0),,I,9P50_2,,A,,PF,,PATN_FM,,PRIORITY,,COL,,_Z,,INVENTOR,,_Z,,_Z,,_T,,2019,,5.5855999,,A,,1,,0,
DATAFLOW,OECD.STI.PIE:DSD_PATENTS@DF_PATENTS_OECDSPECIFIC(1.0),,I,9P50_2,,A,,PF,,PATN_FM,,PRIORITY,,HRV,,_Z,,INVENTOR,,_Z,,_Z,,_T,,2019,,4.7442999,,A,,1,,0,
DATAFLOW,OECD.STI.PIE:DSD_PATENTS@DF_PATENTS_OECDSPECIFIC(1.0),,I,9P50_2,,A,,PF,,PATN_FM,,PRIORITY,,KWT,,_Z,,INVENTOR,,_Z,,_Z,,_T,,2019,,1.1,,A,,1,,0,
DATAFLOW,OECD.STI.PIE:DSD_PATENTS@DF_PATENTS_OECDSPECIFIC(1.0),,I,9P50_2,,A,,PF,,PATN_FM,,PRIORITY,,SGP,,_Z,,INVENTOR,,_Z,,_Z,,_T,,2019,,203.8745,,A,,1,,0,
DATAFLOW,OECD.STI.PIE:DSD_PATENTS@DF_PATENTS_OECDSPECIFIC(1.0),,I,9P50_2,,A,,PF,,PATN_FM,,PRIORITY,,EU27_2020,,_Z,,INVENTOR,,_Z,,_Z,,_T,,2019,,11811.778,,A,,1,,0,
DATAFLOW,OECD.STI.PIE:DSD_PATENTS@DF_PATENTS_OECDSPECIFIC(1.0),,I,9P50_2,,A,,PF,,PATN_FM,,PRIORITY,,NOR,,_Z,,INVENTOR,,_Z,,_Z,,_T,,2019,,151.3175,,A,,1,,0,
DATAFLOW,OECD.STI.PIE:DSD_PATENTS@DF_PATENTS_OECDSPECIFIC(1.0),,I,9P50_2,,A,,PF,,PATN_FM,,PRIORITY,,BGR,,_Z,,INVENTOR,,_Z,,_Z,,_T,,2019,,6.6429,,A,,1,,0,
DATAFLOW,OECD.STI.PIE:DSD_PATENTS@DF_PATENTS_OECDSPECIFIC(1.0),,I,9P50_2,,A,,PF,,PATN_FM,,PRIORITY,,BLR,,_Z,,INVENTOR,,_Z,,_Z,,_T,,2019,,2.2585001,,A,,1,,0,
DATAFLOW,OECD.STI.PIE:DSD_PATENTS@DF_PATENTS_OECDSPECIFIC(1.0),,I,9P50_2,,A,,PF,,PATN_FM,,PRIORITY,,CAN,,_Z,,INVENTOR,,_Z,,_Z,,_T,,2019,,719.61011,,A,,1,,0,
DATAFLOW,OECD.STI.PIE:DSD_PATENTS@DF_PATENTS_OECDSPECIFIC(1.0),,I,9P50_2,,A,,PF,,PATN_FM,,PRIORITY,,ISL,,_Z,,INVENTOR,,_Z,,_Z,,_T,,2019,,13.3,,A,,1,,0,
DATAFLOW,OECD.STI.PIE:DSD_PATENTS@DF_PATENTS_OECDSPECIFIC(1.0),,I,9P50_2,,A,,PF,,PATN_FM,,PRIORITY,,PRT,,_Z,,INVENTOR,,_Z,,_Z,,_T,,2019,,44.245701,,A,,1,,0,
DATAFLOW,OECD.STI.PIE:DSD_PATENTS@DF_PATENTS_OECDSPECIFIC(1.0),,I,9P50_2,,A,,PF,,PATN_FM,,PRIORITY,,IND,,_Z,,INVENTOR,,_Z,,_Z,,_T,,2019,,431.25119,,A,,1,,0,
DATAFLOW,OECD.STI.PIE:DSD_PATENTS@DF_PATENTS_OECDSPECIFIC(1.0),,I,9P50_2,,A,,PF,,PATN_FM,,PRIORITY,,MCO,,_Z,,INVENTOR,,_Z,,_Z,,_T,,2019,,8,,A,,1,,0,
DATAFLOW,OECD.STI.PIE:DSD_PATENTS@DF_PATENTS_OECDSPECIFIC(1.0),,I,9P50_2,,A,,PF,,PATN_FM,,PRIORITY,,LIE,,_Z,,INVENTOR,,_Z,,_Z,,_T,,2019,,7.7333002,,A,,1,,0,
DATAFLOW,OECD.STI.PIE:DSD_PATENTS@DF_PATENTS_OECDSPECIFIC(1.0),,I,9P50_2,,A,,PF,,PATN_FM,,PRIORITY,,EST,,_Z,,INVENTOR,,_Z,,_Z,,_T,,2019,,10.8,,A,,1,,0,
DATAFLOW,OECD.STI.PIE:DSD_PATENTS@DF_PATENTS_OECDSPECIFIC(1.0),,I,9P50_2,,A,,PF,,PATN_FM,,PRIORITY,,POL,,_Z,,INVENTOR,,_Z,,_Z,,_T,,2019,,65.827797,,A,,1,,0,
DATAFLOW,OECD.STI.PIE:DSD_PATENTS@DF_PATENTS_OECDSPECIFIC(1.0),,I,9P50_2,,A,,PF,,PATN_FM,,PRIORITY,,RUS,,_Z,,INVENTOR,,_Z,,_Z,,_T,,2019,,101.9817,,A,,1,,0,
DATAFLOW,OECD.STI.PIE:DSD_PATENTS@DF_PATENTS_OECDSPECIFIC(1.0),,I,9P50_2,,A,,PF,,PATN_FM,,PRIORITY,,PRI,,_Z,,INVENTOR,,_Z,,_Z,,_T,,2019,,0.16670001,,A,,1,,0,
DATAFLOW,OECD.STI.PIE:DSD_PATENTS@DF_PATENTS_OECDSPECIFIC(1.0),,I,9P50_2,,A,,PF,,PATN_FM,,PRIORITY,,CYP,,_Z,,INVENTOR,,_Z,,_Z,,_T,,2019,,2.5999999,,A,,1,,0,
DATAFLOW,OECD.STI.PIE:DSD_PATENTS@DF_PATENTS_OECDSPECIFIC(1.0),,I,9P50_2,,A,,PF,,PATN_FM,,PRIORITY,,SVK,,_Z,,INVENTOR,,_Z,,_Z,,_T,,2019,,17.829599,,A,,1,,0,
DATAFLOW,OECD.STI.PIE:DSD_PATENTS@DF_PATENTS_OECDSPECIFIC(1.0),,I,9P50_2,,A,,PF,,PATN_FM,,PRIORITY,,MEX,,_Z,,INVENTOR,,_Z,,_Z,,_T,,2019,,22.4363,,A,,1,,0,
DATAFLOW,OECD.STI.PIE:DSD_PATENTS@DF_PATENTS_OECDSPECIFIC(1.0),,I,9P50_2,,A,,PF,,PATN_FM,,PRIORITY,,ARE,,_Z,,INVENTOR,,_Z,,_Z,,_T,,2019,,15.7274,,A,,1,,0,
DATAFLOW,OECD.STI.PIE:DSD_PATENTS@DF_PATENTS_OECDSPECIFIC(1.0),,I,9P50_2,,A,,PF,,PATN_FM,,PRIORITY,,FIN,,_Z,,INVENTOR,,_Z,,_Z,,_T,,2019,,332.8757,,A,,1,,0,
DATAFLOW,OECD.STI.PIE:DSD_PATENTS@DF_PATENTS_OECDSPECIFIC(1.0),,I,9P50_2,,A,,PF,,PATN_FM,,PRIORITY,,BRA,,_Z,,INVENTOR,,_Z,,_Z,,_T,,2019,,67.162697,,A,,1,,0,
DATAFLOW,OECD.STI.PIE:DSD_PATENTS@DF_PATENTS_OECDSPECIFIC(1.0),,I,9P50_2,,A,,PF,,PATN_FM,,PRIORITY,,CUB,,_Z,,INVENTOR,,_Z,,_Z,,_T,,2019,,4.6368999,,A,,1,,0,
DATAFLOW,OECD.STI.PIE:DSD_PATENTS@DF_PATENTS_OECDSPECIFIC(1.0),,I,9P50_2,,A,,PF,,PATN_FM,,PRIORITY,,CZE,,_Z,,INVENTOR,,_Z,,_Z,,_T,,2019,,75.190102,,A,,1,,0,
DATAFLOW,OECD.STI.PIE:DSD_PATENTS@DF_PATENTS_OECDSPECIFIC(1.0),,I,9P50_2,,A,,PF,,PATN_FM,,PRIORITY,,JPN,,_Z,,INVENTOR,,_Z,,_Z,,_T,,2019,,17567.83,,A,,1,,0,
DATAFLOW,OECD.STI.PIE:DSD_PATENTS@DF_PATENTS_OECDSPECIFIC(1.0),,I,9P50_2,,A,,PF,,PATN_FM,,PRIORITY,,LKA,,_Z,,INVENTOR,,_Z,,_Z,,_T,,2019,,6.7333002,,A,,1,,0,
DATAFLOW,OECD.STI.PIE:DSD_PATENTS@DF_PATENTS_OECDSPECIFIC(1.0),,I,9P50_2,,A,,PF,,PATN_FM,,PRIORITY,,LVA,,_Z,,INVENTOR,,_Z,,_Z,,_T,,2019,,2.0713999,,A,,1,,0,
DATAFLOW,OECD.STI.PIE:DSD_PATENTS@DF_PATENTS_OECDSPECIFIC(1.0),,I,9P50_2,,A,,PF,,PATN_FM,,PRIORITY,,OECD,,_Z,,INVENTOR,,_Z,,_Z,,_T,,2019,,53138.207,,A,,1,,0,
DATAFLOW,OECD.STI.PIE:DSD_PATENTS@DF_PATENTS_OECDSPECIFIC(1.0),,I,9P50_2,,A,,PF,,PATN_FM,,PRIORITY,,ARG,,_Z,,INVENTOR,,_Z,,_Z,,_T,,2019,,14.7667,,A,,1,,0,
DATAFLOW,OECD.STI.PIE:DSD_PATENTS@DF_PATENTS_OECDSPECIFIC(1.0),,I,9P50_2,,A,,PF,,PATN_FM,,PRIORITY,,SAU,,_Z,,INVENTOR,,_Z,,_Z,,_T,,2019,,22.431,,A,,1,,0,
DATAFLOW,OECD.STI.PIE:DSD_PATENTS@DF_PATENTS_OECDSPECIFIC(1.0),,I,9P50_2,,A,,PF,,PATN_FM,,PRIORITY,,ZWE,,_Z,,INVENTOR,,_Z,,_Z,,_T,,2019,,0.5,,A,,1,,0,
DATAFLOW,OECD.STI.PIE:DSD_PATENTS@DF_PATENTS_OECDSPECIFIC(1.0),,I,9P50_2,,A,,PF,,PATN_FM,,PRIORITY,,USA,,_Z,,INVENTOR,,_Z,,_Z,,_T,,2019,,14852.271,,A,,1,,0,
DATAFLOW,OECD.STI.PIE:DSD_PATENTS@DF_PATENTS_OECDSPECIFIC(1.0),,I,9P50_2,,A,,PF,,PATN_FM,,PRIORITY,,ZAF,,_Z,,INVENTOR,,_Z,,_Z,,_T,,2019,,10.8819,,A,,1,,0,
DATAFLOW,OECD.STI.PIE:DSD_PATENTS@DF_PATENTS_OECDSPECIFIC(1.0),,I,9P50_2,,A,,PF,,PATN_FM,,PRIORITY,,IRL,,_Z,,INVENTOR,,_Z,,_Z,,_T,,2019,,158.2426,,A,,1,,0,
DATAFLOW,OECD.STI.PIE:DSD_PATENTS@DF_PATENTS_OECDSPECIFIC(1.0),,I,9P50_2,,A,,PF,,PATN_FM,,PRIORITY,,GBR,,_Z,,INVENTOR,,_Z,,_Z,,_T,,2019,,1926.6016,,A,,1,,0,
DATAFLOW,OECD.STI.PIE:DSD_PATENTS@DF_PATENTS_OECDSPECIFIC(1.0),,I,9P50_2,,A,,PF,,PATN_FM,,PRIORITY,,AUT,,_Z,,INVENTOR,,_Z,,_Z,,_T,,2019,,404.05191,,A,,1,,0,
DATAFLOW,OECD.STI.PIE:DSD_PATENTS@DF_PATENTS_OECDSPECIFIC(1.0),,I,9P50_2,,A,,PF,,PATN_FM,,PRIORITY,,ECU,,_Z,,INVENTOR,,_Z,,_Z,,_T,,2019,,0.66670001,,A,,1,,0,
DATAFLOW,OECD.STI.PIE:DSD_PATENTS@DF_PATENTS_OECDSPECIFIC(1.0),,I,9P50_2,,A,,PF,,PATN_FM,,PRIORITY,,MLT,,_Z,,INVENTOR,,_Z,,_Z,,_T,,2019,,2.5,,A,,1,,0,
DATAFLOW,OECD.STI.PIE:DSD_PATENTS@DF_PATENTS_OECDSPECIFIC(1.0),,I,9P50_2,,A,,PF,,PATN_FM,,PRIORITY,,MYS,,_Z,,INVENTOR,,_Z,,_Z,,_T,,2019,,31.043301,,A,,1,,0,
DATAFLOW,OECD.STI.PIE:DSD_PATENTS@DF_PATENTS_OECDSPECIFIC(1.0),,I,9P50_2,,A,,PF,,PATN_FM,,PRIORITY,,VEN,,_Z,,INVENTOR,,_Z,,_Z,,_T,,2019,,0.5,,A,,1,,0,
DATAFLOW,OECD.STI.PIE:DSD_PATENTS@DF_PATENTS_OECDSPECIFIC(1.0),,I,9P50_2,,A,,PF,,PATN_FM,,PRIORITY,,ITA,,_Z,,INVENTOR,,_Z,,_Z,,_T,,2019,,943.07233,,A,,1,,0,
DATAFLOW,OECD.STI.PIE:DSD_PATENTS@DF_PATENTS_OECDSPECIFIC(1.0),,I,9P50_2,,A,,PF,,PATN_FM,,PRIORITY,,THA,,_Z,,INVENTOR,,_Z,,_Z,,_T,,2019,,21.4536,,A,,1,,0,
DATAFLOW,OECD.STI.PIE:DSD_PATENTS@DF_PATENTS_OECDSPECIFIC(1.0),,I,9P50_2,,A,,PF,,PATN_FM,,PRIORITY,,CHL,,_Z,,INVENTOR,,_Z,,_Z,,_T,,2019,,11.3583,,A,,1,,0,
DATAFLOW,OECD.STI.PIE:DSD_PATENTS@DF_PATENTS_OECDSPECIFIC(1.0),,I,9P50_2,,A,,PF,,PATN_FM,,PRIORITY,,PER,,_Z,,INVENTOR,,_Z,,_Z,,_T,,2019,,1.0714,,A,,1,,0,
DATAFLOW,OECD.STI.PIE:DSD_PATENTS@DF_PATENTS_OECDSPECIFIC(1.0),,I,9P50_2,,A,,PF,,PATN_FM,,PRIORITY,,BMU,,_Z,,INVENTOR,,_Z,,_Z,,_T,,2019,,0.16670001,,A,,1,,0,
DATAFLOW,OECD.STI.PIE:DSD_PATENTS@DF_PATENTS_OECDSPECIFIC(1.0),,I,9P50_2,,A,,PF,,PATN_FM,,PRIORITY,,MAR,,_Z,,INVENTOR,,_Z,,_Z,,_T,,2019,,2.7221999,,A,,1,,0,
DATAFLOW,OECD.STI.PIE:DSD_PATENTS@DF_PATENTS_OECDSPECIFIC(1.0),,I,9P50_2,,A,,PF,,PATN_FM,,PRIORITY,,DNK,,_Z,,INVENTOR,,_Z,,_Z,,_T,,2019,,301.6228,,A,,1,,0,
DATAFLOW,OECD.STI.PIE:DSD_PATENTS@DF_PATENTS_OECDSPECIFIC(1.0),,I,9P50_2,,A,,PF,,PATN_FM,,PRIORITY,,LTU,,_Z,,INVENTOR,,_Z,,_Z,,_T,,2019,,9.6999998,,A,,1,,0,
DATAFLOW,OECD.STI.PIE:DSD_PATENTS@DF_PATENTS_OECDSPECIFIC(1.0),,I,9P50_2,,A,,PF,,PATN_FM,,PRIORITY,,DEU,,_Z,,INVENTOR,,_Z,,_Z,,_T,,2019,,4663.4922,,A,,1,,0,
DATAFLOW,OECD.STI.PIE:DSD_PATENTS@DF_PATENTS_OECDSPECIFIC(1.0),,I,9P50_2,,A,,PF,,PATN_FM,,PRIORITY,,UKR,,_Z,,INVENTOR,,_Z,,_Z,,_T,,2019,,11.1693,,A,,1,,0,
DATAFLOW,OECD.STI.PIE:DSD_PATENTS@DF_PATENTS_OECDSPECIFIC(1.0),,I,9P50_2,,A,,PF,,PATN_FM,,PRIORITY,,AUS,,_Z,,INVENTOR,,_Z,,_Z,,_T,,2019,,446.20529,,A,,1,,0,
DATAFLOW,OECD.STI.PIE:DSD_PATENTS@DF_PATENTS_OECDSPECIFIC(1.0),,I,9P50_2,,A,,PF,,PATN_FM,,PRIORITY,,ESP,,_Z,,INVENTOR,,_Z,,_Z,,_T,,2019,,348.15939,,A,,1,,0,
DATAFLOW,OECD.STI.PIE:DSD_PATENTS@DF_PATENTS_OECDSPECIFIC(1.0),,I,9P50_2,,A,,PF,,PATN_FM,,PRIORITY,,IDN,,_Z,,INVENTOR,,_Z,,_Z,,_T,,2019,,4.1904998,,A,,1,,0,
DATAFLOW,OECD.STI.PIE:DSD_PATENTS@DF_PATENTS_OECDSPECIFIC(1.0),,I,9P50_2,,A,,PF,,PATN_FM,,PRIORITY,,PHL,,_Z,,INVENTOR,,_Z,,_Z,,_T,,2019,,1.5039999,,A,,1,,0,
DATAFLOW,OECD.STI.PIE:DSD_PATENTS@DF_PATENTS_OECDSPECIFIC(1.0),,I,9P50_2,,A,,PF,,PATN_FM,,PRIORITY,,ARM,,_Z,,INVENTOR,,_Z,,_Z,,_T,,2019,,1.0937999,,A,,1,,0,
DATAFLOW,OECD.STI.PIE:DSD_PATENTS@DF_PATENTS_OECDSPECIFIC(1.0),,I,9P50_2,,A,,PF,,PATN_FM,,PRIORITY,,GRC,,_Z,,INVENTOR,,_Z,,_Z,,_T,,2019,,20.9018,,A,,1,,0,
DATAFLOW,OECD.STI.PIE:DSD_PATENTS@DF_PATENTS_OECDSPECIFIC(1.0),,I,9P50_2,,A,,PF,,PATN_FM,,PRIORITY,,BEL,,_Z,,INVENTOR,,_Z,,_Z,,_T,,2019,,411.6637,,A,,1,,0,
DATAFLOW,OECD.STI.PIE:DSD_PATENTS@DF_PATENTS_OECDSPECIFIC(1.0),,I,9P50_2,,A,,PF,,PATN_FM,,PRIORITY,,GEO,,_Z,,INVENTOR,,_Z,,_Z,,_T,,2019,,0.51300001,,A,,1,,0,
DATAFLOW,OECD.STI.PIE:DSD_PATENTS@DF_PATENTS_OECDSPECIFIC(1.0),,I,9P50_2,,A,,PF,,PATN_FM,,PRIORITY,,ISR,,_Z,,INVENTOR,,_Z,,_Z,,_T,,2019,,723.5257,,A,,1,,0,
DATAFLOW,OECD.STI.PIE:DSD_PATENTS@DF_PATENTS_OECDSPECIFIC(1.0),,I,9P50_2,,A,,PF,,PATN_FM,,PRIORITY,,HUN,,_Z,,INVENTOR,,_Z,,_Z,,_T,,2019,,37.895699,,A,,1,,0,
DATAFLOW,OECD.STI.PIE:DSD_PATENTS@DF_PATENTS_OECDSPECIFIC(1.0),,I,9P50_2,,A,,PF,,PATN_FM,,PRIORITY,,SWE,,_Z,,INVENTOR,,_Z,,_Z,,_T,,2019,,778.13287,,A,,1,,0,
DATAFLOW,OECD.STI.PIE:DSD_PATENTS@DF_PATENTS_OECDSPECIFIC(1.0),,I,9P50_2,,A,,PF,,PATN_FM,,PRIORITY,,W,,_Z,,INVENTOR,,_Z,,_Z,,_T,,2019,,60329,,A,,1,,0,
DATAFLOW,OECD.STI.PIE:DSD_PATENTS@DF_PATENTS_OECDSPECIFIC(1.0),,I,9P50_2,,A,,PF,,PATN_FM,,PRIORITY,,NLD,,_Z,,INVENTOR,,_Z,,_Z,,_T,,2019,,940.64789,,A,,1,,0,
DATAFLOW,OECD.STI.PIE:DSD_PATENTS@DF_PATENTS_OECDSPECIFIC(1.0),,I,9P50_2,,A,,PF,,PATN_FM,,PRIORITY,,BIH,,_Z,,INVENTOR,,_Z,,_Z,,_T,,2020,,3,,A,,1,,0,
DATAFLOW,OECD.STI.PIE:DSD_PATENTS@DF_PATENTS_OECDSPECIFIC(1.0),,I,9P50_2,,A,,PF,,PATN_FM,,PRIORITY,,NLD,,_Z,,INVENTOR,,_Z,,_Z,,_T,,2020,,933.883,,A,,1,,0,
DATAFLOW,OECD.STI.PIE:DSD_PATENTS@DF_PATENTS_OECDSPECIFIC(1.0),,I,9P50_2,,A,,PF,,PATN_FM,,PRIORITY,,W,,_Z,,INVENTOR,,_Z,,_Z,,_T,,2020,,61040,,A,,1,,0,
DATAFLOW,OECD.STI.PIE:DSD_PATENTS@DF_PATENTS_OECDSPECIFIC(1.0),,I,9P50_2,,A,,PF,,PATN_FM,,PRIORITY,,PRK,,_Z,,INVENTOR,,_Z,,_Z,,_T,,2020,,0.33329999,,A,,1,,0,
DATAFLOW,OECD.STI.PIE:DSD_PATENTS@DF_PATENTS_OECDSPECIFIC(1.0),,I,9P50_2,,A,,PF,,PATN_FM,,PRIORITY,,SWE,,_Z,,INVENTOR,,_Z,,_Z,,_T,,2020,,751.5097,,A,,1,,0,
DATAFLOW,OECD.STI.PIE:DSD_PATENTS@DF_PATENTS_OECDSPECIFIC(1.0),,I,9P50_2,,A,,PF,,PATN_FM,,PRIORITY,,HUN,,_Z,,INVENTOR,,_Z,,_Z,,_T,,2020,,28.865499,,A,,1,,0,
DATAFLOW,OECD.STI.PIE:DSD_PATENTS@DF_PATENTS_OECDSPECIFIC(1.0),,I,9P50_2,,A,,PF,,PATN_FM,,PRIORITY,,ISR,,_Z,,INVENTOR,,_Z,,_Z,,_T,,2020,,672.34369,,A,,1,,0,
DATAFLOW,OECD.STI.PIE:DSD_PATENTS@DF_PATENTS_OECDSPECIFIC(1.0),,I,9P50_2,,A,,PF,,PATN_FM,,PRIORITY,,KEN,,_Z,,INVENTOR,,_Z,,_Z,,_T,,2020,,0.5,,A,,1,,0,
DATAFLOW,OECD.STI.PIE:DSD_PATENTS@DF_PATENTS_OECDSPECIFIC(1.0),,I,9P50_2,,A,,PF,,PATN_FM,,PRIORITY,,GEO,,_Z,,INVENTOR,,_Z,,_Z,,_T,,2020,,0.0196,,A,,1,,0,
DATAFLOW,OECD.STI.PIE:DSD_PATENTS@DF_PATENTS_OECDSPECIFIC(1.0),,I,9P50_2,,A,,PF,,PATN_FM,,PRIORITY,,BEL,,_Z,,INVENTOR,,_Z,,_Z,,_T,,2020,,455.48541,,A,,1,,0,
DATAFLOW,OECD.STI.PIE:DSD_PATENTS@DF_PATENTS_OECDSPECIFIC(1.0),,I,9P50_2,,A,,PF,,PATN_FM,,PRIORITY,,LBN,,_Z,,INVENTOR,,_Z,,_Z,,_T,,2020,,2.131,,A,,1,,0,
DATAFLOW,OECD.STI.PIE:DSD_PATENTS@DF_PATENTS_OECDSPECIFIC(1.0),,I,9P50_2,,A,,PF,,PATN_FM,,PRIORITY,,GRC,,_Z,,INVENTOR,,_Z,,_Z,,_T,,2020,,19.6845,,A,,1,,0,
DATAFLOW,OECD.STI.PIE:DSD_PATENTS@DF_PATENTS_OECDSPECIFIC(1.0),,I,9P50_2,,A,,PF,,PATN_FM,,PRIORITY,,IRN,,_Z,,INVENTOR,,_Z,,_Z,,_T,,2020,,3.5,,A,,1,,0,
DATAFLOW,OECD.STI.PIE:DSD_PATENTS@DF_PATENTS_OECDSPECIFIC(1.0),,I,9P50_2,,A,,PF,,PATN_FM,,PRIORITY,,ARM,,_Z,,INVENTOR,,_Z,,_Z,,_T,,2020,,1.4563,,A,,1,,0,
DATAFLOW,OECD.STI.PIE:DSD_PATENTS@DF_PATENTS_OECDSPECIFIC(1.0),,I,9P50_2,,A,,PF,,PATN_FM,,PRIORITY,,PHL,,_Z,,INVENTOR,,_Z,,_Z,,_T,,2020,,12.0913,,A,,1,,0,
DATAFLOW,OECD.STI.PIE:DSD_PATENTS@DF_PATENTS_OECDSPECIFIC(1.0),,I,9P50_2,,A,,PF,,PATN_FM,,PRIORITY,,IDN,,_Z,,INVENTOR,,_Z,,_Z,,_T,,2020,,2.1666999,,A,,1,,0,
DATAFLOW,OECD.STI.PIE:DSD_PATENTS@DF_PATENTS_OECDSPECIFIC(1.0),,I,9P50_2,,A,,PF,,PATN_FM,,PRIORITY,,ESP,,_Z,,INVENTOR,,_Z,,_Z,,_T,,2020,,324.41129,,A,,1,,0,
DATAFLOW,OECD.STI.PIE:DSD_PATENTS@DF_PATENTS_OECDSPECIFIC(1.0),,I,9P50_2,,A,,PF,,PATN_FM,,PRIORITY,,AUS,,_Z,,INVENTOR,,_Z,,_Z,,_T,,2020,,412.7869,,A,,1,,0,
DATAFLOW,OECD.STI.PIE:DSD_PATENTS@DF_PATENTS_OECDSPECIFIC(1.0),,I,9P50_2,,A,,PF,,PATN_FM,,PRIORITY,,UKR,,_Z,,INVENTOR,,_Z,,_Z,,_T,,2020,,8.7898998,,A,,1,,0,
DATAFLOW,OECD.STI.PIE:DSD_PATENTS@DF_PATENTS_OECDSPECIFIC(1.0),,I,9P50_2,,A,,PF,,PATN_FM,,PRIORITY,,DEU,,_Z,,INVENTOR,,_Z,,_Z,,_T,,2020,,4331.6997,,A,,1,,0,
DATAFLOW,OECD.STI.PIE:DSD_PATENTS@DF_PATENTS_OECDSPECIFIC(1.0),,I,9P50_2,,A,,PF,,PATN_FM,,PRIORITY,,LTU,,_Z,,INVENTOR,,_Z,,_Z,,_T,,2020,,4.125,,A,,1,,0,
DATAFLOW,OECD.STI.PIE:DSD_PATENTS@DF_PATENTS_OECDSPECIFIC(1.0),,I,9P50_2,,A,,PF,,PATN_FM,,PRIORITY,,DNK,,_Z,,INVENTOR,,_Z,,_Z,,_T,,2020,,378.22379,,A,,1,,0,
DATAFLOW,OECD.STI.PIE:DSD_PATENTS@DF_PATENTS_OECDSPECIFIC(1.0),,I,9P50_2,,A,,PF,,PATN_FM,,PRIORITY,,MAR,,_Z,,INVENTOR,,_Z,,_Z,,_T,,2020,,2.2,,A,,1,,0,
DATAFLOW,OECD.STI.PIE:DSD_PATENTS@DF_PATENTS_OECDSPECIFIC(1.0),,I,9P50_2,,A,,PF,,PATN_FM,,PRIORITY,,BMU,,_Z,,INVENTOR,,_Z,,_Z,,_T,,2020,,0.33329999,,A,,1,,0,
DATAFLOW,OECD.STI.PIE:DSD_PATENTS@DF_PATENTS_OECDSPECIFIC(1.0),,I,9P50_2,,A,,PF,,PATN_FM,,PRIORITY,,PER,,_Z,,INVENTOR,,_Z,,_Z,,_T,,2020,,0.25,,A,,1,,0,
DATAFLOW,OECD.STI.PIE:DSD_PATENTS@DF_PATENTS_OECDSPECIFIC(1.0),,I,9P50_2,,A,,PF,,PATN_FM,,PRIORITY,,CHL,,_Z,,INVENTOR,,_Z,,_Z,,_T,,2020,,9.7783003,,A,,1,,0,
DATAFLOW,OECD.STI.PIE:DSD_PATENTS@DF_PATENTS_OECDSPECIFIC(1.0),,I,9P50_2,,A,,PF,,PATN_FM,,PRIORITY,,THA,,_Z,,INVENTOR,,_Z,,_Z,,_T,,2020,,23.8521,,A,,1,,0,
DATAFLOW,OECD.STI.PIE:DSD_PATENTS@DF_PATENTS_OECDSPECIFIC(1.0),,I,9P50_2,,A,,PF,,PATN_FM,,PRIORITY,,ITA,,_Z,,INVENTOR,,_Z,,_Z,,_T,,2020,,893.46503,,A,,1,,0,
DATAFLOW,OECD.STI.PIE:DSD_PATENTS@DF_PATENTS_OECDSPECIFIC(1.0),,I,9P50_2,,A,,PF,,PATN_FM,,PRIORITY,,MYS,,_Z,,INVENTOR,,_Z,,_Z,,_T,,2020,,31.5215,,A,,1,,0,
DATAFLOW,OECD.STI.PIE:DSD_PATENTS@DF_PATENTS_OECDSPECIFIC(1.0),,I,9P50_2,,A,,PF,,PATN_FM,,PRIORITY,,MLT,,_Z,,INVENTOR,,_Z,,_Z,,_T,,2020,,5,,A,,1,,0,
DATAFLOW,OECD.STI.PIE:DSD_PATENTS@DF_PATENTS_OECDSPECIFIC(1.0),,I,9P50_2,,A,,PF,,PATN_FM,,PRIORITY,,AUT,,_Z,,INVENTOR,,_Z,,_Z,,_T,,2020,,399.61591,,A,,1,,0,
DATAFLOW,OECD.STI.PIE:DSD_PATENTS@DF_PATENTS_OECDSPECIFIC(1.0),,I,9P50_2,,A,,PF,,PATN_FM,,PRIORITY,,GBR,,_Z,,INVENTOR,,_Z,,_Z,,_T,,2020,,1988.8843,,A,,1,,0,
DATAFLOW,OECD.STI.PIE:DSD_PATENTS@DF_PATENTS_OECDSPECIFIC(1.0),,I,9P50_2,,A,,PF,,PATN_FM,,PRIORITY,,IRL,,_Z,,INVENTOR,,_Z,,_Z,,_T,,2020,,160.29131,,A,,1,,0,
DATAFLOW,OECD.STI.PIE:DSD_PATENTS@DF_PATENTS_OECDSPECIFIC(1.0),,I,9P50_2,,A,,PF,,PATN_FM,,PRIORITY,,ZAF,,_Z,,INVENTOR,,_Z,,_Z,,_T,,2020,,21.799999,,A,,1,,0,
DATAFLOW,OECD.STI.PIE:DSD_PATENTS@DF_PATENTS_OECDSPECIFIC(1.0),,I,9P50_2,,A,,PF,,PATN_FM,,PRIORITY,,USA,,_Z,,INVENTOR,,_Z,,_Z,,_T,,2020,,15028.13,,A,,1,,0,
DATAFLOW,OECD.STI.PIE:DSD_PATENTS@DF_PATENTS_OECDSPECIFIC(1.0),,I,9P50_2,,A,,PF,,PATN_FM,,PRIORITY,,SAU,,_Z,,INVENTOR,,_Z,,_Z,,_T,,2020,,27.8333,,A,,1,,0,
DATAFLOW,OECD.STI.PIE:DSD_PATENTS@DF_PATENTS_OECDSPECIFIC(1.0),,I,9P50_2,,A,,PF,,PATN_FM,,PRIORITY,,ARG,,_Z,,INVENTOR,,_Z,,_Z,,_T,,2020,,10.2917,,A,,1,,0,
DATAFLOW,OECD.STI.PIE:DSD_PATENTS@DF_PATENTS_OECDSPECIFIC(1.0),,I,9P50_2,,A,,PF,,PATN_FM,,PRIORITY,,OECD,,_Z,,INVENTOR,,_Z,,_Z,,_T,,2020,,52391.461,,A,,1,,0,
DATAFLOW,OECD.STI.PIE:DSD_PATENTS@DF_PATENTS_OECDSPECIFIC(1.0),,I,9P50_2,,A,,PF,,PATN_FM,,PRIORITY,,LVA,,_Z,,INVENTOR,,_Z,,_Z,,_T,,2020,,2.6078,,A,,1,,0,
DATAFLOW,OECD.STI.PIE:DSD_PATENTS@DF_PATENTS_OECDSPECIFIC(1.0),,I,9P50_2,,A,,PF,,PATN_FM,,PRIORITY,,LKA,,_Z,,INVENTOR,,_Z,,_Z,,_T,,2020,,1.85,,A,,1,,0,
DATAFLOW,OECD.STI.PIE:DSD_PATENTS@DF_PATENTS_OECDSPECIFIC(1.0),,I,9P50_2,,A,,PF,,PATN_FM,,PRIORITY,,JPN,,_Z,,INVENTOR,,_Z,,_Z,,_T,,2020,,16507.658,,A,,1,,0,
DATAFLOW,OECD.STI.PIE:DSD_PATENTS@DF_PATENTS_OECDSPECIFIC(1.0),,I,9P50_2,,A,,PF,,PATN_FM,,PRIORITY,,CZE,,_Z,,INVENTOR,,_Z,,_Z,,_T,,2020,,58.292801,,A,,1,,0,
DATAFLOW,OECD.STI.PIE:DSD_PATENTS@DF_PATENTS_OECDSPECIFIC(1.0),,I,9P50_2,,A,,PF,,PATN_FM,,PRIORITY,,CUB,,_Z,,INVENTOR,,_Z,,_Z,,_T,,2020,,12.0667,,A,,1,,0,
DATAFLOW,OECD.STI.PIE:DSD_PATENTS@DF_PATENTS_OECDSPECIFIC(1.0),,I,9P50_2,,A,,PF,,PATN_FM,,PRIORITY,,BRA,,_Z,,INVENTOR,,_Z,,_Z,,_T,,2020,,81.9673,,A,,1,,0,
DATAFLOW,OECD.STI.PIE:DSD_PATENTS@DF_PATENTS_OECDSPECIFIC(1.0),,I,9P50_2,,A,,PF,,PATN_FM,,PRIORITY,,FIN,,_Z,,INVENTOR,,_Z,,_Z,,_T,,2020,,356.72141,,A,,1,,0,
DATAFLOW,OECD.STI.PIE:DSD_PATENTS@DF_PATENTS_OECDSPECIFIC(1.0),,I,9P50_2,,A,,PF,,PATN_FM,,PRIORITY,,ARE,,_Z,,INVENTOR,,_Z,,_Z,,_T,,2020,,5.2990999,,A,,1,,0,
DATAFLOW,OECD.STI.PIE:DSD_PATENTS@DF_PATENTS_OECDSPECIFIC(1.0),,I,9P50_2,,A,,PF,,PATN_FM,,PRIORITY,,MEX,,_Z,,INVENTOR,,_Z,,_Z,,_T,,2020,,23.6639,,A,,1,,0,
DATAFLOW,OECD.STI.PIE:DSD_PATENTS@DF_PATENTS_OECDSPECIFIC(1.0),,I,9P50_2,,A,,PF,,PATN_FM,,PRIORITY,,SVK,,_Z,,INVENTOR,,_Z,,_Z,,_T,,2020,,16.143101,,A,,1,,0,
DATAFLOW,OECD.STI.PIE:DSD_PATENTS@DF_PATENTS_OECDSPECIFIC(1.0),,I,9P50_2,,A,,PF,,PATN_FM,,PRIORITY,,MNG,,_Z,,INVENTOR,,_Z,,_Z,,_T,,2020,,0.125,,A,,1,,0,
DATAFLOW,OECD.STI.PIE:DSD_PATENTS@DF_PATENTS_OECDSPECIFIC(1.0),,I,9P50_2,,A,,PF,,PATN_FM,,PRIORITY,,CYP,,_Z,,INVENTOR,,_Z,,_Z,,_T,,2020,,6.7916999,,A,,1,,0,
DATAFLOW,OECD.STI.PIE:DSD_PATENTS@DF_PATENTS_OECDSPECIFIC(1.0),,I,9P50_2,,A,,PF,,PATN_FM,,PRIORITY,,RUS,,_Z,,INVENTOR,,_Z,,_Z,,_T,,2020,,77.190598,,A,,1,,0,
DATAFLOW,OECD.STI.PIE:DSD_PATENTS@DF_PATENTS_OECDSPECIFIC(1.0),,I,9P50_2,,A,,PF,,PATN_FM,,PRIORITY,,POL,,_Z,,INVENTOR,,_Z,,_Z,,_T,,2020,,76.189903,,A,,1,,0,
DATAFLOW,OECD.STI.PIE:DSD_PATENTS@DF_PATENTS_OECDSPECIFIC(1.0),,I,9P50_2,,A,,PF,,PATN_FM,,PRIORITY,,EST,,_Z,,INVENTOR,,_Z,,_Z,,_T,,2020,,15.4262,,A,,1,,0,
DATAFLOW,OECD.STI.PIE:DSD_PATENTS@DF_PATENTS_OECDSPECIFIC(1.0),,I,9P50_2,,A,,PF,,PATN_FM,,PRIORITY,,LIE,,_Z,,INVENTOR,,_Z,,_Z,,_T,,2020,,4.6999998,,A,,1,,0,
DATAFLOW,OECD.STI.PIE:DSD_PATENTS@DF_PATENTS_OECDSPECIFIC(1.0),,I,9P50_2,,A,,PF,,PATN_FM,,PRIORITY,,SYC,,_Z,,INVENTOR,,_Z,,_Z,,_T,,2020,,0.86669999,,A,,1,,0,
DATAFLOW,OECD.STI.PIE:DSD_PATENTS@DF_PATENTS_OECDSPECIFIC(1.0),,I,9P50_2,,A,,PF,,PATN_FM,,PRIORITY,,MCO,,_Z,,INVENTOR,,_Z,,_Z,,_T,,2020,,3.5,,A,,1,,0,
DATAFLOW,OECD.STI.PIE:DSD_PATENTS@DF_PATENTS_OECDSPECIFIC(1.0),,I,9P50_2,,A,,PF,,PATN_FM,,PRIORITY,,IND,,_Z,,INVENTOR,,_Z,,_Z,,_T,,2020,,451.68661,,A,,1,,0,
DATAFLOW,OECD.STI.PIE:DSD_PATENTS@DF_PATENTS_OECDSPECIFIC(1.0),,I,9P50_2,,A,,PF,,PATN_FM,,PRIORITY,,PRT,,_Z,,INVENTOR,,_Z,,_Z,,_T,,2020,,31.656799,,A,,1,,0,
DATAFLOW,OECD.STI.PIE:DSD_PATENTS@DF_PATENTS_OECDSPECIFIC(1.0),,I,9P50_2,,A,,PF,,PATN_FM,,PRIORITY,,ISL,,_Z,,INVENTOR,,_Z,,_Z,,_T,,2020,,3.9721999,,A,,1,,0,
DATAFLOW,OECD.STI.PIE:DSD_PATENTS@DF_PATENTS_OECDSPECIFIC(1.0),,I,9P50_2,,A,,PF,,PATN_FM,,PRIORITY,,CAN,,_Z,,INVENTOR,,_Z,,_Z,,_T,,2020,,686.54077,,A,,1,,0,
DATAFLOW,OECD.STI.PIE:DSD_PATENTS@DF_PATENTS_OECDSPECIFIC(1.0),,I,9P50_2,,A,,PF,,PATN_FM,,PRIORITY,,BLR,,_Z,,INVENTOR,,_Z,,_Z,,_T,,2020,,1.7,,A,,1,,0,
DATAFLOW,OECD.STI.PIE:DSD_PATENTS@DF_PATENTS_OECDSPECIFIC(1.0),,I,9P50_2,,A,,PF,,PATN_FM,,PRIORITY,,BGR,,_Z,,INVENTOR,,_Z,,_Z,,_T,,2020,,10.8667,,A,,1,,0,
DATAFLOW,OECD.STI.PIE:DSD_PATENTS@DF_PATENTS_OECDSPECIFIC(1.0),,I,9P50_2,,A,,PF,,PATN_FM,,PRIORITY,,MDA,,_Z,,INVENTOR,,_Z,,_Z,,_T,,2020,,1.2,,A,,1,,0,
DATAFLOW,OECD.STI.PIE:DSD_PATENTS@DF_PATENTS_OECDSPECIFIC(1.0),,I,9P50_2,,A,,PF,,PATN_FM,,PRIORITY,,NOR,,_Z,,INVENTOR,,_Z,,_Z,,_T,,2020,,145.97,,A,,1,,0,
DATAFLOW,OECD.STI.PIE:DSD_PATENTS@DF_PATENTS_OECDSPECIFIC(1.0),,I,9P50_2,,A,,PF,,PATN_FM,,PRIORITY,,EU27_2020,,_Z,,INVENTOR,,_Z,,_Z,,_T,,2020,,11393.355,,A,,1,,0,
DATAFLOW,OECD.STI.PIE:DSD_PATENTS@DF_PATENTS_OECDSPECIFIC(1.0),,I,9P50_2,,A,,PF,,PATN_FM,,PRIORITY,,SGP,,_Z,,INVENTOR,,_Z,,_Z,,_T,,2020,,192.21581,,A,,1,,0,
DATAFLOW,OECD.STI.PIE:DSD_PATENTS@DF_PATENTS_OECDSPECIFIC(1.0),,I,9P50_2,,A,,PF,,PATN_FM,,PRIORITY,,KWT,,_Z,,INVENTOR,,_Z,,_Z,,_T,,2020,,0.2,,A,,1,,0,
DATAFLOW,OECD.STI.PIE:DSD_PATENTS@DF_PATENTS_OECDSPECIFIC(1.0),,I,9P50_2,,A,,PF,,PATN_FM,,PRIORITY,,HRV,,_Z,,INVENTOR,,_Z,,_Z,,_T,,2020,,5.25,,A,,1,,0,
DATAFLOW,OECD.STI.PIE:DSD_PATENTS@DF_PATENTS_OECDSPECIFIC(1.0),,I,9P50_2,,A,,PF,,PATN_FM,,PRIORITY,,COL,,_Z,,INVENTOR,,_Z,,_Z,,_T,,2020,,2.7,,A,,1,,0,
DATAFLOW,OECD.STI.PIE:DSD_PATENTS@DF_PATENTS_OECDSPECIFIC(1.0),,I,9P50_2,,A,,PF,,PATN_FM,,PRIORITY,,FRA,,_Z,,INVENTOR,,_Z,,_Z,,_T,,2020,,2044.8418,,A,,1,,0,
DATAFLOW,OECD.STI.PIE:DSD_PATENTS@DF_PATENTS_OECDSPECIFIC(1.0),,I,9P50_2,,A,,PF,,PATN_FM,,PRIORITY,,CHE,,_Z,,INVENTOR,,_Z,,_Z,,_T,,2020,,1496.5071,,A,,1,,0,
DATAFLOW,OECD.STI.PIE:DSD_PATENTS@DF_PATENTS_OECDSPECIFIC(1.0),,I,9P50_2,,A,,PF,,PATN_FM,,PRIORITY,,HKG,,_Z,,INVENTOR,,_Z,,_Z,,_T,,2020,,31.019899,,A,,1,,0,
DATAFLOW,OECD.STI.PIE:DSD_PATENTS@DF_PATENTS_OECDSPECIFIC(1.0),,I,9P50_2,,A,,PF,,PATN_FM,,PRIORITY,,TUR,,_Z,,INVENTOR,,_Z,,_Z,,_T,,2020,,61.559502,,A,,1,,0,
DATAFLOW,OECD.STI.PIE:DSD_PATENTS@DF_PATENTS_OECDSPECIFIC(1.0),,I,9P50_2,,A,,PF,,PATN_FM,,PRIORITY,,SVN,,_Z,,INVENTOR,,_Z,,_Z,,_T,,2020,,22.245199,,A,,1,,0,
DATAFLOW,OECD.STI.PIE:DSD_PATENTS@DF_PATENTS_OECDSPECIFIC(1.0),,I,9P50_2,,A,,PF,,PATN_FM,,PRIORITY,,AND,,_Z,,INVENTOR,,_Z,,_Z,,_T,,2020,,1.6742001,,A,,1,,0,
DATAFLOW,OECD.STI.PIE:DSD_PATENTS@DF_PATENTS_OECDSPECIFIC(1.0),,I,9P50_2,,A,,PF,,PATN_FM,,PRIORITY,,EGY,,_Z,,INVENTOR,,_Z,,_Z,,_T,,2020,,3.6666999,,A,,1,,0,
DATAFLOW,OECD.STI.PIE:DSD_PATENTS@DF_PATENTS_OECDSPECIFIC(1.0),,I,9P50_2,,A,,PF,,PATN_FM,,PRIORITY,,PAN,,_Z,,INVENTOR,,_Z,,_Z,,_T,,2020,,0.75,,A,,1,,0,
DATAFLOW,OECD.STI.PIE:DSD_PATENTS@DF_PATENTS_OECDSPECIFIC(1.0),,I,9P50_2,,A,,PF,,PATN_FM,,PRIORITY,,NZL,,_Z,,INVENTOR,,_Z,,_Z,,_T,,2020,,70.740303,,A,,1,,0,
DATAFLOW,OECD.STI.PIE:DSD_PATENTS@DF_PATENTS_OECDSPECIFIC(1.0),,I,9P50_2,,A,,PF,,PATN_FM,,PRIORITY,,KAZ,,_Z,,INVENTOR,,_Z,,_Z,,_T,,2020,,1.0769,,A,,1,,0,
DATAFLOW,OECD.STI.PIE:DSD_PATENTS@DF_PATENTS_OECDSPECIFIC(1.0),,I,9P50_2,,A,,PF,,PATN_FM,,PRIORITY,,LUX,,_Z,,INVENTOR,,_Z,,_Z,,_T,,2020,,39.4198,,A,,1,,0,
DATAFLOW,OECD.STI.PIE:DSD_PATENTS@DF_PATENTS_OECDSPECIFIC(1.0),,I,9P50_2,,A,,PF,,PATN_FM,,PRIORITY,,CYM,,_Z,,INVENTOR,,_Z,,_Z,,_T,,2020,,2.4166999,,A,,1,,0,
DATAFLOW,OECD.STI.PIE:DSD_PATENTS@DF_PATENTS_OECDSPECIFIC(1.0),,I,9P50_2,,A,,PF,,PATN_FM,,PRIORITY,,TWN,,_Z,,INVENTOR,,_Z,,_Z,,_T,,2020,,660.76813,,A,,1,,0,
DATAFLOW,OECD.STI.PIE:DSD_PATENTS@DF_PATENTS_OECDSPECIFIC(1.0),,I,9P50_2,,A,,PF,,PATN_FM,,PRIORITY,,URY,,_Z,,INVENTOR,,_Z,,_Z,,_T,,2020,,0.44440001,,A,,1,,0,
DATAFLOW,OECD.STI.PIE:DSD_PATENTS@DF_PATENTS_OECDSPECIFIC(1.0),,I,9P50_2,,A,,PF,,PATN_FM,,PRIORITY,,CHN,,_Z,,INVENTOR,,_Z,,_Z,,_T,,2020,,6816.6128,,A,,1,,0,
DATAFLOW,OECD.STI.PIE:DSD_PATENTS@DF_PATENTS_OECDSPECIFIC(1.0),,I,9P50_2,,A,,PF,,PATN_FM,,PRIORITY,,CRI,,_Z,,INVENTOR,,_Z,,_Z,,_T,,2020,,10.0429,,A,,1,,0,
DATAFLOW,OECD.STI.PIE:DSD_PATENTS@DF_PATENTS_OECDSPECIFIC(1.0),,I,9P50_2,,A,,PF,,PATN_FM,,PRIORITY,,KOR,,_Z,,INVENTOR,,_Z,,_Z,,_T,,2020,,3925.3767,,A,,1,,0,
DATAFLOW,OECD.STI.PIE:DSD_PATENTS@DF_PATENTS_OECDSPECIFIC(1.0),,I,9P50_2,,A,,PF,,PATN_FM,,PRIORITY,,ROU,,_Z,,INVENTOR,,_Z,,_Z,,_T,,2020,,20.6416,,A,,1,,0,
DATAFLOW,OECD.STI.PIE:DSD_PATENTS@DF_PATENTS_OECDSPECIFIC(1.0),,I,9P50_2,,A,,PF,,PATN_FM,,PRIORITY,,ROU,,_Z,,INVENTOR,,_Z,,_Z,,_T,,2021,,15.576,,A,,1,,0,
DATAFLOW,OECD.STI.PIE:DSD_PATENTS@DF_PATENTS_OECDSPECIFIC(1.0),,I,9P50_2,,A,,PF,,PATN_FM,,PRIORITY,,KOR,,_Z,,INVENTOR,,_Z,,_Z,,_T,,2021,,4338.2217,,A,,1,,0,
DATAFLOW,OECD.STI.PIE:DSD_PATENTS@DF_PATENTS_OECDSPECIFIC(1.0),,I,9P50_2,,A,,PF,,PATN_FM,,PRIORITY,,CRI,,_Z,,INVENTOR,,_Z,,_Z,,_T,,2021,,1.6389,,A,,1,,0,
DATAFLOW,OECD.STI.PIE:DSD_PATENTS@DF_PATENTS_OECDSPECIFIC(1.0),,I,9P50_2,,A,,PF,,PATN_FM,,PRIORITY,,CHN,,_Z,,INVENTOR,,_Z,,_Z,,_T,,2021,,6298.7612,,A,,1,,0,
DATAFLOW,OECD.STI.PIE:DSD_PATENTS@DF_PATENTS_OECDSPECIFIC(1.0),,I,9P50_2,,A,,PF,,PATN_FM,,PRIORITY,,TWN,,_Z,,INVENTOR,,_Z,,_Z,,_T,,2021,,557.9436,,A,,1,,0,
DATAFLOW,OECD.STI.PIE:DSD_PATENTS@DF_PATENTS_OECDSPECIFIC(1.0),,I,9P50_2,,A,,PF,,PATN_FM,,PRIORITY,,CYM,,_Z,,INVENTOR,,_Z,,_Z,,_T,,2021,,0.5,,A,,1,,0,
DATAFLOW,OECD.STI.PIE:DSD_PATENTS@DF_PATENTS_OECDSPECIFIC(1.0),,I,9P50_2,,A,,PF,,PATN_FM,,PRIORITY,,LUX,,_Z,,INVENTOR,,_Z,,_Z,,_T,,2021,,31.9786,,A,,1,,0,
DATAFLOW,OECD.STI.PIE:DSD_PATENTS@DF_PATENTS_OECDSPECIFIC(1.0),,I,9P50_2,,A,,PF,,PATN_FM,,PRIORITY,,KAZ,,_Z,,INVENTOR,,_Z,,_Z,,_T,,2021,,1.4583,,A,,1,,0,
DATAFLOW,OECD.STI.PIE:DSD_PATENTS@DF_PATENTS_OECDSPECIFIC(1.0),,I,9P50_2,,A,,PF,,PATN_FM,,PRIORITY,,NZL,,_Z,,INVENTOR,,_Z,,_Z,,_T,,2021,,69.420303,,A,,1,,0,
DATAFLOW,OECD.STI.PIE:DSD_PATENTS@DF_PATENTS_OECDSPECIFIC(1.0),,I,9P50_2,,A,,PF,,PATN_FM,,PRIORITY,,PAN,,_Z,,INVENTOR,,_Z,,_Z,,_T,,2021,,0.54170001,,A,,1,,0,
DATAFLOW,OECD.STI.PIE:DSD_PATENTS@DF_PATENTS_OECDSPECIFIC(1.0),,I,9P50_2,,A,,PF,,PATN_FM,,PRIORITY,,EGY,,_Z,,INVENTOR,,_Z,,_Z,,_T,,2021,,6.8548002,,A,,1,,0,
DATAFLOW,OECD.STI.PIE:DSD_PATENTS@DF_PATENTS_OECDSPECIFIC(1.0),,I,9P50_2,,A,,PF,,PATN_FM,,PRIORITY,,AND,,_Z,,INVENTOR,,_Z,,_Z,,_T,,2021,,0.33329999,,A,,1,,0,
DATAFLOW,OECD.STI.PIE:DSD_PATENTS@DF_PATENTS_OECDSPECIFIC(1.0),,I,9P50_2,,A,,PF,,PATN_FM,,PRIORITY,,SVN,,_Z,,INVENTOR,,_Z,,_Z,,_T,,2021,,9.7810001,,A,,1,,0,
DATAFLOW,OECD.STI.PIE:DSD_PATENTS@DF_PATENTS_OECDSPECIFIC(1.0),,I,9P50_2,,A,,PF,,PATN_FM,,PRIORITY,,TUR,,_Z,,INVENTOR,,_Z,,_Z,,_T,,2021,,33.904099,,A,,1,,0,
DATAFLOW,OECD.STI.PIE:DSD_PATENTS@DF_PATENTS_OECDSPECIFIC(1.0),,I,9P50_2,,A,,PF,,PATN_FM,,PRIORITY,,HKG,,_Z,,INVENTOR,,_Z,,_Z,,_T,,2021,,25.7798,,A,,1,,0,
DATAFLOW,OECD.STI.PIE:DSD_PATENTS@DF_PATENTS_OECDSPECIFIC(1.0),,I,9P50_2,,A,,PF,,PATN_FM,,PRIORITY,,CHE,,_Z,,INVENTOR,,_Z,,_Z,,_T,,2021,,1383.8945,,A,,1,,0,
DATAFLOW,OECD.STI.PIE:DSD_PATENTS@DF_PATENTS_OECDSPECIFIC(1.0),,I,9P50_2,,A,,PF,,PATN_FM,,PRIORITY,,FRA,,_Z,,INVENTOR,,_Z,,_Z,,_T,,2021,,1974.8798,,A,,1,,0,
DATAFLOW,OECD.STI.PIE:DSD_PATENTS@DF_PATENTS_OECDSPECIFIC(1.0),,I,9P50_2,,A,,PF,,PATN_FM,,PRIORITY,,COL,,_Z,,INVENTOR,,_Z,,_Z,,_T,,2021,,2.2367001,,A,,1,,0,
DATAFLOW,OECD.STI.PIE:DSD_PATENTS@DF_PATENTS_OECDSPECIFIC(1.0),,I,9P50_2,,A,,PF,,PATN_FM,,PRIORITY,,HRV,,_Z,,INVENTOR,,_Z,,_Z,,_T,,2021,,6.4639001,,A,,1,,0,
DATAFLOW,OECD.STI.PIE:DSD_PATENTS@DF_PATENTS_OECDSPECIFIC(1.0),,I,9P50_2,,A,,PF,,PATN_FM,,PRIORITY,,KWT,,_Z,,INVENTOR,,_Z,,_Z,,_T,,2021,,0.33329999,,A,,1,,0,
DATAFLOW,OECD.STI.PIE:DSD_PATENTS@DF_PATENTS_OECDSPECIFIC(1.0),,I,9P50_2,,A,,PF,,PATN_FM,,PRIORITY,,SGP,,_Z,,INVENTOR,,_Z,,_Z,,_T,,2021,,220.74789,,A,,1,,0,
DATAFLOW,OECD.STI.PIE:DSD_PATENTS@DF_PATENTS_OECDSPECIFIC(1.0),,I,9P50_2,,A,,PF,,PATN_FM,,PRIORITY,,EU27_2020,,_Z,,INVENTOR,,_Z,,_Z,,_T,,2021,,10765.053,,A,,1,,0,
DATAFLOW,OECD.STI.PIE:DSD_PATENTS@DF_PATENTS_OECDSPECIFIC(1.0),,I,9P50_2,,A,,PF,,PATN_FM,,PRIORITY,,NOR,,_Z,,INVENTOR,,_Z,,_Z,,_T,,2021,,147.04401,,A,,1,,0,
DATAFLOW,OECD.STI.PIE:DSD_PATENTS@DF_PATENTS_OECDSPECIFIC(1.0),,I,9P50_2,,A,,PF,,PATN_FM,,PRIORITY,,BGR,,_Z,,INVENTOR,,_Z,,_Z,,_T,,2021,,6.881,,A,,1,,0,
DATAFLOW,OECD.STI.PIE:DSD_PATENTS@DF_PATENTS_OECDSPECIFIC(1.0),,I,9P50_2,,A,,PF,,PATN_FM,,PRIORITY,,BLR,,_Z,,INVENTOR,,_Z,,_Z,,_T,,2021,,2.75,,A,,1,,0,
DATAFLOW,OECD.STI.PIE:DSD_PATENTS@DF_PATENTS_OECDSPECIFIC(1.0),,I,9P50_2,,A,,PF,,PATN_FM,,PRIORITY,,CAN,,_Z,,INVENTOR,,_Z,,_Z,,_T,,2021,,674.21777,,A,,1,,0,
DATAFLOW,OECD.STI.PIE:DSD_PATENTS@DF_PATENTS_OECDSPECIFIC(1.0),,I,9P50_2,,A,,PF,,PATN_FM,,PRIORITY,,ISL,,_Z,,INVENTOR,,_Z,,_Z,,_T,,2021,,8.1083002,,A,,1,,0,
DATAFLOW,OECD.STI.PIE:DSD_PATENTS@DF_PATENTS_OECDSPECIFIC(1.0),,I,9P50_2,,A,,PF,,PATN_FM,,PRIORITY,,PRT,,_Z,,INVENTOR,,_Z,,_Z,,_T,,2021,,41.844799,,A,,1,,0,
DATAFLOW,OECD.STI.PIE:DSD_PATENTS@DF_PATENTS_OECDSPECIFIC(1.0),,I,9P50_2,,A,,PF,,PATN_FM,,PRIORITY,,PAK,,_Z,,INVENTOR,,_Z,,_Z,,_T,,2021,,0.5,,A,,1,,0,
DATAFLOW,OECD.STI.PIE:DSD_PATENTS@DF_PATENTS_OECDSPECIFIC(1.0),,I,9P50_2,,A,,PF,,PATN_FM,,PRIORITY,,IND,,_Z,,INVENTOR,,_Z,,_Z,,_T,,2021,,489.3721,,A,,1,,0,
DATAFLOW,OECD.STI.PIE:DSD_PATENTS@DF_PATENTS_OECDSPECIFIC(1.0),,I,9P50_2,,A,,PF,,PATN_FM,,PRIORITY,,MCO,,_Z,,INVENTOR,,_Z,,_Z,,_T,,2021,,2.4000001,,A,,1,,0,
DATAFLOW,OECD.STI.PIE:DSD_PATENTS@DF_PATENTS_OECDSPECIFIC(1.0),,I,9P50_2,,A,,PF,,PATN_FM,,PRIORITY,,SYC,,_Z,,INVENTOR,,_Z,,_Z,,_T,,2021,,0.33329999,,A,,1,,0,
DATAFLOW,OECD.STI.PIE:DSD_PATENTS@DF_PATENTS_OECDSPECIFIC(1.0),,I,9P50_2,,A,,PF,,PATN_FM,,PRIORITY,,LIE,,_Z,,INVENTOR,,_Z,,_Z,,_T,,2021,,5.8548002,,A,,1,,0,
DATAFLOW,OECD.STI.PIE:DSD_PATENTS@DF_PATENTS_OECDSPECIFIC(1.0),,I,9P50_2,,A,,PF,,PATN_FM,,PRIORITY,,EST,,_Z,,INVENTOR,,_Z,,_Z,,_T,,2021,,5.0261998,,A,,1,,0,
DATAFLOW,OECD.STI.PIE:DSD_PATENTS@DF_PATENTS_OECDSPECIFIC(1.0),,I,9P50_2,,A,,PF,,PATN_FM,,PRIORITY,,POL,,_Z,,INVENTOR,,_Z,,_Z,,_T,,2021,,78.614799,,A,,1,,0,
DATAFLOW,OECD.STI.PIE:DSD_PATENTS@DF_PATENTS_OECDSPECIFIC(1.0),,I,9P50_2,,A,,PF,,PATN_FM,,PRIORITY,,RUS,,_Z,,INVENTOR,,_Z,,_Z,,_T,,2021,,79.785004,,A,,1,,0,
DATAFLOW,OECD.STI.PIE:DSD_PATENTS@DF_PATENTS_OECDSPECIFIC(1.0),,I,9P50_2,,A,,PF,,PATN_FM,,PRIORITY,,CYP,,_Z,,INVENTOR,,_Z,,_Z,,_T,,2021,,3.8333001,,A,,1,,0,
DATAFLOW,OECD.STI.PIE:DSD_PATENTS@DF_PATENTS_OECDSPECIFIC(1.0),,I,9P50_2,,A,,PF,,PATN_FM,,PRIORITY,,MKD,,_Z,,INVENTOR,,_Z,,_Z,,_T,,2021,,0.53329998,,A,,1,,0,
DATAFLOW,OECD.STI.PIE:DSD_PATENTS@DF_PATENTS_OECDSPECIFIC(1.0),,I,9P50_2,,A,,PF,,PATN_FM,,PRIORITY,,SVK,,_Z,,INVENTOR,,_Z,,_Z,,_T,,2021,,21.0667,,A,,1,,0,
DATAFLOW,OECD.STI.PIE:DSD_PATENTS@DF_PATENTS_OECDSPECIFIC(1.0),,I,9P50_2,,A,,PF,,PATN_FM,,PRIORITY,,MEX,,_Z,,INVENTOR,,_Z,,_Z,,_T,,2021,,23.753099,,A,,1,,0,
DATAFLOW,OECD.STI.PIE:DSD_PATENTS@DF_PATENTS_OECDSPECIFIC(1.0),,I,9P50_2,,A,,PF,,PATN_FM,,PRIORITY,,ARE,,_Z,,INVENTOR,,_Z,,_Z,,_T,,2021,,7.4000001,,A,,1,,0,
DATAFLOW,OECD.STI.PIE:DSD_PATENTS@DF_PATENTS_OECDSPECIFIC(1.0),,I,9P50_2,,A,,PF,,PATN_FM,,PRIORITY,,FIN,,_Z,,INVENTOR,,_Z,,_Z,,_T,,2021,,374.35779,,A,,1,,0,
DATAFLOW,OECD.STI.PIE:DSD_PATENTS@DF_PATENTS_OECDSPECIFIC(1.0),,I,9P50_2,,A,,PF,,PATN_FM,,PRIORITY,,BRA,,_Z,,INVENTOR,,_Z,,_Z,,_T,,2021,,43.402,,A,,1,,0,
DATAFLOW,OECD.STI.PIE:DSD_PATENTS@DF_PATENTS_OECDSPECIFIC(1.0),,I,9P50_2,,A,,PF,,PATN_FM,,PRIORITY,,CUB,,_Z,,INVENTOR,,_Z,,_Z,,_T,,2021,,7.4615002,,A,,1,,0,
DATAFLOW,OECD.STI.PIE:DSD_PATENTS@DF_PATENTS_OECDSPECIFIC(1.0),,I,9P50_2,,A,,PF,,PATN_FM,,PRIORITY,,CZE,,_Z,,INVENTOR,,_Z,,_Z,,_T,,2021,,48.857498,,A,,1,,0,
DATAFLOW,OECD.STI.PIE:DSD_PATENTS@DF_PATENTS_OECDSPECIFIC(1.0),,I,9P50_2,,A,,PF,,PATN_FM,,PRIORITY,,JPN,,_Z,,INVENTOR,,_Z,,_Z,,_T,,2021,,16853.521,,A,,1,,0,
DATAFLOW,OECD.STI.PIE:DSD_PATENTS@DF_PATENTS_OECDSPECIFIC(1.0),,I,9P50_2,,A,,PF,,PATN_FM,,PRIORITY,,LKA,,_Z,,INVENTOR,,_Z,,_Z,,_T,,2021,,5,,A,,1,,0,
DATAFLOW,OECD.STI.PIE:DSD_PATENTS@DF_PATENTS_OECDSPECIFIC(1.0),,I,9P50_2,,A,,PF,,PATN_FM,,PRIORITY,,LVA,,_Z,,INVENTOR,,_Z,,_Z,,_T,,2021,,7.4000001,,A,,1,,0,
DATAFLOW,OECD.STI.PIE:DSD_PATENTS@DF_PATENTS_OECDSPECIFIC(1.0),,I,9P50_2,,A,,PF,,PATN_FM,,PRIORITY,,OECD,,_Z,,INVENTOR,,_Z,,_Z,,_T,,2021,,51008.684,,A,,1,,0,
DATAFLOW,OECD.STI.PIE:DSD_PATENTS@DF_PATENTS_OECDSPECIFIC(1.0),,I,9P50_2,,A,,PF,,PATN_FM,,PRIORITY,,ARG,,_Z,,INVENTOR,,_Z,,_Z,,_T,,2021,,13.0833,,A,,1,,0,
DATAFLOW,OECD.STI.PIE:DSD_PATENTS@DF_PATENTS_OECDSPECIFIC(1.0),,I,9P50_2,,A,,PF,,PATN_FM,,PRIORITY,,SAU,,_Z,,INVENTOR,,_Z,,_Z,,_T,,2021,,32.768299,,A,,1,,0,
DATAFLOW,OECD.STI.PIE:DSD_PATENTS@DF_PATENTS_OECDSPECIFIC(1.0),,I,9P50_2,,A,,PF,,PATN_FM,,PRIORITY,,USA,,_Z,,INVENTOR,,_Z,,_Z,,_T,,2021,,13946.411,,A,,1,,0,
DATAFLOW,OECD.STI.PIE:DSD_PATENTS@DF_PATENTS_OECDSPECIFIC(1.0),,I,9P50_2,,A,,PF,,PATN_FM,,PRIORITY,,ZAF,,_Z,,INVENTOR,,_Z,,_Z,,_T,,2021,,18.761101,,A,,1,,0,
DATAFLOW,OECD.STI.PIE:DSD_PATENTS@DF_PATENTS_OECDSPECIFIC(1.0),,I,9P50_2,,A,,PF,,PATN_FM,,PRIORITY,,IRL,,_Z,,INVENTOR,,_Z,,_Z,,_T,,2021,,145.9597,,A,,1,,0,
DATAFLOW,OECD.STI.PIE:DSD_PATENTS@DF_PATENTS_OECDSPECIFIC(1.0),,I,9P50_2,,A,,PF,,PATN_FM,,PRIORITY,,GBR,,_Z,,INVENTOR,,_Z,,_Z,,_T,,2021,,1844.1602,,A,,1,,0,
DATAFLOW,OECD.STI.PIE:DSD_PATENTS@DF_PATENTS_OECDSPECIFIC(1.0),,I,9P50_2,,A,,PF,,PATN_FM,,PRIORITY,,AUT,,_Z,,INVENTOR,,_Z,,_Z,,_T,,2021,,337.4274,,A,,1,,0,
DATAFLOW,OECD.STI.PIE:DSD_PATENTS@DF_PATENTS_OECDSPECIFIC(1.0),,I,9P50_2,,A,,PF,,PATN_FM,,PRIORITY,,VEN,,_Z,,INVENTOR,,_Z,,_Z,,_T,,2021,,0.071400002,,A,,1,,0,
DATAFLOW,OECD.STI.PIE:DSD_PATENTS@DF_PATENTS_OECDSPECIFIC(1.0),,I,9P50_2,,A,,PF,,PATN_FM,,PRIORITY,,MYS,,_Z,,INVENTOR,,_Z,,_Z,,_T,,2021,,27.049999,,A,,1,,0,
DATAFLOW,OECD.STI.PIE:DSD_PATENTS@DF_PATENTS_OECDSPECIFIC(1.0),,I,9P50_2,,A,,PF,,PATN_FM,,PRIORITY,,ITA,,_Z,,INVENTOR,,_Z,,_Z,,_T,,2021,,894.19519,,A,,1,,0,
DATAFLOW,OECD.STI.PIE:DSD_PATENTS@DF_PATENTS_OECDSPECIFIC(1.0),,I,9P50_2,,A,,PF,,PATN_FM,,PRIORITY,,THA,,_Z,,INVENTOR,,_Z,,_Z,,_T,,2021,,15.9152,,A,,1,,0,
DATAFLOW,OECD.STI.PIE:DSD_PATENTS@DF_PATENTS_OECDSPECIFIC(1.0),,I,9P50_2,,A,,PF,,PATN_FM,,PRIORITY,,CHL,,_Z,,INVENTOR,,_Z,,_Z,,_T,,2021,,11.0373,,A,,1,,0,
DATAFLOW,OECD.STI.PIE:DSD_PATENTS@DF_PATENTS_OECDSPECIFIC(1.0),,I,9P50_2,,A,,PF,,PATN_FM,,PRIORITY,,PER,,_Z,,INVENTOR,,_Z,,_Z,,_T,,2021,,0.80000001,,A,,1,,0,
DATAFLOW,OECD.STI.PIE:DSD_PATENTS@DF_PATENTS_OECDSPECIFIC(1.0),,I,9P50_2,,A,,PF,,PATN_FM,,PRIORITY,,BMU,,_Z,,INVENTOR,,_Z,,_Z,,_T,,2021,,0.76920003,,A,,1,,0,
DATAFLOW,OECD.STI.PIE:DSD_PATENTS@DF_PATENTS_OECDSPECIFIC(1.0),,I,9P50_2,,A,,PF,,PATN_FM,,PRIORITY,,MAR,,_Z,,INVENTOR,,_Z,,_Z,,_T,,2021,,2.4166999,,A,,1,,0,
DATAFLOW,OECD.STI.PIE:DSD_PATENTS@DF_PATENTS_OECDSPECIFIC(1.0),,I,9P50_2,,A,,PF,,PATN_FM,,PRIORITY,,DNK,,_Z,,INVENTOR,,_Z,,_Z,,_T,,2021,,320.89859,,A,,1,,0,
DATAFLOW,OECD.STI.PIE:DSD_PATENTS@DF_PATENTS_OECDSPECIFIC(1.0),,I,9P50_2,,A,,PF,,PATN_FM,,PRIORITY,,LTU,,_Z,,INVENTOR,,_Z,,_Z,,_T,,2021,,5.0244002,,A,,1,,0,
DATAFLOW,OECD.STI.PIE:DSD_PATENTS@DF_PATENTS_OECDSPECIFIC(1.0),,I,9P50_2,,A,,PF,,PATN_FM,,PRIORITY,,DEU,,_Z,,INVENTOR,,_Z,,_Z,,_T,,2021,,4119.5713,,A,,1,,0,
DATAFLOW,OECD.STI.PIE:DSD_PATENTS@DF_PATENTS_OECDSPECIFIC(1.0),,I,9P50_2,,A,,PF,,PATN_FM,,PRIORITY,,UKR,,_Z,,INVENTOR,,_Z,,_Z,,_T,,2021,,3.4000001,,A,,1,,0,
DATAFLOW,OECD.STI.PIE:DSD_PATENTS@DF_PATENTS_OECDSPECIFIC(1.0),,I,9P50_2,,A,,PF,,PATN_FM,,PRIORITY,,AUS,,_Z,,INVENTOR,,_Z,,_Z,,_T,,2021,,328.71509,,A,,1,,0,
DATAFLOW,OECD.STI.PIE:DSD_PATENTS@DF_PATENTS_OECDSPECIFIC(1.0),,I,9P50_2,,A,,PF,,PATN_FM,,PRIORITY,,ESP,,_Z,,INVENTOR,,_Z,,_Z,,_T,,2021,,300.29019,,A,,1,,0,
DATAFLOW,OECD.STI.PIE:DSD_PATENTS@DF_PATENTS_OECDSPECIFIC(1.0),,I,9P50_2,,A,,PF,,PATN_FM,,PRIORITY,,IDN,,_Z,,INVENTOR,,_Z,,_Z,,_T,,2021,,4.5999999,,A,,1,,0,
DATAFLOW,OECD.STI.PIE:DSD_PATENTS@DF_PATENTS_OECDSPECIFIC(1.0),,I,9P50_2,,A,,PF,,PATN_FM,,PRIORITY,,PHL,,_Z,,INVENTOR,,_Z,,_Z,,_T,,2021,,6.9984999,,A,,1,,0,
DATAFLOW,OECD.STI.PIE:DSD_PATENTS@DF_PATENTS_OECDSPECIFIC(1.0),,I,9P50_2,,A,,PF,,PATN_FM,,PRIORITY,,ARM,,_Z,,INVENTOR,,_Z,,_Z,,_T,,2021,,4.1788001,,A,,1,,0,
DATAFLOW,OECD.STI.PIE:DSD_PATENTS@DF_PATENTS_OECDSPECIFIC(1.0),,I,9P50_2,,A,,PF,,PATN_FM,,PRIORITY,,JAM,,_Z,,INVENTOR,,_Z,,_Z,,_T,,2021,,0.1429,,A,,1,,0,
DATAFLOW,OECD.STI.PIE:DSD_PATENTS@DF_PATENTS_OECDSPECIFIC(1.0),,I,9P50_2,,A,,PF,,PATN_FM,,PRIORITY,,IRN,,_Z,,INVENTOR,,_Z,,_Z,,_T,,2021,,1.75,,A,,1,,0,
DATAFLOW,OECD.STI.PIE:DSD_PATENTS@DF_PATENTS_OECDSPECIFIC(1.0),,I,9P50_2,,A,,PF,,PATN_FM,,PRIORITY,,GRC,,_Z,,INVENTOR,,_Z,,_Z,,_T,,2021,,17.9631,,A,,1,,0,
DATAFLOW,OECD.STI.PIE:DSD_PATENTS@DF_PATENTS_OECDSPECIFIC(1.0),,I,9P50_2,,A,,PF,,PATN_FM,,PRIORITY,,LBN,,_Z,,INVENTOR,,_Z,,_Z,,_T,,2021,,0.60000002,,A,,1,,0,
DATAFLOW,OECD.STI.PIE:DSD_PATENTS@DF_PATENTS_OECDSPECIFIC(1.0),,I,9P50_2,,A,,PF,,PATN_FM,,PRIORITY,,BEL,,_Z,,INVENTOR,,_Z,,_Z,,_T,,2021,,431.82761,,A,,1,,0,
DATAFLOW,OECD.STI.PIE:DSD_PATENTS@DF_PATENTS_OECDSPECIFIC(1.0),,I,9P50_2,,A,,PF,,PATN_FM,,PRIORITY,,GEO,,_Z,,INVENTOR,,_Z,,_Z,,_T,,2021,,0.5,,A,,1,,0,
DATAFLOW,OECD.STI.PIE:DSD_PATENTS@DF_PATENTS_OECDSPECIFIC(1.0),,I,9P50_2,,A,,PF,,PATN_FM,,PRIORITY,,KEN,,_Z,,INVENTOR,,_Z,,_Z,,_T,,2021,,1.3333,,A,,1,,0,
DATAFLOW,OECD.STI.PIE:DSD_PATENTS@DF_PATENTS_OECDSPECIFIC(1.0),,I,9P50_2,,A,,PF,,PATN_FM,,PRIORITY,,ISR,,_Z,,INVENTOR,,_Z,,_Z,,_T,,2021,,612.09918,,A,,1,,0,
DATAFLOW,OECD.STI.PIE:DSD_PATENTS@DF_PATENTS_OECDSPECIFIC(1.0),,I,9P50_2,,A,,PF,,PATN_FM,,PRIORITY,,HUN,,_Z,,INVENTOR,,_Z,,_Z,,_T,,2021,,28.197701,,A,,1,,0,
DATAFLOW,OECD.STI.PIE:DSD_PATENTS@DF_PATENTS_OECDSPECIFIC(1.0),,I,9P50_2,,A,,PF,,PATN_FM,,PRIORITY,,SWE,,_Z,,INVENTOR,,_Z,,_Z,,_T,,2021,,686.3421,,A,,1,,0,
DATAFLOW,OECD.STI.PIE:DSD_PATENTS@DF_PATENTS_OECDSPECIFIC(1.0),,I,9P50_2,,A,,PF,,PATN_FM,,PRIORITY,,W,,_Z,,INVENTOR,,_Z,,_Z,,_T,,2021,,59042,,A,,1,,0,
DATAFLOW,OECD.STI.PIE:DSD_PATENTS@DF_PATENTS_OECDSPECIFIC(1.0),,I,9P50_2,,A,,PF,,PATN_FM,,PRIORITY,,NLD,,_Z,,INVENTOR,,_Z,,_Z,,_T,,2021,,848.79468,,A,,1,,0,
DATAFLOW,OECD.STI.PIE:DSD_PATENTS@DF_PATENTS_OECDSPECIFIC(1.0),,I,9P50_2,,A,,PF,,PATN_FM,,PRIORITY,,BIH,,_Z,,INVENTOR,,_Z,,_Z,,_T,,2021,,0.2,,A,,1,,0,
DATAFLOW,OECD.STI.PIE:DSD_PATENTS@DF_PATENTS_OECDSPECIFIC(1.0),,I,9P50_2,,A,,PF,,PATN_FM,,PRIORITY,,NLD,,_Z,,INVENTOR,,_Z,,_Z,,_T,,2022,,298.1409,,A,,1,,0,
DATAFLOW,OECD.STI.PIE:DSD_PATENTS@DF_PATENTS_OECDSPECIFIC(1.0),,I,9P50_2,,A,,PF,,PATN_FM,,PRIORITY,,W,,_Z,,INVENTOR,,_Z,,_Z,,_T,,2022,,28753,,A,,1,,0,
DATAFLOW,OECD.STI.PIE:DSD_PATENTS@DF_PATENTS_OECDSPECIFIC(1.0),,I,9P50_2,,A,,PF,,PATN_FM,,PRIORITY,,PRK,,_Z,,INVENTOR,,_Z,,_Z,,_T,,2022,,0.125,,A,,1,,0,
DATAFLOW,OECD.STI.PIE:DSD_PATENTS@DF_PATENTS_OECDSPECIFIC(1.0),,I,9P50_2,,A,,PF,,PATN_FM,,PRIORITY,,SWE,,_Z,,INVENTOR,,_Z,,_Z,,_T,,2022,,270.93759,,A,,1,,0,
DATAFLOW,OECD.STI.PIE:DSD_PATENTS@DF_PATENTS_OECDSPECIFIC(1.0),,I,9P50_2,,A,,PF,,PATN_FM,,PRIORITY,,HUN,,_Z,,INVENTOR,,_Z,,_Z,,_T,,2022,,10.9675,,A,,1,,0,
DATAFLOW,OECD.STI.PIE:DSD_PATENTS@DF_PATENTS_OECDSPECIFIC(1.0),,I,9P50_2,,A,,PF,,PATN_FM,,PRIORITY,,ISR,,_Z,,INVENTOR,,_Z,,_Z,,_T,,2022,,283.40869,,A,,1,,0,
DATAFLOW,OECD.STI.PIE:DSD_PATENTS@DF_PATENTS_OECDSPECIFIC(1.0),,I,9P50_2,,A,,PF,,PATN_FM,,PRIORITY,,BEL,,_Z,,INVENTOR,,_Z,,_Z,,_T,,2022,,169.3685,,A,,1,,0,
DATAFLOW,OECD.STI.PIE:DSD_PATENTS@DF_PATENTS_OECDSPECIFIC(1.0),,I,9P50_2,,A,,PF,,PATN_FM,,PRIORITY,,GRC,,_Z,,INVENTOR,,_Z,,_Z,,_T,,2022,,6.4749999,,A,,1,,0,
DATAFLOW,OECD.STI.PIE:DSD_PATENTS@DF_PATENTS_OECDSPECIFIC(1.0),,I,9P50_2,,A,,PF,,PATN_FM,,PRIORITY,,ARM,,_Z,,INVENTOR,,_Z,,_Z,,_T,,2022,,0.57690001,,A,,1,,0,
DATAFLOW,OECD.STI.PIE:DSD_PATENTS@DF_PATENTS_OECDSPECIFIC(1.0),,I,9P50_2,,A,,PF,,PATN_FM,,PRIORITY,,PHL,,_Z,,INVENTOR,,_Z,,_Z,,_T,,2022,,5.4166999,,A,,1,,0,
DATAFLOW,OECD.STI.PIE:DSD_PATENTS@DF_PATENTS_OECDSPECIFIC(1.0),,I,9P50_2,,A,,PF,,PATN_FM,,PRIORITY,,IDN,,_Z,,INVENTOR,,_Z,,_Z,,_T,,2022,,0.75,,A,,1,,0,
DATAFLOW,OECD.STI.PIE:DSD_PATENTS@DF_PATENTS_OECDSPECIFIC(1.0),,I,9P50_2,,A,,PF,,PATN_FM,,PRIORITY,,ESP,,_Z,,INVENTOR,,_Z,,_Z,,_T,,2022,,125.6769,,A,,1,,0,
DATAFLOW,OECD.STI.PIE:DSD_PATENTS@DF_PATENTS_OECDSPECIFIC(1.0),,I,9P50_2,,A,,PF,,PATN_FM,,PRIORITY,,AUS,,_Z,,INVENTOR,,_Z,,_Z,,_T,,2022,,103.5037,,A,,1,,0,
DATAFLOW,OECD.STI.PIE:DSD_PATENTS@DF_PATENTS_OECDSPECIFIC(1.0),,I,9P50_2,,A,,PF,,PATN_FM,,PRIORITY,,UKR,,_Z,,INVENTOR,,_Z,,_Z,,_T,,2022,,5,,A,,1,,0,
DATAFLOW,OECD.STI.PIE:DSD_PATENTS@DF_PATENTS_OECDSPECIFIC(1.0),,I,9P50_2,,A,,PF,,PATN_FM,,PRIORITY,,DEU,,_Z,,INVENTOR,,_Z,,_Z,,_T,,2022,,1758.9833,,A,,1,,0,
DATAFLOW,OECD.STI.PIE:DSD_PATENTS@DF_PATENTS_OECDSPECIFIC(1.0),,I,9P50_2,,A,,PF,,PATN_FM,,PRIORITY,,LTU,,_Z,,INVENTOR,,_Z,,_Z,,_T,,2022,,2.2221999,,A,,1,,0,
DATAFLOW,OECD.STI.PIE:DSD_PATENTS@DF_PATENTS_OECDSPECIFIC(1.0),,I,9P50_2,,A,,PF,,PATN_FM,,PRIORITY,,DNK,,_Z,,INVENTOR,,_Z,,_Z,,_T,,2022,,110.9161,,A,,1,,0,
DATAFLOW,OECD.STI.PIE:DSD_PATENTS@DF_PATENTS_OECDSPECIFIC(1.0),,I,9P50_2,,A,,PF,,PATN_FM,,PRIORITY,,MAR,,_Z,,INVENTOR,,_Z,,_Z,,_T,,2022,,1.25,,A,,1,,0,
DATAFLOW,OECD.STI.PIE:DSD_PATENTS@DF_PATENTS_OECDSPECIFIC(1.0),,I,9P50_2,,A,,PF,,PATN_FM,,PRIORITY,,BMU,,_Z,,INVENTOR,,_Z,,_Z,,_T,,2022,,0.66670001,,A,,1,,0,
DATAFLOW,OECD.STI.PIE:DSD_PATENTS@DF_PATENTS_OECDSPECIFIC(1.0),,I,9P50_2,,A,,PF,,PATN_FM,,PRIORITY,,PER,,_Z,,INVENTOR,,_Z,,_Z,,_T,,2022,,0.25,,A,,1,,0,
DATAFLOW,OECD.STI.PIE:DSD_PATENTS@DF_PATENTS_OECDSPECIFIC(1.0),,I,9P50_2,,A,,PF,,PATN_FM,,PRIORITY,,CHL,,_Z,,INVENTOR,,_Z,,_Z,,_T,,2022,,2.125,,A,,1,,0,
DATAFLOW,OECD.STI.PIE:DSD_PATENTS@DF_PATENTS_OECDSPECIFIC(1.0),,I,9P50_2,,A,,PF,,PATN_FM,,PRIORITY,,THA,,_Z,,INVENTOR,,_Z,,_Z,,_T,,2022,,9.1422005,,A,,1,,0,
DATAFLOW,OECD.STI.PIE:DSD_PATENTS@DF_PATENTS_OECDSPECIFIC(1.0),,I,9P50_2,,A,,PF,,PATN_FM,,PRIORITY,,ITA,,_Z,,INVENTOR,,_Z,,_Z,,_T,,2022,,371.76709,,A,,1,,0,
DATAFLOW,OECD.STI.PIE:DSD_PATENTS@DF_PATENTS_OECDSPECIFIC(1.0),,I,9P50_2,,A,,PF,,PATN_FM,,PRIORITY,,MYS,,_Z,,INVENTOR,,_Z,,_Z,,_T,,2022,,6.4397001,,A,,1,,0,
DATAFLOW,OECD.STI.PIE:DSD_PATENTS@DF_PATENTS_OECDSPECIFIC(1.0),,I,9P50_2,,A,,PF,,PATN_FM,,PRIORITY,,AUT,,_Z,,INVENTOR,,_Z,,_Z,,_T,,2022,,140.9454,,A,,1,,0,
DATAFLOW,OECD.STI.PIE:DSD_PATENTS@DF_PATENTS_OECDSPECIFIC(1.0),,I,9P50_2,,A,,PF,,PATN_FM,,PRIORITY,,GBR,,_Z,,INVENTOR,,_Z,,_Z,,_T,,2022,,647.72321,,A,,1,,0,
DATAFLOW,OECD.STI.PIE:DSD_PATENTS@DF_PATENTS_OECDSPECIFIC(1.0),,I,9P50_2,,A,,PF,,PATN_FM,,PRIORITY,,IRL,,_Z,,INVENTOR,,_Z,,_Z,,_T,,2022,,74.325897,,A,,1,,0,
DATAFLOW,OECD.STI.PIE:DSD_PATENTS@DF_PATENTS_OECDSPECIFIC(1.0),,I,9P50_2,,A,,PF,,PATN_FM,,PRIORITY,,ZAF,,_Z,,INVENTOR,,_Z,,_Z,,_T,,2022,,5.8333001,,A,,1,,0,
DATAFLOW,OECD.STI.PIE:DSD_PATENTS@DF_PATENTS_OECDSPECIFIC(1.0),,I,9P50_2,,A,,PF,,PATN_FM,,PRIORITY,,USA,,_Z,,INVENTOR,,_Z,,_Z,,_T,,2022,,6304.5498,,A,,1,,0,
DATAFLOW,OECD.STI.PIE:DSD_PATENTS@DF_PATENTS_OECDSPECIFIC(1.0),,I,9P50_2,,A,,PF,,PATN_FM,,PRIORITY,,SAU,,_Z,,INVENTOR,,_Z,,_Z,,_T,,2022,,13.5929,,A,,1,,0,
DATAFLOW,OECD.STI.PIE:DSD_PATENTS@DF_PATENTS_OECDSPECIFIC(1.0),,I,9P50_2,,A,,PF,,PATN_FM,,PRIORITY,,ARG,,_Z,,INVENTOR,,_Z,,_Z,,_T,,2022,,4.7213998,,A,,1,,0,
DATAFLOW,OECD.STI.PIE:DSD_PATENTS@DF_PATENTS_OECDSPECIFIC(1.0),,I,9P50_2,,A,,PF,,PATN_FM,,PRIORITY,,OECD,,_Z,,INVENTOR,,_Z,,_Z,,_T,,2022,,24416.031,,A,,1,,0,
DATAFLOW,OECD.STI.PIE:DSD_PATENTS@DF_PATENTS_OECDSPECIFIC(1.0),,I,9P50_2,,A,,PF,,PATN_FM,,PRIORITY,,JPN,,_Z,,INVENTOR,,_Z,,_Z,,_T,,2022,,9517.7861,,A,,1,,0,
DATAFLOW,OECD.STI.PIE:DSD_PATENTS@DF_PATENTS_OECDSPECIFIC(1.0),,I,9P50_2,,A,,PF,,PATN_FM,,PRIORITY,,CZE,,_Z,,INVENTOR,,_Z,,_Z,,_T,,2022,,30.6583,,A,,1,,0,
DATAFLOW,OECD.STI.PIE:DSD_PATENTS@DF_PATENTS_OECDSPECIFIC(1.0),,I,9P50_2,,A,,PF,,PATN_FM,,PRIORITY,,BRA,,_Z,,INVENTOR,,_Z,,_Z,,_T,,2022,,22.276199,,A,,1,,0,
DATAFLOW,OECD.STI.PIE:DSD_PATENTS@DF_PATENTS_OECDSPECIFIC(1.0),,I,9P50_2,,A,,PF,,PATN_FM,,PRIORITY,,FIN,,_Z,,INVENTOR,,_Z,,_Z,,_T,,2022,,124.69,,A,,1,,0,
DATAFLOW,OECD.STI.PIE:DSD_PATENTS@DF_PATENTS_OECDSPECIFIC(1.0),,I,9P50_2,,A,,PF,,PATN_FM,,PRIORITY,,ARE,,_Z,,INVENTOR,,_Z,,_Z,,_T,,2022,,11.8,,A,,1,,0,
DATAFLOW,OECD.STI.PIE:DSD_PATENTS@DF_PATENTS_OECDSPECIFIC(1.0),,I,9P50_2,,A,,PF,,PATN_FM,,PRIORITY,,MEX,,_Z,,INVENTOR,,_Z,,_Z,,_T,,2022,,11.7833,,A,,1,,0,
DATAFLOW,OECD.STI.PIE:DSD_PATENTS@DF_PATENTS_OECDSPECIFIC(1.0),,I,9P50_2,,A,,PF,,PATN_FM,,PRIORITY,,SVK,,_Z,,INVENTOR,,_Z,,_Z,,_T,,2022,,6.3333001,,A,,1,,0,
DATAFLOW,OECD.STI.PIE:DSD_PATENTS@DF_PATENTS_OECDSPECIFIC(1.0),,I,9P50_2,,A,,PF,,PATN_FM,,PRIORITY,,CYP,,_Z,,INVENTOR,,_Z,,_Z,,_T,,2022,,2.75,,A,,1,,0,
DATAFLOW,OECD.STI.PIE:DSD_PATENTS@DF_PATENTS_OECDSPECIFIC(1.0),,I,9P50_2,,A,,PF,,PATN_FM,,PRIORITY,,PRI,,_Z,,INVENTOR,,_Z,,_Z,,_T,,2022,,0.1548,,A,,1,,0,
DATAFLOW,OECD.STI.PIE:DSD_PATENTS@DF_PATENTS_OECDSPECIFIC(1.0),,I,9P50_2,,A,,PF,,PATN_FM,,PRIORITY,,RUS,,_Z,,INVENTOR,,_Z,,_Z,,_T,,2022,,22.2885,,A,,1,,0,
DATAFLOW,OECD.STI.PIE:DSD_PATENTS@DF_PATENTS_OECDSPECIFIC(1.0),,I,9P50_2,,A,,PF,,PATN_FM,,PRIORITY,,POL,,_Z,,INVENTOR,,_Z,,_Z,,_T,,2022,,36.860001,,A,,1,,0,
DATAFLOW,OECD.STI.PIE:DSD_PATENTS@DF_PATENTS_OECDSPECIFIC(1.0),,I,9P50_2,,A,,PF,,PATN_FM,,PRIORITY,,EST,,_Z,,INVENTOR,,_Z,,_Z,,_T,,2022,,3,,A,,1,,0,
DATAFLOW,OECD.STI.PIE:DSD_PATENTS@DF_PATENTS_OECDSPECIFIC(1.0),,I,9P50_2,,A,,PF,,PATN_FM,,PRIORITY,,LIE,,_Z,,INVENTOR,,_Z,,_Z,,_T,,2022,,3.9595001,,A,,1,,0,
DATAFLOW,OECD.STI.PIE:DSD_PATENTS@DF_PATENTS_OECDSPECIFIC(1.0),,I,9P50_2,,A,,PF,,PATN_FM,,PRIORITY,,MCO,,_Z,,INVENTOR,,_Z,,_Z,,_T,,2022,,0.5,,A,,1,,0,
DATAFLOW,OECD.STI.PIE:DSD_PATENTS@DF_PATENTS_OECDSPECIFIC(1.0),,I,9P50_2,,A,,PF,,PATN_FM,,PRIORITY,,IND,,_Z,,INVENTOR,,_Z,,_Z,,_T,,2022,,306.46371,,A,,1,,0,
DATAFLOW,OECD.STI.PIE:DSD_PATENTS@DF_PATENTS_OECDSPECIFIC(1.0),,I,9P50_2,,A,,PF,,PATN_FM,,PRIORITY,,PRT,,_Z,,INVENTOR,,_Z,,_Z,,_T,,2022,,18.222099,,A,,1,,0,
DATAFLOW,OECD.STI.PIE:DSD_PATENTS@DF_PATENTS_OECDSPECIFIC(1.0),,I,9P50_2,,A,,PF,,PATN_FM,,PRIORITY,,ISL,,_Z,,INVENTOR,,_Z,,_Z,,_T,,2022,,3,,A,,1,,0,
DATAFLOW,OECD.STI.PIE:DSD_PATENTS@DF_PATENTS_OECDSPECIFIC(1.0),,I,9P50_2,,A,,PF,,PATN_FM,,PRIORITY,,CAN,,_Z,,INVENTOR,,_Z,,_Z,,_T,,2022,,293.87439,,A,,1,,0,
DATAFLOW,OECD.STI.PIE:DSD_PATENTS@DF_PATENTS_OECDSPECIFIC(1.0),,I,9P50_2,,A,,PF,,PATN_FM,,PRIORITY,,BGR,,_Z,,INVENTOR,,_Z,,_Z,,_T,,2022,,1.5118999,,A,,1,,0,
DATAFLOW,OECD.STI.PIE:DSD_PATENTS@DF_PATENTS_OECDSPECIFIC(1.0),,I,9P50_2,,A,,PF,,PATN_FM,,PRIORITY,,NOR,,_Z,,INVENTOR,,_Z,,_Z,,_T,,2022,,41.862598,,A,,1,,0,
DATAFLOW,OECD.STI.PIE:DSD_PATENTS@DF_PATENTS_OECDSPECIFIC(1.0),,I,9P50_2,,A,,PF,,PATN_FM,,PRIORITY,,EU27_2020,,_Z,,INVENTOR,,_Z,,_Z,,_T,,2022,,4294.5469,,A,,1,,0,
DATAFLOW,OECD.STI.PIE:DSD_PATENTS@DF_PATENTS_OECDSPECIFIC(1.0),,I,9P50_2,,A,,PF,,PATN_FM,,PRIORITY,,SGP,,_Z,,INVENTOR,,_Z,,_Z,,_T,,2022,,95.076599,,A,,1,,0,
DATAFLOW,OECD.STI.PIE:DSD_PATENTS@DF_PATENTS_OECDSPECIFIC(1.0),,I,9P50_2,,A,,PF,,PATN_FM,,PRIORITY,,HRV,,_Z,,INVENTOR,,_Z,,_Z,,_T,,2022,,5.2916999,,A,,1,,0,
DATAFLOW,OECD.STI.PIE:DSD_PATENTS@DF_PATENTS_OECDSPECIFIC(1.0),,I,9P50_2,,A,,PF,,PATN_FM,,PRIORITY,,COL,,_Z,,INVENTOR,,_Z,,_Z,,_T,,2022,,1.3095,,A,,1,,0,
DATAFLOW,OECD.STI.PIE:DSD_PATENTS@DF_PATENTS_OECDSPECIFIC(1.0),,I,9P50_2,,A,,PF,,PATN_FM,,PRIORITY,,FRA,,_Z,,INVENTOR,,_Z,,_Z,,_T,,2022,,694.90302,,A,,1,,0,
DATAFLOW,OECD.STI.PIE:DSD_PATENTS@DF_PATENTS_OECDSPECIFIC(1.0),,I,9P50_2,,A,,PF,,PATN_FM,,PRIORITY,,CHE,,_Z,,INVENTOR,,_Z,,_Z,,_T,,2022,,568.76709,,A,,1,,0,
DATAFLOW,OECD.STI.PIE:DSD_PATENTS@DF_PATENTS_OECDSPECIFIC(1.0),,I,9P50_2,,A,,PF,,PATN_FM,,PRIORITY,,HKG,,_Z,,INVENTOR,,_Z,,_Z,,_T,,2022,,13.6667,,A,,1,,0,
DATAFLOW,OECD.STI.PIE:DSD_PATENTS@DF_PATENTS_OECDSPECIFIC(1.0),,I,9P50_2,,A,,PF,,PATN_FM,,PRIORITY,,TUR,,_Z,,INVENTOR,,_Z,,_Z,,_T,,2022,,13.2333,,A,,1,,0,
DATAFLOW,OECD.STI.PIE:DSD_PATENTS@DF_PATENTS_OECDSPECIFIC(1.0),,I,9P50_2,,A,,PF,,PATN_FM,,PRIORITY,,SVN,,_Z,,INVENTOR,,_Z,,_Z,,_T,,2022,,11.9667,,A,,1,,0,
DATAFLOW,OECD.STI.PIE:DSD_PATENTS@DF_PATENTS_OECDSPECIFIC(1.0),,I,9P50_2,,A,,PF,,PATN_FM,,PRIORITY,,NZL,,_Z,,INVENTOR,,_Z,,_Z,,_T,,2022,,14.6125,,A,,1,,0,
DATAFLOW,OECD.STI.PIE:DSD_PATENTS@DF_PATENTS_OECDSPECIFIC(1.0),,I,9P50_2,,A,,PF,,PATN_FM,,PRIORITY,,LUX,,_Z,,INVENTOR,,_Z,,_Z,,_T,,2022,,9.5857,,A,,1,,0,
DATAFLOW,OECD.STI.PIE:DSD_PATENTS@DF_PATENTS_OECDSPECIFIC(1.0),,I,9P50_2,,A,,PF,,PATN_FM,,PRIORITY,,TWN,,_Z,,INVENTOR,,_Z,,_Z,,_T,,2022,,420.55161,,A,,1,,0,
DATAFLOW,OECD.STI.PIE:DSD_PATENTS@DF_PATENTS_OECDSPECIFIC(1.0),,I,9P50_2,,A,,PF,,PATN_FM,,PRIORITY,,URY,,_Z,,INVENTOR,,_Z,,_Z,,_T,,2022,,1.1429,,A,,1,,0,
DATAFLOW,OECD.STI.PIE:DSD_PATENTS@DF_PATENTS_OECDSPECIFIC(1.0),,I,9P50_2,,A,,PF,,PATN_FM,,PRIORITY,,CHN,,_Z,,INVENTOR,,_Z,,_Z,,_T,,2022,,3296.1621,,A,,1,,0,
DATAFLOW,OECD.STI.PIE:DSD_PATENTS@DF_PATENTS_OECDSPECIFIC(1.0),,I,9P50_2,,A,,PF,,PATN_FM,,PRIORITY,,CRI,,_Z,,INVENTOR,,_Z,,_Z,,_T,,2022,,5.9356999,,A,,1,,0,
DATAFLOW,OECD.STI.PIE:DSD_PATENTS@DF_PATENTS_OECDSPECIFIC(1.0),,I,9P50_2,,A,,PF,,PATN_FM,,PRIORITY,,KOR,,_Z,,INVENTOR,,_Z,,_Z,,_T,,2022,,2324.6106,,A,,1,,0,
DATAFLOW,OECD.STI.PIE:DSD_PATENTS@DF_PATENTS_OECDSPECIFIC(1.0),,I,9P50_2,,A,,PF,,PATN_FM,,PRIORITY,,ROU,,_Z,,INVENTOR,,_Z,,_Z,,_T,,2022,,7.0475998,,A,,1,,0,
DATAFLOW,OECD.STI.PIE:DSD_PATENTS@DF_PATENTS_OECDSPECIFIC(1.0),,I,9P50_2,,A,,PF,,PATN_FM,,PRIORITY,,URY,,_Z,,INVENTOR,,_Z,,_Z,,_T,,2019,,2,,A,,1,,0,
DATAFLOW,OECD.STI.PIE:DSD_PATENTS@DF_PATENTS_OECDSPECIFIC(1.0),,I,9P50_2,,A,,PF,,PATN_FM,,PRIORITY,,LBN,,_Z,,INVENTOR,,_Z,,_Z,,_T,,2019,,2,,A,,1,,0,
DATAFLOW,OECD.STI.PIE:DSD_PATENTS@DF_PATENTS_OECDSPECIFIC(1.0),,I,9P50_2,,A,,PF,,PATN_FM,,PRIORITY,,MLT,,_Z,,INVENTOR,,_Z,,_Z,,_T,,2021,,2,,A,,1,,0,
DATAFLOW,OECD.STI.PIE:DSD_PATENTS@DF_PATENTS_OECDSPECIFIC(1.0),,I,9P50_2,,A,,PF,,PATN_FM,,PRIORITY,,TTO,,_Z,,INVENTOR,,_Z,,_Z,,_T,,2018,,1,,A,,1,,0,
DATAFLOW,OECD.STI.PIE:DSD_PATENTS@DF_PATENTS_OECDSPECIFIC(1.0),,I,9P50_2,,A,,PF,,PATN_FM,,PRIORITY,,IDN,,_Z,,INVENTOR,,_Z,,_Z,,_T,,2018,,1,,A,,1,,0,
DATAFLOW,OECD.STI.PIE:DSD_PATENTS@DF_PATENTS_OECDSPECIFIC(1.0),,I,9P50_2,,A,,PF,,PATN_FM,,PRIORITY,,KWT,,_Z,,INVENTOR,,_Z,,_Z,,_T,,2018,,1,,A,,1,,0,
DATAFLOW,OECD.STI.PIE:DSD_PATENTS@DF_PATENTS_OECDSPECIFIC(1.0),,I,9P50_2,,A,,PF,,PATN_FM,,PRIORITY,,HRV,,_Z,,INVENTOR,,_Z,,_Z,,_T,,2018,,1,,A,,1,,0,
DATAFLOW,OECD.STI.PIE:DSD_PATENTS@DF_PATENTS_OECDSPECIFIC(1.0),,I,9P50_2,,A,,PF,,PATN_FM,,PRIORITY,,NGA,,_Z,,INVENTOR,,_Z,,_Z,,_T,,2018,,1,,A,,1,,0,
DATAFLOW,OECD.STI.PIE:DSD_PATENTS@DF_PATENTS_OECDSPECIFIC(1.0),,I,9P50_2,,A,,PF,,PATN_FM,,PRIORITY,,PAK,,_Z,,INVENTOR,,_Z,,_Z,,_T,,2019,,1,,A,,1,,0,
DATAFLOW,OECD.STI.PIE:DSD_PATENTS@DF_PATENTS_OECDSPECIFIC(1.0),,I,9P50_2,,A,,PF,,PATN_FM,,PRIORITY,,IRN,,_Z,,INVENTOR,,_Z,,_Z,,_T,,2019,,1,,A,,1,,0,
DATAFLOW,OECD.STI.PIE:DSD_PATENTS@DF_PATENTS_OECDSPECIFIC(1.0),,I,9P50_2,,A,,PF,,PATN_FM,,PRIORITY,,TUN,,_Z,,INVENTOR,,_Z,,_Z,,_T,,2020,,1,,A,,1,,0,
DATAFLOW,OECD.STI.PIE:DSD_PATENTS@DF_PATENTS_OECDSPECIFIC(1.0),,I,9P50_2,,A,,PF,,PATN_FM,,PRIORITY,,NGA,,_Z,,INVENTOR,,_Z,,_Z,,_T,,2021,,1,,A,,1,,0,
DATAFLOW,OECD.STI.PIE:DSD_PATENTS@DF_PATENTS_OECDSPECIFIC(1.0),,I,9P50_2,,A,,PF,,PATN_FM,,PRIORITY,,DZA,,_Z,,INVENTOR,,_Z,,_Z,,_T,,2021,,1,,A,,1,,0,
DATAFLOW,OECD.STI.PIE:DSD_PATENTS@DF_PATENTS_OECDSPECIFIC(1.0),,I,9P50_2,,A,,PF,,PATN_FM,,PRIORITY,,PRK,,_Z,,INVENTOR,,_Z,,_Z,,_T,,2021,,1,,A,,1,,0,
DATAFLOW,OECD.STI.PIE:DSD_PATENTS@DF_PATENTS_OECDSPECIFIC(1.0),,I,9P50_2,,A,,PF,,PATN_FM,,PRIORITY,,IRN,,_Z,,INVENTOR,,_Z,,_Z,,_T,,2022,,1,,A,,1,,0,
DATAFLOW,OECD.STI.PIE:DSD_PATENTS@DF_PATENTS_OECDSPECIFIC(1.0),,I,9P50_2,,A,,PF,,PATN_FM,,PRIORITY,,LVA,,_Z,,INVENTOR,,_Z,,_Z,,_T,,2022,,1,,A,,1,,0,
DATAFLOW,OECD.STI.PIE:DSD_PATENTS@DF_PATENTS_OECDSPECIFIC(1.0),,I,9P50_2,,A,,PF,,PATN_FM,,PRIORITY,,CUB,,_Z,,INVENTOR,,_Z,,_Z,,_T,,2022,,1,,A,,1,,0,
DATAFLOW,OECD.STI.PIE:DSD_PATENTS@DF_PATENTS_OECDSPECIFIC(1.0),,I,9P50_2,,A,,PF,,PATN_FM,,PRIORITY,,EGY,,_Z,,INVENTOR,,_Z,,_Z,,_T,,2022,,1,,A,,1,,0,
DATAFLOW,OECD.STI.PIE:DSD_PATENTS@DF_PATENTS_OECDSPECIFIC(1.0),,I,9P50_2,,A,,PF,,PATN_FM,,PRIORITY,,KAZ,,_Z,,INVENTOR,,_Z,,_Z,,_T,,2022,,1,,A,,1,,0,
DATAFLOW,OECD.STI.PIE:DSD_PATENTS@DF_PATENTS_OECDSPECIFIC(1.0),,I,US50,,A,,AP,,PATN,,PRIORITY,,CRI,,_Z,,INVENTOR,,_Z,,_Z,,_T,,2021,,39.826599,,A,,1,,0,
DATAFLOW,OECD.STI.PIE:DSD_PATENTS@DF_PATENTS_OECDSPECIFIC(1.0),,I,US50,,A,,AP,,PATN,,PRIORITY,,SWE,,_Z,,INVENTOR,,_Z,,_Z,,_T,,2021,,3467.5232,,A,,1,,0,
DATAFLOW,OECD.STI.PIE:DSD_PATENTS@DF_PATENTS_OECDSPECIFIC(1.0),,I,US50,,A,,AP,,PATN,,PRIORITY,,ITA,,_Z,,INVENTOR,,_Z,,_Z,,_T,,2021,,3943.946,,A,,1,,0,
DATAFLOW,OECD.STI.PIE:DSD_PATENTS@DF_PATENTS_OECDSPECIFIC(1.0),,I,US50,,A,,AP,,PATN,,PRIORITY,,GEO,,_Z,,INVENTOR,,_Z,,_Z,,_T,,2021,,3.8167,,A,,1,,0,
DATAFLOW,OECD.STI.PIE:DSD_PATENTS@DF_PATENTS_OECDSPECIFIC(1.0),,I,US50,,A,,AP,,PATN,,PRIORITY,,LBN,,_Z,,INVENTOR,,_Z,,_Z,,_T,,2021,,13.6357,,A,,1,,0,
DATAFLOW,OECD.STI.PIE:DSD_PATENTS@DF_PATENTS_OECDSPECIFIC(1.0),,I,US50,,A,,AP,,PATN,,PRIORITY,,CHE,,_Z,,INVENTOR,,_Z,,_Z,,_T,,2021,,3460.8782,,A,,1,,0,
DATAFLOW,OECD.STI.PIE:DSD_PATENTS@DF_PATENTS_OECDSPECIFIC(1.0),,I,US50,,A,,AP,,PATN,,PRIORITY,,HRV,,_Z,,INVENTOR,,_Z,,_Z,,_T,,2021,,33.433601,,A,,1,,0,
DATAFLOW,OECD.STI.PIE:DSD_PATENTS@DF_PATENTS_OECDSPECIFIC(1.0),,I,US50,,A,,AP,,PATN,,PRIORITY,,AUT,,_Z,,INVENTOR,,_Z,,_Z,,_T,,2021,,1528.3726,,A,,1,,0,
DATAFLOW,OECD.STI.PIE:DSD_PATENTS@DF_PATENTS_OECDSPECIFIC(1.0),,I,US50,,A,,AP,,PATN,,PRIORITY,,CUB,,_Z,,INVENTOR,,_Z,,_Z,,_T,,2021,,7.4615002,,A,,1,,0,
DATAFLOW,OECD.STI.PIE:DSD_PATENTS@DF_PATENTS_OECDSPECIFIC(1.0),,I,US50,,A,,AP,,PATN,,PRIORITY,,MAR,,_Z,,INVENTOR,,_Z,,_Z,,_T,,2021,,16.391701,,A,,1,,0,
DATAFLOW,OECD.STI.PIE:DSD_PATENTS@DF_PATENTS_OECDSPECIFIC(1.0),,I,US50,,A,,AP,,PATN,,PRIORITY,,TWN,,_Z,,INVENTOR,,_Z,,_Z,,_T,,2021,,15069.581,,A,,1,,0,
DATAFLOW,OECD.STI.PIE:DSD_PATENTS@DF_PATENTS_OECDSPECIFIC(1.0),,I,US50,,A,,AP,,PATN,,PRIORITY,,EST,,_Z,,INVENTOR,,_Z,,_Z,,_T,,2021,,43.1171,,A,,1,,0,
DATAFLOW,OECD.STI.PIE:DSD_PATENTS@DF_PATENTS_OECDSPECIFIC(1.0),,I,US50,,A,,AP,,PATN,,PRIORITY,,KAZ,,_Z,,INVENTOR,,_Z,,_Z,,_T,,2021,,12.0417,,A,,1,,0,
DATAFLOW,OECD.STI.PIE:DSD_PATENTS@DF_PATENTS_OECDSPECIFIC(1.0),,I,US50,,A,,AP,,PATN,,PRIORITY,,MLT,,_Z,,INVENTOR,,_Z,,_Z,,_T,,2021,,39.233299,,A,,1,,0,
DATAFLOW,OECD.STI.PIE:DSD_PATENTS@DF_PATENTS_OECDSPECIFIC(1.0),,I,US50,,A,,AP,,PATN,,PRIORITY,,URY,,_Z,,INVENTOR,,_Z,,_Z,,_T,,2021,,12.9976,,A,,1,,0,
DATAFLOW,OECD.STI.PIE:DSD_PATENTS@DF_PATENTS_OECDSPECIFIC(1.0),,I,US50,,A,,AP,,PATN,,PRIORITY,,ISL,,_Z,,INVENTOR,,_Z,,_Z,,_T,,2021,,40.016701,,A,,1,,0,
DATAFLOW,OECD.STI.PIE:DSD_PATENTS@DF_PATENTS_OECDSPECIFIC(1.0),,I,US50,,A,,AP,,PATN,,PRIORITY,,EU27_2020,,_Z,,INVENTOR,,_Z,,_Z,,_T,,2021,,47388.715,,A,,1,,0,
DATAFLOW,OECD.STI.PIE:DSD_PATENTS@DF_PATENTS_OECDSPECIFIC(1.0),,I,US50,,A,,AP,,PATN,,PRIORITY,,TUR,,_Z,,INVENTOR,,_Z,,_Z,,_T,,2021,,355.67099,,A,,1,,0,
DATAFLOW,OECD.STI.PIE:DSD_PATENTS@DF_PATENTS_OECDSPECIFIC(1.0),,I,US50,,A,,AP,,PATN,,PRIORITY,,AND,,_Z,,INVENTOR,,_Z,,_Z,,_T,,2021,,1.4028,,A,,1,,0,
DATAFLOW,OECD.STI.PIE:DSD_PATENTS@DF_PATENTS_OECDSPECIFIC(1.0),,I,US50,,A,,AP,,PATN,,PRIORITY,,ISR,,_Z,,INVENTOR,,_Z,,_Z,,_T,,2021,,4776.8408,,A,,1,,0,
DATAFLOW,OECD.STI.PIE:DSD_PATENTS@DF_PATENTS_OECDSPECIFIC(1.0),,I,US50,,A,,AP,,PATN,,PRIORITY,,LVA,,_Z,,INVENTOR,,_Z,,_Z,,_T,,2021,,28.35,,A,,1,,0,
DATAFLOW,OECD.STI.PIE:DSD_PATENTS@DF_PATENTS_OECDSPECIFIC(1.0),,I,US50,,A,,AP,,PATN,,PRIORITY,,UZB,,_Z,,INVENTOR,,_Z,,_Z,,_T,,2021,,0.16670001,,A,,1,,0,
DATAFLOW,OECD.STI.PIE:DSD_PATENTS@DF_PATENTS_OECDSPECIFIC(1.0),,I,US50,,A,,AP,,PATN,,PRIORITY,,BMU,,_Z,,INVENTOR,,_Z,,_Z,,_T,,2021,,10.3833,,A,,1,,0,
DATAFLOW,OECD.STI.PIE:DSD_PATENTS@DF_PATENTS_OECDSPECIFIC(1.0),,I,US50,,A,,AP,,PATN,,PRIORITY,,PAN,,_Z,,INVENTOR,,_Z,,_Z,,_T,,2021,,4.2992001,,A,,1,,0,
DATAFLOW,OECD.STI.PIE:DSD_PATENTS@DF_PATENTS_OECDSPECIFIC(1.0),,I,US50,,A,,AP,,PATN,,PRIORITY,,BRA,,_Z,,INVENTOR,,_Z,,_Z,,_T,,2021,,673.00958,,A,,1,,0,
DATAFLOW,OECD.STI.PIE:DSD_PATENTS@DF_PATENTS_OECDSPECIFIC(1.0),,I,US50,,A,,AP,,PATN,,PRIORITY,,ZAF,,_Z,,INVENTOR,,_Z,,_Z,,_T,,2021,,136.4976,,A,,1,,0,
DATAFLOW,OECD.STI.PIE:DSD_PATENTS@DF_PATENTS_OECDSPECIFIC(1.0),,I,US50,,A,,AP,,PATN,,PRIORITY,,JAM,,_Z,,INVENTOR,,_Z,,_Z,,_T,,2021,,3.1429,,A,,1,,0,
DATAFLOW,OECD.STI.PIE:DSD_PATENTS@DF_PATENTS_OECDSPECIFIC(1.0),,I,US50,,A,,AP,,PATN,,PRIORITY,,IDN,,_Z,,INVENTOR,,_Z,,_Z,,_T,,2021,,23.0333,,A,,1,,0,
DATAFLOW,OECD.STI.PIE:DSD_PATENTS@DF_PATENTS_OECDSPECIFIC(1.0),,I,US50,,A,,AP,,PATN,,PRIORITY,,CYM,,_Z,,INVENTOR,,_Z,,_Z,,_T,,2021,,8.6667004,,A,,1,,0,
DATAFLOW,OECD.STI.PIE:DSD_PATENTS@DF_PATENTS_OECDSPECIFIC(1.0),,I,US50,,A,,AP,,PATN,,PRIORITY,,VEN,,_Z,,INVENTOR,,_Z,,_Z,,_T,,2021,,7.8428998,,A,,1,,0,
DATAFLOW,OECD.STI.PIE:DSD_PATENTS@DF_PATENTS_OECDSPECIFIC(1.0),,I,US50,,A,,AP,,PATN,,PRIORITY,,IND,,_Z,,INVENTOR,,_Z,,_Z,,_T,,2021,,8556.0977,,A,,1,,0,
DATAFLOW,OECD.STI.PIE:DSD_PATENTS@DF_PATENTS_OECDSPECIFIC(1.0),,I,US50,,A,,AP,,PATN,,PRIORITY,,BGR,,_Z,,INVENTOR,,_Z,,_Z,,_T,,2021,,97.836197,,A,,1,,0,
DATAFLOW,OECD.STI.PIE:DSD_PATENTS@DF_PATENTS_OECDSPECIFIC(1.0),,I,US50,,A,,AP,,PATN,,PRIORITY,,NLD,,_Z,,INVENTOR,,_Z,,_Z,,_T,,2021,,2809.0393,,A,,1,,0,
DATAFLOW,OECD.STI.PIE:DSD_PATENTS@DF_PATENTS_OECDSPECIFIC(1.0),,I,US50,,A,,AP,,PATN,,PRIORITY,,LTU,,_Z,,INVENTOR,,_Z,,_Z,,_T,,2021,,132.50951,,A,,1,,0,
DATAFLOW,OECD.STI.PIE:DSD_PATENTS@DF_PATENTS_OECDSPECIFIC(1.0),,I,US50,,A,,AP,,PATN,,PRIORITY,,NOR,,_Z,,INVENTOR,,_Z,,_Z,,_T,,2021,,731.3866,,A,,1,,0,
DATAFLOW,OECD.STI.PIE:DSD_PATENTS@DF_PATENTS_OECDSPECIFIC(1.0),,I,US50,,A,,AP,,PATN,,PRIORITY,,JOR,,_Z,,INVENTOR,,_Z,,_Z,,_T,,2021,,13.9762,,A,,1,,0,
DATAFLOW,OECD.STI.PIE:DSD_PATENTS@DF_PATENTS_OECDSPECIFIC(1.0),,I,US50,,A,,AP,,PATN,,PRIORITY,,GBR,,_Z,,INVENTOR,,_Z,,_Z,,_T,,2021,,7553.1992,,A,,1,,0,
DATAFLOW,OECD.STI.PIE:DSD_PATENTS@DF_PATENTS_OECDSPECIFIC(1.0),,I,US50,,A,,AP,,PATN,,PRIORITY,,AUS,,_Z,,INVENTOR,,_Z,,_Z,,_T,,2021,,1872.4541,,A,,1,,0,
DATAFLOW,OECD.STI.PIE:DSD_PATENTS@DF_PATENTS_OECDSPECIFIC(1.0),,I,US50,,A,,AP,,PATN,,PRIORITY,,KWT,,_Z,,INVENTOR,,_Z,,_Z,,_T,,2021,,19.8444,,A,,1,,0,
DATAFLOW,OECD.STI.PIE:DSD_PATENTS@DF_PATENTS_OECDSPECIFIC(1.0),,I,US50,,A,,AP,,PATN,,PRIORITY,,MCO,,_Z,,INVENTOR,,_Z,,_Z,,_T,,2021,,8.7833004,,A,,1,,0,
DATAFLOW,OECD.STI.PIE:DSD_PATENTS@DF_PATENTS_OECDSPECIFIC(1.0),,I,US50,,A,,AP,,PATN,,PRIORITY,,ROU,,_Z,,INVENTOR,,_Z,,_Z,,_T,,2021,,137.4211,,A,,1,,0,
DATAFLOW,OECD.STI.PIE:DSD_PATENTS@DF_PATENTS_OECDSPECIFIC(1.0),,I,US50,,A,,AP,,PATN,,PRIORITY,,TTO,,_Z,,INVENTOR,,_Z,,_Z,,_T,,2021,,2.3333001,,A,,1,,0,
DATAFLOW,OECD.STI.PIE:DSD_PATENTS@DF_PATENTS_OECDSPECIFIC(1.0),,I,US50,,A,,AP,,PATN,,PRIORITY,,RUS,,_Z,,INVENTOR,,_Z,,_Z,,_T,,2021,,594.02509,,A,,1,,0,
DATAFLOW,OECD.STI.PIE:DSD_PATENTS@DF_PATENTS_OECDSPECIFIC(1.0),,I,US50,,A,,AP,,PATN,,PRIORITY,,SYC,,_Z,,INVENTOR,,_Z,,_Z,,_T,,2021,,3.7333,,A,,1,,0,
DATAFLOW,OECD.STI.PIE:DSD_PATENTS@DF_PATENTS_OECDSPECIFIC(1.0),,I,US50,,A,,AP,,PATN,,PRIORITY,,MDA,,_Z,,INVENTOR,,_Z,,_Z,,_T,,2021,,1.6,,A,,1,,0,
DATAFLOW,OECD.STI.PIE:DSD_PATENTS@DF_PATENTS_OECDSPECIFIC(1.0),,I,US50,,A,,AP,,PATN,,PRIORITY,,UKR,,_Z,,INVENTOR,,_Z,,_Z,,_T,,2021,,106.8444,,A,,1,,0,
DATAFLOW,OECD.STI.PIE:DSD_PATENTS@DF_PATENTS_OECDSPECIFIC(1.0),,I,US50,,A,,AP,,PATN,,PRIORITY,,THA,,_Z,,INVENTOR,,_Z,,_Z,,_T,,2021,,107.8402,,A,,1,,0,
DATAFLOW,OECD.STI.PIE:DSD_PATENTS@DF_PATENTS_OECDSPECIFIC(1.0),,I,US50,,A,,AP,,PATN,,PRIORITY,,ESP,,_Z,,INVENTOR,,_Z,,_Z,,_T,,2021,,1370.8315,,A,,1,,0,
DATAFLOW,OECD.STI.PIE:DSD_PATENTS@DF_PATENTS_OECDSPECIFIC(1.0),,I,US50,,A,,AP,,PATN,,PRIORITY,,NZL,,_Z,,INVENTOR,,_Z,,_Z,,_T,,2021,,361.33859,,A,,1,,0,
DATAFLOW,OECD.STI.PIE:DSD_PATENTS@DF_PATENTS_OECDSPECIFIC(1.0),,I,US50,,A,,AP,,PATN,,PRIORITY,,HUN,,_Z,,INVENTOR,,_Z,,_Z,,_T,,2021,,204.40311,,A,,1,,0,
DATAFLOW,OECD.STI.PIE:DSD_PATENTS@DF_PATENTS_OECDSPECIFIC(1.0),,I,US50,,A,,AP,,PATN,,PRIORITY,,DEU,,_Z,,INVENTOR,,_Z,,_Z,,_T,,2021,,18829.979,,A,,1,,0,
DATAFLOW,OECD.STI.PIE:DSD_PATENTS@DF_PATENTS_OECDSPECIFIC(1.0),,I,US50,,A,,AP,,PATN,,PRIORITY,,PAK,,_Z,,INVENTOR,,_Z,,_Z,,_T,,2021,,42.6595,,A,,1,,0,
DATAFLOW,OECD.STI.PIE:DSD_PATENTS@DF_PATENTS_OECDSPECIFIC(1.0),,I,US50,,A,,AP,,PATN,,PRIORITY,,GRC,,_Z,,INVENTOR,,_Z,,_Z,,_T,,2021,,211.6237,,A,,1,,0,
DATAFLOW,OECD.STI.PIE:DSD_PATENTS@DF_PATENTS_OECDSPECIFIC(1.0),,I,US50,,A,,AP,,PATN,,PRIORITY,,MKD,,_Z,,INVENTOR,,_Z,,_Z,,_T,,2021,,2.5095,,A,,1,,0,
DATAFLOW,OECD.STI.PIE:DSD_PATENTS@DF_PATENTS_OECDSPECIFIC(1.0),,I,US50,,A,,AP,,PATN,,PRIORITY,,FRA,,_Z,,INVENTOR,,_Z,,_Z,,_T,,2021,,7519.7832,,A,,1,,0,
DATAFLOW,OECD.STI.PIE:DSD_PATENTS@DF_PATENTS_OECDSPECIFIC(1.0),,I,US50,,A,,AP,,PATN,,PRIORITY,,COL,,_Z,,INVENTOR,,_Z,,_Z,,_T,,2021,,57.6021,,A,,1,,0,
DATAFLOW,OECD.STI.PIE:DSD_PATENTS@DF_PATENTS_OECDSPECIFIC(1.0),,I,US50,,A,,AP,,PATN,,PRIORITY,,LKA,,_Z,,INVENTOR,,_Z,,_Z,,_T,,2021,,23.9167,,A,,1,,0,
DATAFLOW,OECD.STI.PIE:DSD_PATENTS@DF_PATENTS_OECDSPECIFIC(1.0),,I,US50,,A,,AP,,PATN,,PRIORITY,,CAN,,_Z,,INVENTOR,,_Z,,_Z,,_T,,2021,,7468.52,,A,,1,,0,
DATAFLOW,OECD.STI.PIE:DSD_PATENTS@DF_PATENTS_OECDSPECIFIC(1.0),,I,US50,,A,,AP,,PATN,,PRIORITY,,SVN,,_Z,,INVENTOR,,_Z,,_Z,,_T,,2021,,66.345596,,A,,1,,0,
DATAFLOW,OECD.STI.PIE:DSD_PATENTS@DF_PATENTS_OECDSPECIFIC(1.0),,I,US50,,A,,AP,,PATN,,PRIORITY,,CHL,,_Z,,INVENTOR,,_Z,,_Z,,_T,,2021,,96.460701,,A,,1,,0,
DATAFLOW,OECD.STI.PIE:DSD_PATENTS@DF_PATENTS_OECDSPECIFIC(1.0),,I,US50,,A,,AP,,PATN,,PRIORITY,,ARE,,_Z,,INVENTOR,,_Z,,_Z,,_T,,2021,,127.4024,,A,,1,,0,
DATAFLOW,OECD.STI.PIE:DSD_PATENTS@DF_PATENTS_OECDSPECIFIC(1.0),,I,US50,,A,,AP,,PATN,,PRIORITY,,DNK,,_Z,,INVENTOR,,_Z,,_Z,,_T,,2021,,1524.7653,,A,,1,,0,
DATAFLOW,OECD.STI.PIE:DSD_PATENTS@DF_PATENTS_OECDSPECIFIC(1.0),,I,US50,,A,,AP,,PATN,,PRIORITY,,LIE,,_Z,,INVENTOR,,_Z,,_Z,,_T,,2021,,22.573,,A,,1,,0,
DATAFLOW,OECD.STI.PIE:DSD_PATENTS@DF_PATENTS_OECDSPECIFIC(1.0),,I,US50,,A,,AP,,PATN,,PRIORITY,,BIH,,_Z,,INVENTOR,,_Z,,_Z,,_T,,2021,,3.75,,A,,1,,0,
DATAFLOW,OECD.STI.PIE:DSD_PATENTS@DF_PATENTS_OECDSPECIFIC(1.0),,I,US50,,A,,AP,,PATN,,PRIORITY,,USA,,_Z,,INVENTOR,,_Z,,_Z,,_T,,2021,,135190.83,,A,,1,,0,
DATAFLOW,OECD.STI.PIE:DSD_PATENTS@DF_PATENTS_OECDSPECIFIC(1.0),,I,US50,,A,,AP,,PATN,,PRIORITY,,OECD,,_Z,,INVENTOR,,_Z,,_Z,,_T,,2021,,294294.69,,A,,1,,0,
DATAFLOW,OECD.STI.PIE:DSD_PATENTS@DF_PATENTS_OECDSPECIFIC(1.0),,I,US50,,A,,AP,,PATN,,PRIORITY,,POL,,_Z,,INVENTOR,,_Z,,_Z,,_T,,2021,,587.34723,,A,,1,,0,
DATAFLOW,OECD.STI.PIE:DSD_PATENTS@DF_PATENTS_OECDSPECIFIC(1.0),,I,US50,,A,,AP,,PATN,,PRIORITY,,PRK,,_Z,,INVENTOR,,_Z,,_Z,,_T,,2021,,3.5416999,,A,,1,,0,
DATAFLOW,OECD.STI.PIE:DSD_PATENTS@DF_PATENTS_OECDSPECIFIC(1.0),,I,US50,,A,,AP,,PATN,,PRIORITY,,ARG,,_Z,,INVENTOR,,_Z,,_Z,,_T,,2021,,135.3688,,A,,1,,0,
DATAFLOW,OECD.STI.PIE:DSD_PATENTS@DF_PATENTS_OECDSPECIFIC(1.0),,I,US50,,A,,AP,,PATN,,PRIORITY,,EGY,,_Z,,INVENTOR,,_Z,,_Z,,_T,,2021,,60.176899,,A,,1,,0,
DATAFLOW,OECD.STI.PIE:DSD_PATENTS@DF_PATENTS_OECDSPECIFIC(1.0),,I,US50,,A,,AP,,PATN,,PRIORITY,,HKG,,_Z,,INVENTOR,,_Z,,_Z,,_T,,2021,,437.27341,,A,,1,,0,
DATAFLOW,OECD.STI.PIE:DSD_PATENTS@DF_PATENTS_OECDSPECIFIC(1.0),,I,US50,,A,,AP,,PATN,,PRIORITY,,DZA,,_Z,,INVENTOR,,_Z,,_Z,,_T,,2021,,5.3667002,,A,,1,,0,
DATAFLOW,OECD.STI.PIE:DSD_PATENTS@DF_PATENTS_OECDSPECIFIC(1.0),,I,US50,,A,,AP,,PATN,,PRIORITY,,KEN,,_Z,,INVENTOR,,_Z,,_Z,,_T,,2021,,14.0087,,A,,1,,0,
DATAFLOW,OECD.STI.PIE:DSD_PATENTS@DF_PATENTS_OECDSPECIFIC(1.0),,I,US50,,A,,AP,,PATN,,PRIORITY,,CHN,,_Z,,INVENTOR,,_Z,,_Z,,_T,,2021,,40984.52,,A,,1,,0,
DATAFLOW,OECD.STI.PIE:DSD_PATENTS@DF_PATENTS_OECDSPECIFIC(1.0),,I,US50,,A,,AP,,PATN,,PRIORITY,,MNG,,_Z,,INVENTOR,,_Z,,_Z,,_T,,2021,,0.72619998,,A,,1,,0,
DATAFLOW,OECD.STI.PIE:DSD_PATENTS@DF_PATENTS_OECDSPECIFIC(1.0),,I,US50,,A,,AP,,PATN,,PRIORITY,,BLR,,_Z,,INVENTOR,,_Z,,_Z,,_T,,2021,,30.704399,,A,,1,,0,
DATAFLOW,OECD.STI.PIE:DSD_PATENTS@DF_PATENTS_OECDSPECIFIC(1.0),,I,US50,,A,,AP,,PATN,,PRIORITY,,SAU,,_Z,,INVENTOR,,_Z,,_Z,,_T,,2021,,1302.9104,,A,,1,,0,
DATAFLOW,OECD.STI.PIE:DSD_PATENTS@DF_PATENTS_OECDSPECIFIC(1.0),,I,US50,,A,,AP,,PATN,,PRIORITY,,GTM,,_Z,,INVENTOR,,_Z,,_Z,,_T,,2021,,3.3333001,,A,,1,,0,
DATAFLOW,OECD.STI.PIE:DSD_PATENTS@DF_PATENTS_OECDSPECIFIC(1.0),,I,US50,,A,,AP,,PATN,,PRIORITY,,MEX,,_Z,,INVENTOR,,_Z,,_Z,,_T,,2021,,298.08929,,A,,1,,0,
DATAFLOW,OECD.STI.PIE:DSD_PATENTS@DF_PATENTS_OECDSPECIFIC(1.0),,I,US50,,A,,AP,,PATN,,PRIORITY,,JPN,,_Z,,INVENTOR,,_Z,,_Z,,_T,,2021,,55200.418,,A,,1,,0,
DATAFLOW,OECD.STI.PIE:DSD_PATENTS@DF_PATENTS_OECDSPECIFIC(1.0),,I,US50,,A,,AP,,PATN,,PRIORITY,,CYP,,_Z,,INVENTOR,,_Z,,_Z,,_T,,2021,,25.9548,,A,,1,,0,
DATAFLOW,OECD.STI.PIE:DSD_PATENTS@DF_PATENTS_OECDSPECIFIC(1.0),,I,US50,,A,,AP,,PATN,,PRIORITY,,ARM,,_Z,,INVENTOR,,_Z,,_Z,,_T,,2021,,21.381399,,A,,1,,0,
DATAFLOW,OECD.STI.PIE:DSD_PATENTS@DF_PATENTS_OECDSPECIFIC(1.0),,I,US50,,A,,AP,,PATN,,PRIORITY,,BEL,,_Z,,INVENTOR,,_Z,,_Z,,_T,,2021,,1545.4751,,A,,1,,0,
DATAFLOW,OECD.STI.PIE:DSD_PATENTS@DF_PATENTS_OECDSPECIFIC(1.0),,I,US50,,A,,AP,,PATN,,PRIORITY,,KOR,,_Z,,INVENTOR,,_Z,,_Z,,_T,,2021,,29736.322,,A,,1,,0,
DATAFLOW,OECD.STI.PIE:DSD_PATENTS@DF_PATENTS_OECDSPECIFIC(1.0),,I,US50,,A,,AP,,PATN,,PRIORITY,,LUX,,_Z,,INVENTOR,,_Z,,_Z,,_T,,2021,,96.147301,,A,,1,,0,
DATAFLOW,OECD.STI.PIE:DSD_PATENTS@DF_PATENTS_OECDSPECIFIC(1.0),,I,US50,,A,,AP,,PATN,,PRIORITY,,MYS,,_Z,,INVENTOR,,_Z,,_Z,,_T,,2021,,270.444,,A,,1,,0,
DATAFLOW,OECD.STI.PIE:DSD_PATENTS@DF_PATENTS_OECDSPECIFIC(1.0),,I,US50,,A,,AP,,PATN,,PRIORITY,,IRL,,_Z,,INVENTOR,,_Z,,_Z,,_T,,2021,,913.29071,,A,,1,,0,
DATAFLOW,OECD.STI.PIE:DSD_PATENTS@DF_PATENTS_OECDSPECIFIC(1.0),,I,US50,,A,,AP,,PATN,,PRIORITY,,PRT,,_Z,,INVENTOR,,_Z,,_Z,,_T,,2021,,195.72031,,A,,1,,0,
DATAFLOW,OECD.STI.PIE:DSD_PATENTS@DF_PATENTS_OECDSPECIFIC(1.0),,I,US50,,A,,AP,,PATN,,PRIORITY,,TUN,,_Z,,INVENTOR,,_Z,,_Z,,_T,,2021,,4.1999998,,A,,1,,0,
DATAFLOW,OECD.STI.PIE:DSD_PATENTS@DF_PATENTS_OECDSPECIFIC(1.0),,I,US50,,A,,AP,,PATN,,PRIORITY,,FIN,,_Z,,INVENTOR,,_Z,,_Z,,_T,,2021,,1644.8345,,A,,1,,0,
DATAFLOW,OECD.STI.PIE:DSD_PATENTS@DF_PATENTS_OECDSPECIFIC(1.0),,I,US50,,A,,AP,,PATN,,PRIORITY,,W,,_Z,,INVENTOR,,_Z,,_Z,,_T,,2021,,365720,,A,,1,,0,
DATAFLOW,OECD.STI.PIE:DSD_PATENTS@DF_PATENTS_OECDSPECIFIC(1.0),,I,US50,,A,,AP,,PATN,,PRIORITY,,PHL,,_Z,,INVENTOR,,_Z,,_Z,,_T,,2021,,87.699898,,A,,1,,0,
DATAFLOW,OECD.STI.PIE:DSD_PATENTS@DF_PATENTS_OECDSPECIFIC(1.0),,I,US50,,A,,AP,,PATN,,PRIORITY,,SGP,,_Z,,INVENTOR,,_Z,,_Z,,_T,,2021,,1529.3823,,A,,1,,0,
DATAFLOW,OECD.STI.PIE:DSD_PATENTS@DF_PATENTS_OECDSPECIFIC(1.0),,I,US50,,A,,AP,,PATN,,PRIORITY,,PER,,_Z,,INVENTOR,,_Z,,_Z,,_T,,2021,,6.2666998,,A,,1,,0,
DATAFLOW,OECD.STI.PIE:DSD_PATENTS@DF_PATENTS_OECDSPECIFIC(1.0),,I,US50,,A,,AP,,PATN,,PRIORITY,,ECU,,_Z,,INVENTOR,,_Z,,_Z,,_T,,2021,,3.4916999,,A,,1,,0,
DATAFLOW,OECD.STI.PIE:DSD_PATENTS@DF_PATENTS_OECDSPECIFIC(1.0),,I,US50,,A,,AP,,PATN,,PRIORITY,,NGA,,_Z,,INVENTOR,,_Z,,_Z,,_T,,2021,,4.7975998,,A,,1,,0,
DATAFLOW,OECD.STI.PIE:DSD_PATENTS@DF_PATENTS_OECDSPECIFIC(1.0),,I,US50,,A,,AP,,PATN,,PRIORITY,,IRN,,_Z,,INVENTOR,,_Z,,_Z,,_T,,2021,,77.545197,,A,,1,,0,
DATAFLOW,OECD.STI.PIE:DSD_PATENTS@DF_PATENTS_OECDSPECIFIC(1.0),,I,US50,,A,,AP,,PATN,,PRIORITY,,SVK,,_Z,,INVENTOR,,_Z,,_Z,,_T,,2021,,81.440498,,A,,1,,0,
DATAFLOW,OECD.STI.PIE:DSD_PATENTS@DF_PATENTS_OECDSPECIFIC(1.0),,I,US50,,A,,AP,,PATN,,PRIORITY,,CZE,,_Z,,INVENTOR,,_Z,,_Z,,_T,,2021,,309.98911,,A,,1,,0,
DATAFLOW,OECD.STI.PIE:DSD_PATENTS@DF_PATENTS_OECDSPECIFIC(1.0),,I,US50,,A,,AP,,PATN,,PRIORITY,,CZE,,_Z,,INVENTOR,,_Z,,_Z,,_T,,2022,,256.70291,,A,,1,,0,
DATAFLOW,OECD.STI.PIE:DSD_PATENTS@DF_PATENTS_OECDSPECIFIC(1.0),,I,US50,,A,,AP,,PATN,,PRIORITY,,SVK,,_Z,,INVENTOR,,_Z,,_Z,,_T,,2022,,44.433498,,A,,1,,0,
DATAFLOW,OECD.STI.PIE:DSD_PATENTS@DF_PATENTS_OECDSPECIFIC(1.0),,I,US50,,A,,AP,,PATN,,PRIORITY,,IRN,,_Z,,INVENTOR,,_Z,,_Z,,_T,,2022,,38.285702,,A,,1,,0,
DATAFLOW,OECD.STI.PIE:DSD_PATENTS@DF_PATENTS_OECDSPECIFIC(1.0),,I,US50,,A,,AP,,PATN,,PRIORITY,,NGA,,_Z,,INVENTOR,,_Z,,_Z,,_T,,2022,,2.9000001,,A,,1,,0,
DATAFLOW,OECD.STI.PIE:DSD_PATENTS@DF_PATENTS_OECDSPECIFIC(1.0),,I,US50,,A,,AP,,PATN,,PRIORITY,,ECU,,_Z,,INVENTOR,,_Z,,_Z,,_T,,2022,,2.2916999,,A,,1,,0,
DATAFLOW,OECD.STI.PIE:DSD_PATENTS@DF_PATENTS_OECDSPECIFIC(1.0),,I,US50,,A,,AP,,PATN,,PRIORITY,,PER,,_Z,,INVENTOR,,_Z,,_Z,,_T,,2022,,1.1389,,A,,1,,0,
DATAFLOW,OECD.STI.PIE:DSD_PATENTS@DF_PATENTS_OECDSPECIFIC(1.0),,I,US50,,A,,AP,,PATN,,PRIORITY,,SGP,,_Z,,INVENTOR,,_Z,,_Z,,_T,,2022,,1116.9506,,A,,1,,0,
DATAFLOW,OECD.STI.PIE:DSD_PATENTS@DF_PATENTS_OECDSPECIFIC(1.0),,I,US50,,A,,AP,,PATN,,PRIORITY,,PHL,,_Z,,INVENTOR,,_Z,,_Z,,_T,,2022,,106.594,,A,,1,,0,
DATAFLOW,OECD.STI.PIE:DSD_PATENTS@DF_PATENTS_OECDSPECIFIC(1.0),,I,US50,,A,,AP,,PATN,,PRIORITY,,W,,_Z,,INVENTOR,,_Z,,_Z,,_T,,2022,,282880,,A,,1,,0,
DATAFLOW,OECD.STI.PIE:DSD_PATENTS@DF_PATENTS_OECDSPECIFIC(1.0),,I,US50,,A,,AP,,PATN,,PRIORITY,,FIN,,_Z,,INVENTOR,,_Z,,_Z,,_T,,2022,,965.75208,,A,,1,,0,
DATAFLOW,OECD.STI.PIE:DSD_PATENTS@DF_PATENTS_OECDSPECIFIC(1.0),,I,US50,,A,,AP,,PATN,,PRIORITY,,TUN,,_Z,,INVENTOR,,_Z,,_Z,,_T,,2022,,6.0088,,A,,1,,0,
DATAFLOW,OECD.STI.PIE:DSD_PATENTS@DF_PATENTS_OECDSPECIFIC(1.0),,I,US50,,A,,AP,,PATN,,PRIORITY,,PRT,,_Z,,INVENTOR,,_Z,,_Z,,_T,,2022,,118.521,,A,,1,,0,
DATAFLOW,OECD.STI.PIE:DSD_PATENTS@DF_PATENTS_OECDSPECIFIC(1.0),,I,US50,,A,,AP,,PATN,,PRIORITY,,IRL,,_Z,,INVENTOR,,_Z,,_Z,,_T,,2022,,776.41412,,A,,1,,0,
DATAFLOW,OECD.STI.PIE:DSD_PATENTS@DF_PATENTS_OECDSPECIFIC(1.0),,I,US50,,A,,AP,,PATN,,PRIORITY,,MYS,,_Z,,INVENTOR,,_Z,,_Z,,_T,,2022,,262.84061,,A,,1,,0,
DATAFLOW,OECD.STI.PIE:DSD_PATENTS@DF_PATENTS_OECDSPECIFIC(1.0),,I,US50,,A,,AP,,PATN,,PRIORITY,,LUX,,_Z,,INVENTOR,,_Z,,_Z,,_T,,2022,,48.404499,,A,,1,,0,
DATAFLOW,OECD.STI.PIE:DSD_PATENTS@DF_PATENTS_OECDSPECIFIC(1.0),,I,US50,,A,,AP,,PATN,,PRIORITY,,KOR,,_Z,,INVENTOR,,_Z,,_Z,,_T,,2022,,23415.477,,A,,1,,0,
DATAFLOW,OECD.STI.PIE:DSD_PATENTS@DF_PATENTS_OECDSPECIFIC(1.0),,I,US50,,A,,AP,,PATN,,PRIORITY,,BEL,,_Z,,INVENTOR,,_Z,,_Z,,_T,,2022,,924.98712,,A,,1,,0,
DATAFLOW,OECD.STI.PIE:DSD_PATENTS@DF_PATENTS_OECDSPECIFIC(1.0),,I,US50,,A,,AP,,PATN,,PRIORITY,,ARM,,_Z,,INVENTOR,,_Z,,_Z,,_T,,2022,,29.408199,,A,,1,,0,
DATAFLOW,OECD.STI.PIE:DSD_PATENTS@DF_PATENTS_OECDSPECIFIC(1.0),,I,US50,,A,,AP,,PATN,,PRIORITY,,CYP,,_Z,,INVENTOR,,_Z,,_Z,,_T,,2022,,19.444,,A,,1,,0,
DATAFLOW,OECD.STI.PIE:DSD_PATENTS@DF_PATENTS_OECDSPECIFIC(1.0),,I,US50,,A,,AP,,PATN,,PRIORITY,,JPN,,_Z,,INVENTOR,,_Z,,_Z,,_T,,2022,,39359.461,,A,,1,,0,
DATAFLOW,OECD.STI.PIE:DSD_PATENTS@DF_PATENTS_OECDSPECIFIC(1.0),,I,US50,,A,,AP,,PATN,,PRIORITY,,MEX,,_Z,,INVENTOR,,_Z,,_Z,,_T,,2022,,270.44809,,A,,1,,0,
DATAFLOW,OECD.STI.PIE:DSD_PATENTS@DF_PATENTS_OECDSPECIFIC(1.0),,I,US50,,A,,AP,,PATN,,PRIORITY,,GTM,,_Z,,INVENTOR,,_Z,,_Z,,_T,,2022,,4.1666999,,A,,1,,0,
DATAFLOW,OECD.STI.PIE:DSD_PATENTS@DF_PATENTS_OECDSPECIFIC(1.0),,I,US50,,A,,AP,,PATN,,PRIORITY,,SAU,,_Z,,INVENTOR,,_Z,,_Z,,_T,,2022,,1271.4807,,A,,1,,0,
DATAFLOW,OECD.STI.PIE:DSD_PATENTS@DF_PATENTS_OECDSPECIFIC(1.0),,I,US50,,A,,AP,,PATN,,PRIORITY,,BLR,,_Z,,INVENTOR,,_Z,,_Z,,_T,,2022,,26.5373,,A,,1,,0,
DATAFLOW,OECD.STI.PIE:DSD_PATENTS@DF_PATENTS_OECDSPECIFIC(1.0),,I,US50,,A,,AP,,PATN,,PRIORITY,,MNG,,_Z,,INVENTOR,,_Z,,_Z,,_T,,2022,,0.1,,A,,1,,0,
DATAFLOW,OECD.STI.PIE:DSD_PATENTS@DF_PATENTS_OECDSPECIFIC(1.0),,I,US50,,A,,AP,,PATN,,PRIORITY,,CHN,,_Z,,INVENTOR,,_Z,,_Z,,_T,,2022,,33472.578,,A,,1,,0,
DATAFLOW,OECD.STI.PIE:DSD_PATENTS@DF_PATENTS_OECDSPECIFIC(1.0),,I,US50,,A,,AP,,PATN,,PRIORITY,,KEN,,_Z,,INVENTOR,,_Z,,_Z,,_T,,2022,,8.7004004,,A,,1,,0,
DATAFLOW,OECD.STI.PIE:DSD_PATENTS@DF_PATENTS_OECDSPECIFIC(1.0),,I,US50,,A,,AP,,PATN,,PRIORITY,,DZA,,_Z,,INVENTOR,,_Z,,_Z,,_T,,2022,,2.5332999,,A,,1,,0,
DATAFLOW,OECD.STI.PIE:DSD_PATENTS@DF_PATENTS_OECDSPECIFIC(1.0),,I,US50,,A,,AP,,PATN,,PRIORITY,,HKG,,_Z,,INVENTOR,,_Z,,_Z,,_T,,2022,,421.72589,,A,,1,,0,
DATAFLOW,OECD.STI.PIE:DSD_PATENTS@DF_PATENTS_OECDSPECIFIC(1.0),,I,US50,,A,,AP,,PATN,,PRIORITY,,EGY,,_Z,,INVENTOR,,_Z,,_Z,,_T,,2022,,31.670601,,A,,1,,0,
DATAFLOW,OECD.STI.PIE:DSD_PATENTS@DF_PATENTS_OECDSPECIFIC(1.0),,I,US50,,A,,AP,,PATN,,PRIORITY,,ARG,,_Z,,INVENTOR,,_Z,,_Z,,_T,,2022,,88.059502,,A,,1,,0,
DATAFLOW,OECD.STI.PIE:DSD_PATENTS@DF_PATENTS_OECDSPECIFIC(1.0),,I,US50,,A,,AP,,PATN,,PRIORITY,,PRK,,_Z,,INVENTOR,,_Z,,_Z,,_T,,2022,,0.76789999,,A,,1,,0,
DATAFLOW,OECD.STI.PIE:DSD_PATENTS@DF_PATENTS_OECDSPECIFIC(1.0),,I,US50,,A,,AP,,PATN,,PRIORITY,,POL,,_Z,,INVENTOR,,_Z,,_Z,,_T,,2022,,448.98181,,A,,1,,0,
DATAFLOW,OECD.STI.PIE:DSD_PATENTS@DF_PATENTS_OECDSPECIFIC(1.0),,I,US50,,A,,AP,,PATN,,PRIORITY,,OECD,,_Z,,INVENTOR,,_Z,,_Z,,_T,,2022,,222239.97,,A,,1,,0,
DATAFLOW,OECD.STI.PIE:DSD_PATENTS@DF_PATENTS_OECDSPECIFIC(1.0),,I,US50,,A,,AP,,PATN,,PRIORITY,,USA,,_Z,,INVENTOR,,_Z,,_Z,,_T,,2022,,113178.39,,A,,1,,0,
DATAFLOW,OECD.STI.PIE:DSD_PATENTS@DF_PATENTS_OECDSPECIFIC(1.0),,I,US50,,A,,AP,,PATN,,PRIORITY,,BIH,,_Z,,INVENTOR,,_Z,,_Z,,_T,,2022,,1.5944,,A,,1,,0,
DATAFLOW,OECD.STI.PIE:DSD_PATENTS@DF_PATENTS_OECDSPECIFIC(1.0),,I,US50,,A,,AP,,PATN,,PRIORITY,,LIE,,_Z,,INVENTOR,,_Z,,_Z,,_T,,2022,,16.0429,,A,,1,,0,
DATAFLOW,OECD.STI.PIE:DSD_PATENTS@DF_PATENTS_OECDSPECIFIC(1.0),,I,US50,,A,,AP,,PATN,,PRIORITY,,DNK,,_Z,,INVENTOR,,_Z,,_Z,,_T,,2022,,769.93091,,A,,1,,0,
DATAFLOW,OECD.STI.PIE:DSD_PATENTS@DF_PATENTS_OECDSPECIFIC(1.0),,I,US50,,A,,AP,,PATN,,PRIORITY,,ARE,,_Z,,INVENTOR,,_Z,,_Z,,_T,,2022,,164.94,,A,,1,,0,
DATAFLOW,OECD.STI.PIE:DSD_PATENTS@DF_PATENTS_OECDSPECIFIC(1.0),,I,US50,,A,,AP,,PATN,,PRIORITY,,CHL,,_Z,,INVENTOR,,_Z,,_Z,,_T,,2022,,62.342899,,A,,1,,0,
DATAFLOW,OECD.STI.PIE:DSD_PATENTS@DF_PATENTS_OECDSPECIFIC(1.0),,I,US50,,A,,AP,,PATN,,PRIORITY,,SVN,,_Z,,INVENTOR,,_Z,,_Z,,_T,,2022,,86.296799,,A,,1,,0,
DATAFLOW,OECD.STI.PIE:DSD_PATENTS@DF_PATENTS_OECDSPECIFIC(1.0),,I,US50,,A,,AP,,PATN,,PRIORITY,,CAN,,_Z,,INVENTOR,,_Z,,_Z,,_T,,2022,,5495.8433,,A,,1,,0,
DATAFLOW,OECD.STI.PIE:DSD_PATENTS@DF_PATENTS_OECDSPECIFIC(1.0),,I,US50,,A,,AP,,PATN,,PRIORITY,,LKA,,_Z,,INVENTOR,,_Z,,_Z,,_T,,2022,,9.5832996,,A,,1,,0,
DATAFLOW,OECD.STI.PIE:DSD_PATENTS@DF_PATENTS_OECDSPECIFIC(1.0),,I,US50,,A,,AP,,PATN,,PRIORITY,,COL,,_Z,,INVENTOR,,_Z,,_Z,,_T,,2022,,33.098301,,A,,1,,0,
DATAFLOW,OECD.STI.PIE:DSD_PATENTS@DF_PATENTS_OECDSPECIFIC(1.0),,I,US50,,A,,AP,,PATN,,PRIORITY,,FRA,,_Z,,INVENTOR,,_Z,,_Z,,_T,,2022,,3966.7168,,A,,1,,0,
DATAFLOW,OECD.STI.PIE:DSD_PATENTS@DF_PATENTS_OECDSPECIFIC(1.0),,I,US50,,A,,AP,,PATN,,PRIORITY,,MKD,,_Z,,INVENTOR,,_Z,,_Z,,_T,,2022,,1.9658999,,A,,1,,0,
DATAFLOW,OECD.STI.PIE:DSD_PATENTS@DF_PATENTS_OECDSPECIFIC(1.0),,I,US50,,A,,AP,,PATN,,PRIORITY,,GRC,,_Z,,INVENTOR,,_Z,,_Z,,_T,,2022,,174.11749,,A,,1,,0,
DATAFLOW,OECD.STI.PIE:DSD_PATENTS@DF_PATENTS_OECDSPECIFIC(1.0),,I,US50,,A,,AP,,PATN,,PRIORITY,,PAK,,_Z,,INVENTOR,,_Z,,_Z,,_T,,2022,,19.4625,,A,,1,,0,
DATAFLOW,OECD.STI.PIE:DSD_PATENTS@DF_PATENTS_OECDSPECIFIC(1.0),,I,US50,,A,,AP,,PATN,,PRIORITY,,DEU,,_Z,,INVENTOR,,_Z,,_Z,,_T,,2022,,11926.662,,A,,1,,0,
DATAFLOW,OECD.STI.PIE:DSD_PATENTS@DF_PATENTS_OECDSPECIFIC(1.0),,I,US50,,A,,AP,,PATN,,PRIORITY,,HUN,,_Z,,INVENTOR,,_Z,,_Z,,_T,,2022,,115.8079,,A,,1,,0,
DATAFLOW,OECD.STI.PIE:DSD_PATENTS@DF_PATENTS_OECDSPECIFIC(1.0),,I,US50,,A,,AP,,PATN,,PRIORITY,,NZL,,_Z,,INVENTOR,,_Z,,_Z,,_T,,2022,,130.5623,,A,,1,,0,
DATAFLOW,OECD.STI.PIE:DSD_PATENTS@DF_PATENTS_OECDSPECIFIC(1.0),,I,US50,,A,,AP,,PATN,,PRIORITY,,ESP,,_Z,,INVENTOR,,_Z,,_Z,,_T,,2022,,815.4469,,A,,1,,0,
DATAFLOW,OECD.STI.PIE:DSD_PATENTS@DF_PATENTS_OECDSPECIFIC(1.0),,I,US50,,A,,AP,,PATN,,PRIORITY,,THA,,_Z,,INVENTOR,,_Z,,_Z,,_T,,2022,,60.6119,,A,,1,,0,
DATAFLOW,OECD.STI.PIE:DSD_PATENTS@DF_PATENTS_OECDSPECIFIC(1.0),,I,US50,,A,,AP,,PATN,,PRIORITY,,UKR,,_Z,,INVENTOR,,_Z,,_Z,,_T,,2022,,99.953201,,A,,1,,0,
DATAFLOW,OECD.STI.PIE:DSD_PATENTS@DF_PATENTS_OECDSPECIFIC(1.0),,I,US50,,A,,AP,,PATN,,PRIORITY,,MDA,,_Z,,INVENTOR,,_Z,,_Z,,_T,,2022,,0.91670001,,A,,1,,0,
DATAFLOW,OECD.STI.PIE:DSD_PATENTS@DF_PATENTS_OECDSPECIFIC(1.0),,I,US50,,A,,AP,,PATN,,PRIORITY,,SYC,,_Z,,INVENTOR,,_Z,,_Z,,_T,,2022,,2.9166999,,A,,1,,0,
DATAFLOW,OECD.STI.PIE:DSD_PATENTS@DF_PATENTS_OECDSPECIFIC(1.0),,I,US50,,A,,AP,,PATN,,PRIORITY,,RUS,,_Z,,INVENTOR,,_Z,,_Z,,_T,,2022,,316.9715,,A,,1,,0,
DATAFLOW,OECD.STI.PIE:DSD_PATENTS@DF_PATENTS_OECDSPECIFIC(1.0),,I,US50,,A,,AP,,PATN,,PRIORITY,,TTO,,_Z,,INVENTOR,,_Z,,_Z,,_T,,2022,,4.1666999,,A,,1,,0,
DATAFLOW,OECD.STI.PIE:DSD_PATENTS@DF_PATENTS_OECDSPECIFIC(1.0),,I,US50,,A,,AP,,PATN,,PRIORITY,,PRI,,_Z,,INVENTOR,,_Z,,_Z,,_T,,2022,,4.3428998,,A,,1,,0,
DATAFLOW,OECD.STI.PIE:DSD_PATENTS@DF_PATENTS_OECDSPECIFIC(1.0),,I,US50,,A,,AP,,PATN,,PRIORITY,,ROU,,_Z,,INVENTOR,,_Z,,_Z,,_T,,2022,,126.3424,,A,,1,,0,
DATAFLOW,OECD.STI.PIE:DSD_PATENTS@DF_PATENTS_OECDSPECIFIC(1.0),,I,US50,,A,,AP,,PATN,,PRIORITY,,MCO,,_Z,,INVENTOR,,_Z,,_Z,,_T,,2022,,17.200001,,A,,1,,0,
DATAFLOW,OECD.STI.PIE:DSD_PATENTS@DF_PATENTS_OECDSPECIFIC(1.0),,I,US50,,A,,AP,,PATN,,PRIORITY,,KWT,,_Z,,INVENTOR,,_Z,,_Z,,_T,,2022,,10.7857,,A,,1,,0,
DATAFLOW,OECD.STI.PIE:DSD_PATENTS@DF_PATENTS_OECDSPECIFIC(1.0),,I,US50,,A,,AP,,PATN,,PRIORITY,,AUS,,_Z,,INVENTOR,,_Z,,_Z,,_T,,2022,,886.33258,,A,,1,,0,
DATAFLOW,OECD.STI.PIE:DSD_PATENTS@DF_PATENTS_OECDSPECIFIC(1.0),,I,US50,,A,,AP,,PATN,,PRIORITY,,GBR,,_Z,,INVENTOR,,_Z,,_Z,,_T,,2022,,4829.5254,,A,,1,,0,
DATAFLOW,OECD.STI.PIE:DSD_PATENTS@DF_PATENTS_OECDSPECIFIC(1.0),,I,US50,,A,,AP,,PATN,,PRIORITY,,JOR,,_Z,,INVENTOR,,_Z,,_Z,,_T,,2022,,10.8429,,A,,1,,0,
DATAFLOW,OECD.STI.PIE:DSD_PATENTS@DF_PATENTS_OECDSPECIFIC(1.0),,I,US50,,A,,AP,,PATN,,PRIORITY,,NOR,,_Z,,INVENTOR,,_Z,,_Z,,_T,,2022,,364.09839,,A,,1,,0,
DATAFLOW,OECD.STI.PIE:DSD_PATENTS@DF_PATENTS_OECDSPECIFIC(1.0),,I,US50,,A,,AP,,PATN,,PRIORITY,,LTU,,_Z,,INVENTOR,,_Z,,_Z,,_T,,2022,,194.175,,A,,1,,0,
DATAFLOW,OECD.STI.PIE:DSD_PATENTS@DF_PATENTS_OECDSPECIFIC(1.0),,I,US50,,A,,AP,,PATN,,PRIORITY,,NLD,,_Z,,INVENTOR,,_Z,,_Z,,_T,,2022,,1480.5981,,A,,1,,0,
DATAFLOW,OECD.STI.PIE:DSD_PATENTS@DF_PATENTS_OECDSPECIFIC(1.0),,I,US50,,A,,AP,,PATN,,PRIORITY,,BGR,,_Z,,INVENTOR,,_Z,,_Z,,_T,,2022,,82.039001,,A,,1,,0,
DATAFLOW,OECD.STI.PIE:DSD_PATENTS@DF_PATENTS_OECDSPECIFIC(1.0),,I,US50,,A,,AP,,PATN,,PRIORITY,,IND,,_Z,,INVENTOR,,_Z,,_Z,,_T,,2022,,7895.311,,A,,1,,0,
DATAFLOW,OECD.STI.PIE:DSD_PATENTS@DF_PATENTS_OECDSPECIFIC(1.0),,I,US50,,A,,AP,,PATN,,PRIORITY,,VEN,,_Z,,INVENTOR,,_Z,,_Z,,_T,,2022,,1.1667,,A,,1,,0,
DATAFLOW,OECD.STI.PIE:DSD_PATENTS@DF_PATENTS_OECDSPECIFIC(1.0),,I,US50,,A,,AP,,PATN,,PRIORITY,,CYM,,_Z,,INVENTOR,,_Z,,_Z,,_T,,2022,,7.6943998,,A,,1,,0,
DATAFLOW,OECD.STI.PIE:DSD_PATENTS@DF_PATENTS_OECDSPECIFIC(1.0),,I,US50,,A,,AP,,PATN,,PRIORITY,,IDN,,_Z,,INVENTOR,,_Z,,_Z,,_T,,2022,,8.8129997,,A,,1,,0,
DATAFLOW,OECD.STI.PIE:DSD_PATENTS@DF_PATENTS_OECDSPECIFIC(1.0),,I,US50,,A,,AP,,PATN,,PRIORITY,,JAM,,_Z,,INVENTOR,,_Z,,_Z,,_T,,2022,,2.5,,A,,1,,0,
DATAFLOW,OECD.STI.PIE:DSD_PATENTS@DF_PATENTS_OECDSPECIFIC(1.0),,I,US50,,A,,AP,,PATN,,PRIORITY,,ZAF,,_Z,,INVENTOR,,_Z,,_Z,,_T,,2022,,66.2742,,A,,1,,0,
DATAFLOW,OECD.STI.PIE:DSD_PATENTS@DF_PATENTS_OECDSPECIFIC(1.0),,I,US50,,A,,AP,,PATN,,PRIORITY,,BRA,,_Z,,INVENTOR,,_Z,,_Z,,_T,,2022,,511.62741,,A,,1,,0,
DATAFLOW,OECD.STI.PIE:DSD_PATENTS@DF_PATENTS_OECDSPECIFIC(1.0),,I,US50,,A,,AP,,PATN,,PRIORITY,,PAN,,_Z,,INVENTOR,,_Z,,_Z,,_T,,2022,,3.8666999,,A,,1,,0,
DATAFLOW,OECD.STI.PIE:DSD_PATENTS@DF_PATENTS_OECDSPECIFIC(1.0),,I,US50,,A,,AP,,PATN,,PRIORITY,,BMU,,_Z,,INVENTOR,,_Z,,_Z,,_T,,2022,,3.8666999,,A,,1,,0,
DATAFLOW,OECD.STI.PIE:DSD_PATENTS@DF_PATENTS_OECDSPECIFIC(1.0),,I,US50,,A,,AP,,PATN,,PRIORITY,,UZB,,_Z,,INVENTOR,,_Z,,_Z,,_T,,2022,,0.66670001,,A,,1,,0,
DATAFLOW,OECD.STI.PIE:DSD_PATENTS@DF_PATENTS_OECDSPECIFIC(1.0),,I,US50,,A,,AP,,PATN,,PRIORITY,,LVA,,_Z,,INVENTOR,,_Z,,_Z,,_T,,2022,,20.1429,,A,,1,,0,
DATAFLOW,OECD.STI.PIE:DSD_PATENTS@DF_PATENTS_OECDSPECIFIC(1.0),,I,US50,,A,,AP,,PATN,,PRIORITY,,ISR,,_Z,,INVENTOR,,_Z,,_Z,,_T,,2022,,3722.9917,,A,,1,,0,
DATAFLOW,OECD.STI.PIE:DSD_PATENTS@DF_PATENTS_OECDSPECIFIC(1.0),,I,US50,,A,,AP,,PATN,,PRIORITY,,TUR,,_Z,,INVENTOR,,_Z,,_Z,,_T,,2022,,224.6492,,A,,1,,0,
DATAFLOW,OECD.STI.PIE:DSD_PATENTS@DF_PATENTS_OECDSPECIFIC(1.0),,I,US50,,A,,AP,,PATN,,PRIORITY,,EU27_2020,,_Z,,INVENTOR,,_Z,,_Z,,_T,,2022,,28529.418,,A,,1,,0,
DATAFLOW,OECD.STI.PIE:DSD_PATENTS@DF_PATENTS_OECDSPECIFIC(1.0),,I,US50,,A,,AP,,PATN,,PRIORITY,,ISL,,_Z,,INVENTOR,,_Z,,_Z,,_T,,2022,,26.444901,,A,,1,,0,
DATAFLOW,OECD.STI.PIE:DSD_PATENTS@DF_PATENTS_OECDSPECIFIC(1.0),,I,US50,,A,,AP,,PATN,,PRIORITY,,URY,,_Z,,INVENTOR,,_Z,,_Z,,_T,,2022,,13.619,,A,,1,,0,
DATAFLOW,OECD.STI.PIE:DSD_PATENTS@DF_PATENTS_OECDSPECIFIC(1.0),,I,US50,,A,,AP,,PATN,,PRIORITY,,MLT,,_Z,,INVENTOR,,_Z,,_Z,,_T,,2022,,17.926201,,A,,1,,0,
DATAFLOW,OECD.STI.PIE:DSD_PATENTS@DF_PATENTS_OECDSPECIFIC(1.0),,I,US50,,A,,AP,,PATN,,PRIORITY,,KAZ,,_Z,,INVENTOR,,_Z,,_Z,,_T,,2022,,5.1999998,,A,,1,,0,
DATAFLOW,OECD.STI.PIE:DSD_PATENTS@DF_PATENTS_OECDSPECIFIC(1.0),,I,US50,,A,,AP,,PATN,,PRIORITY,,EST,,_Z,,INVENTOR,,_Z,,_Z,,_T,,2022,,29.128799,,A,,1,,0,
DATAFLOW,OECD.STI.PIE:DSD_PATENTS@DF_PATENTS_OECDSPECIFIC(1.0),,I,US50,,A,,AP,,PATN,,PRIORITY,,TWN,,_Z,,INVENTOR,,_Z,,_Z,,_T,,2022,,13744.08,,A,,1,,0,
DATAFLOW,OECD.STI.PIE:DSD_PATENTS@DF_PATENTS_OECDSPECIFIC(1.0),,I,US50,,A,,AP,,PATN,,PRIORITY,,MAR,,_Z,,INVENTOR,,_Z,,_Z,,_T,,2022,,6.4095001,,A,,1,,0,
DATAFLOW,OECD.STI.PIE:DSD_PATENTS@DF_PATENTS_OECDSPECIFIC(1.0),,I,US50,,A,,AP,,PATN,,PRIORITY,,CUB,,_Z,,INVENTOR,,_Z,,_Z,,_T,,2022,,1.75,,A,,1,,0,
DATAFLOW,OECD.STI.PIE:DSD_PATENTS@DF_PATENTS_OECDSPECIFIC(1.0),,I,US50,,A,,AP,,PATN,,PRIORITY,,AUT,,_Z,,INVENTOR,,_Z,,_Z,,_T,,2022,,954.14008,,A,,1,,0,
DATAFLOW,OECD.STI.PIE:DSD_PATENTS@DF_PATENTS_OECDSPECIFIC(1.0),,I,US50,,A,,AP,,PATN,,PRIORITY,,HRV,,_Z,,INVENTOR,,_Z,,_Z,,_T,,2022,,46.230598,,A,,1,,0,
DATAFLOW,OECD.STI.PIE:DSD_PATENTS@DF_PATENTS_OECDSPECIFIC(1.0),,I,US50,,A,,AP,,PATN,,PRIORITY,,CHE,,_Z,,INVENTOR,,_Z,,_Z,,_T,,2022,,1974.0319,,A,,1,,0,
DATAFLOW,OECD.STI.PIE:DSD_PATENTS@DF_PATENTS_OECDSPECIFIC(1.0),,I,US50,,A,,AP,,PATN,,PRIORITY,,LBN,,_Z,,INVENTOR,,_Z,,_Z,,_T,,2022,,6.9833002,,A,,1,,0,
DATAFLOW,OECD.STI.PIE:DSD_PATENTS@DF_PATENTS_OECDSPECIFIC(1.0),,I,US50,,A,,AP,,PATN,,PRIORITY,,GEO,,_Z,,INVENTOR,,_Z,,_Z,,_T,,2022,,4.4643002,,A,,1,,0,
DATAFLOW,OECD.STI.PIE:DSD_PATENTS@DF_PATENTS_OECDSPECIFIC(1.0),,I,US50,,A,,AP,,PATN,,PRIORITY,,ITA,,_Z,,INVENTOR,,_Z,,_Z,,_T,,2022,,2301.9023,,A,,1,,0,
DATAFLOW,OECD.STI.PIE:DSD_PATENTS@DF_PATENTS_OECDSPECIFIC(1.0),,I,US50,,A,,AP,,PATN,,PRIORITY,,SWE,,_Z,,INVENTOR,,_Z,,_Z,,_T,,2022,,1818.1729,,A,,1,,0,
DATAFLOW,OECD.STI.PIE:DSD_PATENTS@DF_PATENTS_OECDSPECIFIC(1.0),,I,US50,,A,,AP,,PATN,,PRIORITY,,CRI,,_Z,,INVENTOR,,_Z,,_Z,,_T,,2022,,28.8302,,A,,1,,0,
DATAFLOW,OECD.STI.PIE:DSD_PATENTS@DF_PATENTS_OECDSPECIFIC(1.0),,I,US50,,A,,AP,,PATN,,PRIORITY,,CZE,,_Z,,INVENTOR,,_Z,,_Z,,_T,,2018,,338.91061,,A,,1,,0,
DATAFLOW,OECD.STI.PIE:DSD_PATENTS@DF_PATENTS_OECDSPECIFIC(1.0),,I,US50,,A,,AP,,PATN,,PRIORITY,,SVK,,_Z,,INVENTOR,,_Z,,_Z,,_T,,2018,,61.0914,,A,,1,,0,
DATAFLOW,OECD.STI.PIE:DSD_PATENTS@DF_PATENTS_OECDSPECIFIC(1.0),,I,US50,,A,,AP,,PATN,,PRIORITY,,IRN,,_Z,,INVENTOR,,_Z,,_Z,,_T,,2018,,109.3845,,A,,1,,0,
DATAFLOW,OECD.STI.PIE:DSD_PATENTS@DF_PATENTS_OECDSPECIFIC(1.0),,I,US50,,A,,AP,,PATN,,PRIORITY,,NGA,,_Z,,INVENTOR,,_Z,,_Z,,_T,,2018,,5.619,,A,,1,,0,
DATAFLOW,OECD.STI.PIE:DSD_PATENTS@DF_PATENTS_OECDSPECIFIC(1.0),,I,US50,,A,,AP,,PATN,,PRIORITY,,ECU,,_Z,,INVENTOR,,_Z,,_Z,,_T,,2018,,1.75,,A,,1,,0,
DATAFLOW,OECD.STI.PIE:DSD_PATENTS@DF_PATENTS_OECDSPECIFIC(1.0),,I,US50,,A,,AP,,PATN,,PRIORITY,,PER,,_Z,,INVENTOR,,_Z,,_Z,,_T,,2018,,16.7143,,A,,1,,0,
DATAFLOW,OECD.STI.PIE:DSD_PATENTS@DF_PATENTS_OECDSPECIFIC(1.0),,I,US50,,A,,AP,,PATN,,PRIORITY,,SGP,,_Z,,INVENTOR,,_Z,,_Z,,_T,,2018,,1379.8705,,A,,1,,0,
DATAFLOW,OECD.STI.PIE:DSD_PATENTS@DF_PATENTS_OECDSPECIFIC(1.0),,I,US50,,A,,AP,,PATN,,PRIORITY,,PHL,,_Z,,INVENTOR,,_Z,,_Z,,_T,,2018,,109.2266,,A,,1,,0,
DATAFLOW,OECD.STI.PIE:DSD_PATENTS@DF_PATENTS_OECDSPECIFIC(1.0),,I,US50,,A,,AP,,PATN,,PRIORITY,,W,,_Z,,INVENTOR,,_Z,,_Z,,_T,,2018,,395900,,A,,1,,0,
DATAFLOW,OECD.STI.PIE:DSD_PATENTS@DF_PATENTS_OECDSPECIFIC(1.0),,I,US50,,A,,AP,,PATN,,PRIORITY,,FIN,,_Z,,INVENTOR,,_Z,,_Z,,_T,,2018,,1716.7606,,A,,1,,0,
DATAFLOW,OECD.STI.PIE:DSD_PATENTS@DF_PATENTS_OECDSPECIFIC(1.0),,I,US50,,A,,AP,,PATN,,PRIORITY,,TUN,,_Z,,INVENTOR,,_Z,,_Z,,_T,,2018,,5.3667002,,A,,1,,0,
DATAFLOW,OECD.STI.PIE:DSD_PATENTS@DF_PATENTS_OECDSPECIFIC(1.0),,I,US50,,A,,AP,,PATN,,PRIORITY,,PRT,,_Z,,INVENTOR,,_Z,,_Z,,_T,,2018,,182.8131,,A,,1,,0,
DATAFLOW,OECD.STI.PIE:DSD_PATENTS@DF_PATENTS_OECDSPECIFIC(1.0),,I,US50,,A,,AP,,PATN,,PRIORITY,,IRL,,_Z,,INVENTOR,,_Z,,_Z,,_T,,2018,,1029.8477,,A,,1,,0,
DATAFLOW,OECD.STI.PIE:DSD_PATENTS@DF_PATENTS_OECDSPECIFIC(1.0),,I,US50,,A,,AP,,PATN,,PRIORITY,,MYS,,_Z,,INVENTOR,,_Z,,_Z,,_T,,2018,,308.70239,,A,,1,,0,
DATAFLOW,OECD.STI.PIE:DSD_PATENTS@DF_PATENTS_OECDSPECIFIC(1.0),,I,US50,,A,,AP,,PATN,,PRIORITY,,LUX,,_Z,,INVENTOR,,_Z,,_Z,,_T,,2018,,75.993301,,A,,1,,0,
DATAFLOW,OECD.STI.PIE:DSD_PATENTS@DF_PATENTS_OECDSPECIFIC(1.0),,I,US50,,A,,AP,,PATN,,PRIORITY,,KOR,,_Z,,INVENTOR,,_Z,,_Z,,_T,,2018,,26707.357,,A,,1,,0,
DATAFLOW,OECD.STI.PIE:DSD_PATENTS@DF_PATENTS_OECDSPECIFIC(1.0),,I,US50,,A,,AP,,PATN,,PRIORITY,,BEL,,_Z,,INVENTOR,,_Z,,_Z,,_T,,2018,,1717.6848,,A,,1,,0,
DATAFLOW,OECD.STI.PIE:DSD_PATENTS@DF_PATENTS_OECDSPECIFIC(1.0),,I,US50,,A,,AP,,PATN,,PRIORITY,,ARM,,_Z,,INVENTOR,,_Z,,_Z,,_T,,2018,,12.3508,,A,,1,,0,
DATAFLOW,OECD.STI.PIE:DSD_PATENTS@DF_PATENTS_OECDSPECIFIC(1.0),,I,US50,,A,,AP,,PATN,,PRIORITY,,CYP,,_Z,,INVENTOR,,_Z,,_Z,,_T,,2018,,20.1714,,A,,1,,0,
DATAFLOW,OECD.STI.PIE:DSD_PATENTS@DF_PATENTS_OECDSPECIFIC(1.0),,I,US50,,A,,AP,,PATN,,PRIORITY,,JPN,,_Z,,INVENTOR,,_Z,,_Z,,_T,,2018,,62202.777,,A,,1,,0,
DATAFLOW,OECD.STI.PIE:DSD_PATENTS@DF_PATENTS_OECDSPECIFIC(1.0),,I,US50,,A,,AP,,PATN,,PRIORITY,,MEX,,_Z,,INVENTOR,,_Z,,_Z,,_T,,2018,,403.55829,,A,,1,,0,
DATAFLOW,OECD.STI.PIE:DSD_PATENTS@DF_PATENTS_OECDSPECIFIC(1.0),,I,US50,,A,,AP,,PATN,,PRIORITY,,GTM,,_Z,,INVENTOR,,_Z,,_Z,,_T,,2018,,1.5,,A,,1,,0,
DATAFLOW,OECD.STI.PIE:DSD_PATENTS@DF_PATENTS_OECDSPECIFIC(1.0),,I,US50,,A,,AP,,PATN,,PRIORITY,,SAU,,_Z,,INVENTOR,,_Z,,_Z,,_T,,2018,,870.31201,,A,,1,,0,
DATAFLOW,OECD.STI.PIE:DSD_PATENTS@DF_PATENTS_OECDSPECIFIC(1.0),,I,US50,,A,,AP,,PATN,,PRIORITY,,BLR,,_Z,,INVENTOR,,_Z,,_Z,,_T,,2018,,36.619099,,A,,1,,0,
DATAFLOW,OECD.STI.PIE:DSD_PATENTS@DF_PATENTS_OECDSPECIFIC(1.0),,I,US50,,A,,AP,,PATN,,PRIORITY,,MNG,,_Z,,INVENTOR,,_Z,,_Z,,_T,,2018,,2.2456,,A,,1,,0,
DATAFLOW,OECD.STI.PIE:DSD_PATENTS@DF_PATENTS_OECDSPECIFIC(1.0),,I,US50,,A,,AP,,PATN,,PRIORITY,,CHN,,_Z,,INVENTOR,,_Z,,_Z,,_T,,2018,,33095.105,,A,,1,,0,
DATAFLOW,OECD.STI.PIE:DSD_PATENTS@DF_PATENTS_OECDSPECIFIC(1.0),,I,US50,,A,,AP,,PATN,,PRIORITY,,KEN,,_Z,,INVENTOR,,_Z,,_Z,,_T,,2018,,25.5968,,A,,1,,0,
DATAFLOW,OECD.STI.PIE:DSD_PATENTS@DF_PATENTS_OECDSPECIFIC(1.0),,I,US50,,A,,AP,,PATN,,PRIORITY,,DZA,,_Z,,INVENTOR,,_Z,,_Z,,_T,,2018,,0.40000001,,A,,1,,0,
DATAFLOW,OECD.STI.PIE:DSD_PATENTS@DF_PATENTS_OECDSPECIFIC(1.0),,I,US50,,A,,AP,,PATN,,PRIORITY,,HKG,,_Z,,INVENTOR,,_Z,,_Z,,_T,,2018,,549.96222,,A,,1,,0,
DATAFLOW,OECD.STI.PIE:DSD_PATENTS@DF_PATENTS_OECDSPECIFIC(1.0),,I,US50,,A,,AP,,PATN,,PRIORITY,,EGY,,_Z,,INVENTOR,,_Z,,_Z,,_T,,2018,,31.538099,,A,,1,,0,
DATAFLOW,OECD.STI.PIE:DSD_PATENTS@DF_PATENTS_OECDSPECIFIC(1.0),,I,US50,,A,,AP,,PATN,,PRIORITY,,ARG,,_Z,,INVENTOR,,_Z,,_Z,,_T,,2018,,144.5528,,A,,1,,0,
DATAFLOW,OECD.STI.PIE:DSD_PATENTS@DF_PATENTS_OECDSPECIFIC(1.0),,I,US50,,A,,AP,,PATN,,PRIORITY,,PRK,,_Z,,INVENTOR,,_Z,,_Z,,_T,,2018,,5.7333002,,A,,1,,0,
DATAFLOW,OECD.STI.PIE:DSD_PATENTS@DF_PATENTS_OECDSPECIFIC(1.0),,I,US50,,A,,AP,,PATN,,PRIORITY,,POL,,_Z,,INVENTOR,,_Z,,_Z,,_T,,2018,,578.66632,,A,,1,,0,
DATAFLOW,OECD.STI.PIE:DSD_PATENTS@DF_PATENTS_OECDSPECIFIC(1.0),,I,US50,,A,,AP,,PATN,,PRIORITY,,OECD,,_Z,,INVENTOR,,_Z,,_Z,,_T,,2018,,333911.94,,A,,1,,0,
DATAFLOW,OECD.STI.PIE:DSD_PATENTS@DF_PATENTS_OECDSPECIFIC(1.0),,I,US50,,A,,AP,,PATN,,PRIORITY,,USA,,_Z,,INVENTOR,,_Z,,_Z,,_T,,2018,,163791.08,,A,,1,,0,
DATAFLOW,OECD.STI.PIE:DSD_PATENTS@DF_PATENTS_OECDSPECIFIC(1.0),,I,US50,,A,,AP,,PATN,,PRIORITY,,BIH,,_Z,,INVENTOR,,_Z,,_Z,,_T,,2018,,1.4,,A,,1,,0,
DATAFLOW,OECD.STI.PIE:DSD_PATENTS@DF_PATENTS_OECDSPECIFIC(1.0),,I,US50,,A,,AP,,PATN,,PRIORITY,,LIE,,_Z,,INVENTOR,,_Z,,_Z,,_T,,2018,,34.799999,,A,,1,,0,
DATAFLOW,OECD.STI.PIE:DSD_PATENTS@DF_PATENTS_OECDSPECIFIC(1.0),,I,US50,,A,,AP,,PATN,,PRIORITY,,DNK,,_Z,,INVENTOR,,_Z,,_Z,,_T,,2018,,1523.1223,,A,,1,,0,
DATAFLOW,OECD.STI.PIE:DSD_PATENTS@DF_PATENTS_OECDSPECIFIC(1.0),,I,US50,,A,,AP,,PATN,,PRIORITY,,ARE,,_Z,,INVENTOR,,_Z,,_Z,,_T,,2018,,154.5152,,A,,1,,0,
DATAFLOW,OECD.STI.PIE:DSD_PATENTS@DF_PATENTS_OECDSPECIFIC(1.0),,I,US50,,A,,AP,,PATN,,PRIORITY,,CHL,,_Z,,INVENTOR,,_Z,,_Z,,_T,,2018,,115.2706,,A,,1,,0,
DATAFLOW,OECD.STI.PIE:DSD_PATENTS@DF_PATENTS_OECDSPECIFIC(1.0),,I,US50,,A,,AP,,PATN,,PRIORITY,,SVN,,_Z,,INVENTOR,,_Z,,_Z,,_T,,2018,,82.1614,,A,,1,,0,
DATAFLOW,OECD.STI.PIE:DSD_PATENTS@DF_PATENTS_OECDSPECIFIC(1.0),,I,US50,,A,,AP,,PATN,,PRIORITY,,CAN,,_Z,,INVENTOR,,_Z,,_Z,,_T,,2018,,8584.585,,A,,1,,0,
DATAFLOW,OECD.STI.PIE:DSD_PATENTS@DF_PATENTS_OECDSPECIFIC(1.0),,I,US50,,A,,AP,,PATN,,PRIORITY,,LKA,,_Z,,INVENTOR,,_Z,,_Z,,_T,,2018,,15.4929,,A,,1,,0,
DATAFLOW,OECD.STI.PIE:DSD_PATENTS@DF_PATENTS_OECDSPECIFIC(1.0),,I,US50,,A,,AP,,PATN,,PRIORITY,,COL,,_Z,,INVENTOR,,_Z,,_Z,,_T,,2018,,79.761902,,A,,1,,0,
DATAFLOW,OECD.STI.PIE:DSD_PATENTS@DF_PATENTS_OECDSPECIFIC(1.0),,I,US50,,A,,AP,,PATN,,PRIORITY,,FRA,,_Z,,INVENTOR,,_Z,,_Z,,_T,,2018,,8271.8301,,A,,1,,0,
DATAFLOW,OECD.STI.PIE:DSD_PATENTS@DF_PATENTS_OECDSPECIFIC(1.0),,I,US50,,A,,AP,,PATN,,PRIORITY,,MKD,,_Z,,INVENTOR,,_Z,,_Z,,_T,,2018,,4.75,,A,,1,,0,
DATAFLOW,OECD.STI.PIE:DSD_PATENTS@DF_PATENTS_OECDSPECIFIC(1.0),,I,US50,,A,,AP,,PATN,,PRIORITY,,GRC,,_Z,,INVENTOR,,_Z,,_Z,,_T,,2018,,142.35629,,A,,1,,0,
DATAFLOW,OECD.STI.PIE:DSD_PATENTS@DF_PATENTS_OECDSPECIFIC(1.0),,I,US50,,A,,AP,,PATN,,PRIORITY,,PAK,,_Z,,INVENTOR,,_Z,,_Z,,_T,,2018,,35.785702,,A,,1,,0,
DATAFLOW,OECD.STI.PIE:DSD_PATENTS@DF_PATENTS_OECDSPECIFIC(1.0),,I,US50,,A,,AP,,PATN,,PRIORITY,,DEU,,_Z,,INVENTOR,,_Z,,_Z,,_T,,2018,,20529.443,,A,,1,,0,
DATAFLOW,OECD.STI.PIE:DSD_PATENTS@DF_PATENTS_OECDSPECIFIC(1.0),,I,US50,,A,,AP,,PATN,,PRIORITY,,HUN,,_Z,,INVENTOR,,_Z,,_Z,,_T,,2018,,256.0239,,A,,1,,0,
DATAFLOW,OECD.STI.PIE:DSD_PATENTS@DF_PATENTS_OECDSPECIFIC(1.0),,I,US50,,A,,AP,,PATN,,PRIORITY,,NZL,,_Z,,INVENTOR,,_Z,,_Z,,_T,,2018,,350.7399,,A,,1,,0,
DATAFLOW,OECD.STI.PIE:DSD_PATENTS@DF_PATENTS_OECDSPECIFIC(1.0),,I,US50,,A,,AP,,PATN,,PRIORITY,,ESP,,_Z,,INVENTOR,,_Z,,_Z,,_T,,2018,,1555.0568,,A,,1,,0,
DATAFLOW,OECD.STI.PIE:DSD_PATENTS@DF_PATENTS_OECDSPECIFIC(1.0),,I,US50,,A,,AP,,PATN,,PRIORITY,,THA,,_Z,,INVENTOR,,_Z,,_Z,,_T,,2018,,110.9461,,A,,1,,0,
DATAFLOW,OECD.STI.PIE:DSD_PATENTS@DF_PATENTS_OECDSPECIFIC(1.0),,I,US50,,A,,AP,,PATN,,PRIORITY,,UKR,,_Z,,INVENTOR,,_Z,,_Z,,_T,,2018,,91.051804,,A,,1,,0,
DATAFLOW,OECD.STI.PIE:DSD_PATENTS@DF_PATENTS_OECDSPECIFIC(1.0),,I,US50,,A,,AP,,PATN,,PRIORITY,,MDA,,_Z,,INVENTOR,,_Z,,_Z,,_T,,2018,,0.41670001,,A,,1,,0,
DATAFLOW,OECD.STI.PIE:DSD_PATENTS@DF_PATENTS_OECDSPECIFIC(1.0),,I,US50,,A,,AP,,PATN,,PRIORITY,,SYC,,_Z,,INVENTOR,,_Z,,_Z,,_T,,2018,,1.6667,,A,,1,,0,
DATAFLOW,OECD.STI.PIE:DSD_PATENTS@DF_PATENTS_OECDSPECIFIC(1.0),,I,US50,,A,,AP,,PATN,,PRIORITY,,RUS,,_Z,,INVENTOR,,_Z,,_Z,,_T,,2018,,862.81158,,A,,1,,0,
DATAFLOW,OECD.STI.PIE:DSD_PATENTS@DF_PATENTS_OECDSPECIFIC(1.0),,I,US50,,A,,AP,,PATN,,PRIORITY,,TTO,,_Z,,INVENTOR,,_Z,,_Z,,_T,,2018,,6.3832998,,A,,1,,0,
DATAFLOW,OECD.STI.PIE:DSD_PATENTS@DF_PATENTS_OECDSPECIFIC(1.0),,I,US50,,A,,AP,,PATN,,PRIORITY,,PRI,,_Z,,INVENTOR,,_Z,,_Z,,_T,,2018,,0.2,,A,,1,,0,
DATAFLOW,OECD.STI.PIE:DSD_PATENTS@DF_PATENTS_OECDSPECIFIC(1.0),,I,US50,,A,,AP,,PATN,,PRIORITY,,ROU,,_Z,,INVENTOR,,_Z,,_Z,,_T,,2018,,121.5184,,A,,1,,0,
DATAFLOW,OECD.STI.PIE:DSD_PATENTS@DF_PATENTS_OECDSPECIFIC(1.0),,I,US50,,A,,AP,,PATN,,PRIORITY,,MCO,,_Z,,INVENTOR,,_Z,,_Z,,_T,,2018,,17.0774,,A,,1,,0,
DATAFLOW,OECD.STI.PIE:DSD_PATENTS@DF_PATENTS_OECDSPECIFIC(1.0),,I,US50,,A,,AP,,PATN,,PRIORITY,,KWT,,_Z,,INVENTOR,,_Z,,_Z,,_T,,2018,,14.2083,,A,,1,,0,
DATAFLOW,OECD.STI.PIE:DSD_PATENTS@DF_PATENTS_OECDSPECIFIC(1.0),,I,US50,,A,,AP,,PATN,,PRIORITY,,AUS,,_Z,,INVENTOR,,_Z,,_Z,,_T,,2018,,2333.1909,,A,,1,,0,
DATAFLOW,OECD.STI.PIE:DSD_PATENTS@DF_PATENTS_OECDSPECIFIC(1.0),,I,US50,,A,,AP,,PATN,,PRIORITY,,GBR,,_Z,,INVENTOR,,_Z,,_Z,,_T,,2018,,9067.6875,,A,,1,,0,
DATAFLOW,OECD.STI.PIE:DSD_PATENTS@DF_PATENTS_OECDSPECIFIC(1.0),,I,US50,,A,,AP,,PATN,,PRIORITY,,JOR,,_Z,,INVENTOR,,_Z,,_Z,,_T,,2018,,12.2833,,A,,1,,0,
DATAFLOW,OECD.STI.PIE:DSD_PATENTS@DF_PATENTS_OECDSPECIFIC(1.0),,I,US50,,A,,AP,,PATN,,PRIORITY,,NOR,,_Z,,INVENTOR,,_Z,,_Z,,_T,,2018,,780.60889,,A,,1,,0,
DATAFLOW,OECD.STI.PIE:DSD_PATENTS@DF_PATENTS_OECDSPECIFIC(1.0),,I,US50,,A,,AP,,PATN,,PRIORITY,,LTU,,_Z,,INVENTOR,,_Z,,_Z,,_T,,2018,,31.805599,,A,,1,,0,
DATAFLOW,OECD.STI.PIE:DSD_PATENTS@DF_PATENTS_OECDSPECIFIC(1.0),,I,US50,,A,,AP,,PATN,,PRIORITY,,NLD,,_Z,,INVENTOR,,_Z,,_Z,,_T,,2018,,3019.9768,,A,,1,,0,
DATAFLOW,OECD.STI.PIE:DSD_PATENTS@DF_PATENTS_OECDSPECIFIC(1.0),,I,US50,,A,,AP,,PATN,,PRIORITY,,BGR,,_Z,,INVENTOR,,_Z,,_Z,,_T,,2018,,103.4608,,A,,1,,0,
DATAFLOW,OECD.STI.PIE:DSD_PATENTS@DF_PATENTS_OECDSPECIFIC(1.0),,I,US50,,A,,AP,,PATN,,PRIORITY,,IND,,_Z,,INVENTOR,,_Z,,_Z,,_T,,2018,,6643.9048,,A,,1,,0,
DATAFLOW,OECD.STI.PIE:DSD_PATENTS@DF_PATENTS_OECDSPECIFIC(1.0),,I,US50,,A,,AP,,PATN,,PRIORITY,,VEN,,_Z,,INVENTOR,,_Z,,_Z,,_T,,2018,,4.25,,A,,1,,0,
DATAFLOW,OECD.STI.PIE:DSD_PATENTS@DF_PATENTS_OECDSPECIFIC(1.0),,I,US50,,A,,AP,,PATN,,PRIORITY,,CYM,,_Z,,INVENTOR,,_Z,,_Z,,_T,,2018,,18.5667,,A,,1,,0,
DATAFLOW,OECD.STI.PIE:DSD_PATENTS@DF_PATENTS_OECDSPECIFIC(1.0),,I,US50,,A,,AP,,PATN,,PRIORITY,,IDN,,_Z,,INVENTOR,,_Z,,_Z,,_T,,2018,,11.5405,,A,,1,,0,
DATAFLOW,OECD.STI.PIE:DSD_PATENTS@DF_PATENTS_OECDSPECIFIC(1.0),,I,US50,,A,,AP,,PATN,,PRIORITY,,JAM,,_Z,,INVENTOR,,_Z,,_Z,,_T,,2018,,4,,A,,1,,0,
DATAFLOW,OECD.STI.PIE:DSD_PATENTS@DF_PATENTS_OECDSPECIFIC(1.0),,I,US50,,A,,AP,,PATN,,PRIORITY,,ZAF,,_Z,,INVENTOR,,_Z,,_Z,,_T,,2018,,181.92619,,A,,1,,0,
DATAFLOW,OECD.STI.PIE:DSD_PATENTS@DF_PATENTS_OECDSPECIFIC(1.0),,I,US50,,A,,AP,,PATN,,PRIORITY,,BRA,,_Z,,INVENTOR,,_Z,,_Z,,_T,,2018,,702.57813,,A,,1,,0,
DATAFLOW,OECD.STI.PIE:DSD_PATENTS@DF_PATENTS_OECDSPECIFIC(1.0),,I,US50,,A,,AP,,PATN,,PRIORITY,,PAN,,_Z,,INVENTOR,,_Z,,_Z,,_T,,2018,,5.1999998,,A,,1,,0,
DATAFLOW,OECD.STI.PIE:DSD_PATENTS@DF_PATENTS_OECDSPECIFIC(1.0),,I,US50,,A,,AP,,PATN,,PRIORITY,,BMU,,_Z,,INVENTOR,,_Z,,_Z,,_T,,2018,,6.5,,A,,1,,0,
DATAFLOW,OECD.STI.PIE:DSD_PATENTS@DF_PATENTS_OECDSPECIFIC(1.0),,I,US50,,A,,AP,,PATN,,PRIORITY,,UZB,,_Z,,INVENTOR,,_Z,,_Z,,_T,,2018,,0.5,,A,,1,,0,
DATAFLOW,OECD.STI.PIE:DSD_PATENTS@DF_PATENTS_OECDSPECIFIC(1.0),,I,US50,,A,,AP,,PATN,,PRIORITY,,LVA,,_Z,,INVENTOR,,_Z,,_Z,,_T,,2018,,22.7952,,A,,1,,0,
DATAFLOW,OECD.STI.PIE:DSD_PATENTS@DF_PATENTS_OECDSPECIFIC(1.0),,I,US50,,A,,AP,,PATN,,PRIORITY,,ISR,,_Z,,INVENTOR,,_Z,,_Z,,_T,,2018,,4898.1973,,A,,1,,0,
DATAFLOW,OECD.STI.PIE:DSD_PATENTS@DF_PATENTS_OECDSPECIFIC(1.0),,I,US50,,A,,AP,,PATN,,PRIORITY,,AND,,_Z,,INVENTOR,,_Z,,_Z,,_T,,2018,,1.2,,A,,1,,0,
DATAFLOW,OECD.STI.PIE:DSD_PATENTS@DF_PATENTS_OECDSPECIFIC(1.0),,I,US50,,A,,AP,,PATN,,PRIORITY,,TUR,,_Z,,INVENTOR,,_Z,,_Z,,_T,,2018,,359.84439,,A,,1,,0,
DATAFLOW,OECD.STI.PIE:DSD_PATENTS@DF_PATENTS_OECDSPECIFIC(1.0),,I,US50,,A,,AP,,PATN,,PRIORITY,,EU27_2020,,_Z,,INVENTOR,,_Z,,_Z,,_T,,2018,,50722.895,,A,,1,,0,
DATAFLOW,OECD.STI.PIE:DSD_PATENTS@DF_PATENTS_OECDSPECIFIC(1.0),,I,US50,,A,,AP,,PATN,,PRIORITY,,ISL,,_Z,,INVENTOR,,_Z,,_Z,,_T,,2018,,36.1464,,A,,1,,0,
DATAFLOW,OECD.STI.PIE:DSD_PATENTS@DF_PATENTS_OECDSPECIFIC(1.0),,I,US50,,A,,AP,,PATN,,PRIORITY,,URY,,_Z,,INVENTOR,,_Z,,_Z,,_T,,2018,,20.200001,,A,,1,,0,
DATAFLOW,OECD.STI.PIE:DSD_PATENTS@DF_PATENTS_OECDSPECIFIC(1.0),,I,US50,,A,,AP,,PATN,,PRIORITY,,MLT,,_Z,,INVENTOR,,_Z,,_Z,,_T,,2018,,14.6429,,A,,1,,0,
DATAFLOW,OECD.STI.PIE:DSD_PATENTS@DF_PATENTS_OECDSPECIFIC(1.0),,I,US50,,A,,AP,,PATN,,PRIORITY,,KAZ,,_Z,,INVENTOR,,_Z,,_Z,,_T,,2018,,9.5166998,,A,,1,,0,
DATAFLOW,OECD.STI.PIE:DSD_PATENTS@DF_PATENTS_OECDSPECIFIC(1.0),,I,US50,,A,,AP,,PATN,,PRIORITY,,EST,,_Z,,INVENTOR,,_Z,,_Z,,_T,,2018,,43.440498,,A,,1,,0,
DATAFLOW,OECD.STI.PIE:DSD_PATENTS@DF_PATENTS_OECDSPECIFIC(1.0),,I,US50,,A,,AP,,PATN,,PRIORITY,,TWN,,_Z,,INVENTOR,,_Z,,_Z,,_T,,2018,,15666.473,,A,,1,,0,
DATAFLOW,OECD.STI.PIE:DSD_PATENTS@DF_PATENTS_OECDSPECIFIC(1.0),,I,US50,,A,,AP,,PATN,,PRIORITY,,MAR,,_Z,,INVENTOR,,_Z,,_Z,,_T,,2018,,10.5262,,A,,1,,0,
DATAFLOW,OECD.STI.PIE:DSD_PATENTS@DF_PATENTS_OECDSPECIFIC(1.0),,I,US50,,A,,AP,,PATN,,PRIORITY,,CUB,,_Z,,INVENTOR,,_Z,,_Z,,_T,,2018,,6.875,,A,,1,,0,
DATAFLOW,OECD.STI.PIE:DSD_PATENTS@DF_PATENTS_OECDSPECIFIC(1.0),,I,US50,,A,,AP,,PATN,,PRIORITY,,AUT,,_Z,,INVENTOR,,_Z,,_Z,,_T,,2018,,1726.0548,,A,,1,,0,
DATAFLOW,OECD.STI.PIE:DSD_PATENTS@DF_PATENTS_OECDSPECIFIC(1.0),,I,US50,,A,,AP,,PATN,,PRIORITY,,HRV,,_Z,,INVENTOR,,_Z,,_Z,,_T,,2018,,36.749199,,A,,1,,0,
DATAFLOW,OECD.STI.PIE:DSD_PATENTS@DF_PATENTS_OECDSPECIFIC(1.0),,I,US50,,A,,AP,,PATN,,PRIORITY,,CHE,,_Z,,INVENTOR,,_Z,,_Z,,_T,,2018,,3714.7427,,A,,1,,0,
DATAFLOW,OECD.STI.PIE:DSD_PATENTS@DF_PATENTS_OECDSPECIFIC(1.0),,I,US50,,A,,AP,,PATN,,PRIORITY,,LBN,,_Z,,INVENTOR,,_Z,,_Z,,_T,,2018,,28.2381,,A,,1,,0,
DATAFLOW,OECD.STI.PIE:DSD_PATENTS@DF_PATENTS_OECDSPECIFIC(1.0),,I,US50,,A,,AP,,PATN,,PRIORITY,,GEO,,_Z,,INVENTOR,,_Z,,_Z,,_T,,2018,,7.1886001,,A,,1,,0,
DATAFLOW,OECD.STI.PIE:DSD_PATENTS@DF_PATENTS_OECDSPECIFIC(1.0),,I,US50,,A,,AP,,PATN,,PRIORITY,,ITA,,_Z,,INVENTOR,,_Z,,_Z,,_T,,2018,,3728.8767,,A,,1,,0,
DATAFLOW,OECD.STI.PIE:DSD_PATENTS@DF_PATENTS_OECDSPECIFIC(1.0),,I,US50,,A,,AP,,PATN,,PRIORITY,,SWE,,_Z,,INVENTOR,,_Z,,_Z,,_T,,2018,,3791.6399,,A,,1,,0,
DATAFLOW,OECD.STI.PIE:DSD_PATENTS@DF_PATENTS_OECDSPECIFIC(1.0),,I,US50,,A,,AP,,PATN,,PRIORITY,,CRI,,_Z,,INVENTOR,,_Z,,_Z,,_T,,2018,,60.033001,,A,,1,,0,
DATAFLOW,OECD.STI.PIE:DSD_PATENTS@DF_PATENTS_OECDSPECIFIC(1.0),,I,US50,,A,,AP,,PATN,,PRIORITY,,CRI,,_Z,,INVENTOR,,_Z,,_Z,,_T,,2019,,54.188099,,A,,1,,0,
DATAFLOW,OECD.STI.PIE:DSD_PATENTS@DF_PATENTS_OECDSPECIFIC(1.0),,I,US50,,A,,AP,,PATN,,PRIORITY,,SWE,,_Z,,INVENTOR,,_Z,,_Z,,_T,,2019,,3784.7556,,A,,1,,0,
DATAFLOW,OECD.STI.PIE:DSD_PATENTS@DF_PATENTS_OECDSPECIFIC(1.0),,I,US50,,A,,AP,,PATN,,PRIORITY,,ITA,,_Z,,INVENTOR,,_Z,,_Z,,_T,,2019,,3919.7119,,A,,1,,0,
DATAFLOW,OECD.STI.PIE:DSD_PATENTS@DF_PATENTS_OECDSPECIFIC(1.0),,I,US50,,A,,AP,,PATN,,PRIORITY,,GEO,,_Z,,INVENTOR,,_Z,,_Z,,_T,,2019,,4.5556002,,A,,1,,0,
DATAFLOW,OECD.STI.PIE:DSD_PATENTS@DF_PATENTS_OECDSPECIFIC(1.0),,I,US50,,A,,AP,,PATN,,PRIORITY,,LBN,,_Z,,INVENTOR,,_Z,,_Z,,_T,,2019,,23.357599,,A,,1,,0,
DATAFLOW,OECD.STI.PIE:DSD_PATENTS@DF_PATENTS_OECDSPECIFIC(1.0),,I,US50,,A,,AP,,PATN,,PRIORITY,,CHE,,_Z,,INVENTOR,,_Z,,_Z,,_T,,2019,,3490.9221,,A,,1,,0,
DATAFLOW,OECD.STI.PIE:DSD_PATENTS@DF_PATENTS_OECDSPECIFIC(1.0),,I,US50,,A,,AP,,PATN,,PRIORITY,,HRV,,_Z,,INVENTOR,,_Z,,_Z,,_T,,2019,,44.4286,,A,,1,,0,
DATAFLOW,OECD.STI.PIE:DSD_PATENTS@DF_PATENTS_OECDSPECIFIC(1.0),,I,US50,,A,,AP,,PATN,,PRIORITY,,AUT,,_Z,,INVENTOR,,_Z,,_Z,,_T,,2019,,1760.8469,,A,,1,,0,
DATAFLOW,OECD.STI.PIE:DSD_PATENTS@DF_PATENTS_OECDSPECIFIC(1.0),,I,US50,,A,,AP,,PATN,,PRIORITY,,CUB,,_Z,,INVENTOR,,_Z,,_Z,,_T,,2019,,7.8257999,,A,,1,,0,
DATAFLOW,OECD.STI.PIE:DSD_PATENTS@DF_PATENTS_OECDSPECIFIC(1.0),,I,US50,,A,,AP,,PATN,,PRIORITY,,MAR,,_Z,,INVENTOR,,_Z,,_Z,,_T,,2019,,9.6111002,,A,,1,,0,
DATAFLOW,OECD.STI.PIE:DSD_PATENTS@DF_PATENTS_OECDSPECIFIC(1.0),,I,US50,,A,,AP,,PATN,,PRIORITY,,TWN,,_Z,,INVENTOR,,_Z,,_Z,,_T,,2019,,14255.062,,A,,1,,0,
DATAFLOW,OECD.STI.PIE:DSD_PATENTS@DF_PATENTS_OECDSPECIFIC(1.0),,I,US50,,A,,AP,,PATN,,PRIORITY,,EST,,_Z,,INVENTOR,,_Z,,_Z,,_T,,2019,,69.165199,,A,,1,,0,
DATAFLOW,OECD.STI.PIE:DSD_PATENTS@DF_PATENTS_OECDSPECIFIC(1.0),,I,US50,,A,,AP,,PATN,,PRIORITY,,KAZ,,_Z,,INVENTOR,,_Z,,_Z,,_T,,2019,,4.8512001,,A,,1,,0,
DATAFLOW,OECD.STI.PIE:DSD_PATENTS@DF_PATENTS_OECDSPECIFIC(1.0),,I,US50,,A,,AP,,PATN,,PRIORITY,,MLT,,_Z,,INVENTOR,,_Z,,_Z,,_T,,2019,,35.916698,,A,,1,,0,
DATAFLOW,OECD.STI.PIE:DSD_PATENTS@DF_PATENTS_OECDSPECIFIC(1.0),,I,US50,,A,,AP,,PATN,,PRIORITY,,URY,,_Z,,INVENTOR,,_Z,,_Z,,_T,,2019,,12.3167,,A,,1,,0,
DATAFLOW,OECD.STI.PIE:DSD_PATENTS@DF_PATENTS_OECDSPECIFIC(1.0),,I,US50,,A,,AP,,PATN,,PRIORITY,,ISL,,_Z,,INVENTOR,,_Z,,_Z,,_T,,2019,,56.634499,,A,,1,,0,
DATAFLOW,OECD.STI.PIE:DSD_PATENTS@DF_PATENTS_OECDSPECIFIC(1.0),,I,US50,,A,,AP,,PATN,,PRIORITY,,EU27_2020,,_Z,,INVENTOR,,_Z,,_Z,,_T,,2019,,50899.742,,A,,1,,0,
DATAFLOW,OECD.STI.PIE:DSD_PATENTS@DF_PATENTS_OECDSPECIFIC(1.0),,I,US50,,A,,AP,,PATN,,PRIORITY,,TUR,,_Z,,INVENTOR,,_Z,,_Z,,_T,,2019,,366.60349,,A,,1,,0,
DATAFLOW,OECD.STI.PIE:DSD_PATENTS@DF_PATENTS_OECDSPECIFIC(1.0),,I,US50,,A,,AP,,PATN,,PRIORITY,,AND,,_Z,,INVENTOR,,_Z,,_Z,,_T,,2019,,1.3667001,,A,,1,,0,
DATAFLOW,OECD.STI.PIE:DSD_PATENTS@DF_PATENTS_OECDSPECIFIC(1.0),,I,US50,,A,,AP,,PATN,,PRIORITY,,ISR,,_Z,,INVENTOR,,_Z,,_Z,,_T,,2019,,4982.5703,,A,,1,,0,
DATAFLOW,OECD.STI.PIE:DSD_PATENTS@DF_PATENTS_OECDSPECIFIC(1.0),,I,US50,,A,,AP,,PATN,,PRIORITY,,LVA,,_Z,,INVENTOR,,_Z,,_Z,,_T,,2019,,29.038099,,A,,1,,0,
DATAFLOW,OECD.STI.PIE:DSD_PATENTS@DF_PATENTS_OECDSPECIFIC(1.0),,I,US50,,A,,AP,,PATN,,PRIORITY,,UZB,,_Z,,INVENTOR,,_Z,,_Z,,_T,,2019,,0.33329999,,A,,1,,0,
DATAFLOW,OECD.STI.PIE:DSD_PATENTS@DF_PATENTS_OECDSPECIFIC(1.0),,I,US50,,A,,AP,,PATN,,PRIORITY,,BMU,,_Z,,INVENTOR,,_Z,,_Z,,_T,,2019,,2.1666999,,A,,1,,0,
DATAFLOW,OECD.STI.PIE:DSD_PATENTS@DF_PATENTS_OECDSPECIFIC(1.0),,I,US50,,A,,AP,,PATN,,PRIORITY,,PAN,,_Z,,INVENTOR,,_Z,,_Z,,_T,,2019,,8.0179005,,A,,1,,0,
DATAFLOW,OECD.STI.PIE:DSD_PATENTS@DF_PATENTS_OECDSPECIFIC(1.0),,I,US50,,A,,AP,,PATN,,PRIORITY,,BRA,,_Z,,INVENTOR,,_Z,,_Z,,_T,,2019,,725.54938,,A,,1,,0,
DATAFLOW,OECD.STI.PIE:DSD_PATENTS@DF_PATENTS_OECDSPECIFIC(1.0),,I,US50,,A,,AP,,PATN,,PRIORITY,,ZAF,,_Z,,INVENTOR,,_Z,,_Z,,_T,,2019,,164.19209,,A,,1,,0,
DATAFLOW,OECD.STI.PIE:DSD_PATENTS@DF_PATENTS_OECDSPECIFIC(1.0),,I,US50,,A,,AP,,PATN,,PRIORITY,,IDN,,_Z,,INVENTOR,,_Z,,_Z,,_T,,2019,,22.233299,,A,,1,,0,
DATAFLOW,OECD.STI.PIE:DSD_PATENTS@DF_PATENTS_OECDSPECIFIC(1.0),,I,US50,,A,,AP,,PATN,,PRIORITY,,CYM,,_Z,,INVENTOR,,_Z,,_Z,,_T,,2019,,15.65,,A,,1,,0,
DATAFLOW,OECD.STI.PIE:DSD_PATENTS@DF_PATENTS_OECDSPECIFIC(1.0),,I,US50,,A,,AP,,PATN,,PRIORITY,,VEN,,_Z,,INVENTOR,,_Z,,_Z,,_T,,2019,,8.5,,A,,1,,0,
DATAFLOW,OECD.STI.PIE:DSD_PATENTS@DF_PATENTS_OECDSPECIFIC(1.0),,I,US50,,A,,AP,,PATN,,PRIORITY,,IND,,_Z,,INVENTOR,,_Z,,_Z,,_T,,2019,,7224.769,,A,,1,,0,
DATAFLOW,OECD.STI.PIE:DSD_PATENTS@DF_PATENTS_OECDSPECIFIC(1.0),,I,US50,,A,,AP,,PATN,,PRIORITY,,BGR,,_Z,,INVENTOR,,_Z,,_Z,,_T,,2019,,89.380203,,A,,1,,0,
DATAFLOW,OECD.STI.PIE:DSD_PATENTS@DF_PATENTS_OECDSPECIFIC(1.0),,I,US50,,A,,AP,,PATN,,PRIORITY,,NLD,,_Z,,INVENTOR,,_Z,,_Z,,_T,,2019,,3056.6426,,A,,1,,0,
DATAFLOW,OECD.STI.PIE:DSD_PATENTS@DF_PATENTS_OECDSPECIFIC(1.0),,I,US50,,A,,AP,,PATN,,PRIORITY,,LTU,,_Z,,INVENTOR,,_Z,,_Z,,_T,,2019,,32.416698,,A,,1,,0,
DATAFLOW,OECD.STI.PIE:DSD_PATENTS@DF_PATENTS_OECDSPECIFIC(1.0),,I,US50,,A,,AP,,PATN,,PRIORITY,,NOR,,_Z,,INVENTOR,,_Z,,_Z,,_T,,2019,,679.62299,,A,,1,,0,
DATAFLOW,OECD.STI.PIE:DSD_PATENTS@DF_PATENTS_OECDSPECIFIC(1.0),,I,US50,,A,,AP,,PATN,,PRIORITY,,JOR,,_Z,,INVENTOR,,_Z,,_Z,,_T,,2019,,13.75,,A,,1,,0,
DATAFLOW,OECD.STI.PIE:DSD_PATENTS@DF_PATENTS_OECDSPECIFIC(1.0),,I,US50,,A,,AP,,PATN,,PRIORITY,,GBR,,_Z,,INVENTOR,,_Z,,_Z,,_T,,2019,,8643.4414,,A,,1,,0,
DATAFLOW,OECD.STI.PIE:DSD_PATENTS@DF_PATENTS_OECDSPECIFIC(1.0),,I,US50,,A,,AP,,PATN,,PRIORITY,,AUS,,_Z,,INVENTOR,,_Z,,_Z,,_T,,2019,,2237.9316,,A,,1,,0,
DATAFLOW,OECD.STI.PIE:DSD_PATENTS@DF_PATENTS_OECDSPECIFIC(1.0),,I,US50,,A,,AP,,PATN,,PRIORITY,,KWT,,_Z,,INVENTOR,,_Z,,_Z,,_T,,2019,,17.6,,A,,1,,0,
DATAFLOW,OECD.STI.PIE:DSD_PATENTS@DF_PATENTS_OECDSPECIFIC(1.0),,I,US50,,A,,AP,,PATN,,PRIORITY,,MCO,,_Z,,INVENTOR,,_Z,,_Z,,_T,,2019,,25.3762,,A,,1,,0,
DATAFLOW,OECD.STI.PIE:DSD_PATENTS@DF_PATENTS_OECDSPECIFIC(1.0),,I,US50,,A,,AP,,PATN,,PRIORITY,,ROU,,_Z,,INVENTOR,,_Z,,_Z,,_T,,2019,,105.8254,,A,,1,,0,
DATAFLOW,OECD.STI.PIE:DSD_PATENTS@DF_PATENTS_OECDSPECIFIC(1.0),,I,US50,,A,,AP,,PATN,,PRIORITY,,PRI,,_Z,,INVENTOR,,_Z,,_Z,,_T,,2019,,1.5,,A,,1,,0,
DATAFLOW,OECD.STI.PIE:DSD_PATENTS@DF_PATENTS_OECDSPECIFIC(1.0),,I,US50,,A,,AP,,PATN,,PRIORITY,,RUS,,_Z,,INVENTOR,,_Z,,_Z,,_T,,2019,,794.90002,,A,,1,,0,
DATAFLOW,OECD.STI.PIE:DSD_PATENTS@DF_PATENTS_OECDSPECIFIC(1.0),,I,US50,,A,,AP,,PATN,,PRIORITY,,SYC,,_Z,,INVENTOR,,_Z,,_Z,,_T,,2019,,3.8333001,,A,,1,,0,
DATAFLOW,OECD.STI.PIE:DSD_PATENTS@DF_PATENTS_OECDSPECIFIC(1.0),,I,US50,,A,,AP,,PATN,,PRIORITY,,MDA,,_Z,,INVENTOR,,_Z,,_Z,,_T,,2019,,1.1429,,A,,1,,0,
DATAFLOW,OECD.STI.PIE:DSD_PATENTS@DF_PATENTS_OECDSPECIFIC(1.0),,I,US50,,A,,AP,,PATN,,PRIORITY,,UKR,,_Z,,INVENTOR,,_Z,,_Z,,_T,,2019,,110.9944,,A,,1,,0,
DATAFLOW,OECD.STI.PIE:DSD_PATENTS@DF_PATENTS_OECDSPECIFIC(1.0),,I,US50,,A,,AP,,PATN,,PRIORITY,,THA,,_Z,,INVENTOR,,_Z,,_Z,,_T,,2019,,116.3919,,A,,1,,0,
DATAFLOW,OECD.STI.PIE:DSD_PATENTS@DF_PATENTS_OECDSPECIFIC(1.0),,I,US50,,A,,AP,,PATN,,PRIORITY,,ESP,,_Z,,INVENTOR,,_Z,,_Z,,_T,,2019,,1554.8993,,A,,1,,0,
DATAFLOW,OECD.STI.PIE:DSD_PATENTS@DF_PATENTS_OECDSPECIFIC(1.0),,I,US50,,A,,AP,,PATN,,PRIORITY,,NZL,,_Z,,INVENTOR,,_Z,,_Z,,_T,,2019,,361.0004,,A,,1,,0,
DATAFLOW,OECD.STI.PIE:DSD_PATENTS@DF_PATENTS_OECDSPECIFIC(1.0),,I,US50,,A,,AP,,PATN,,PRIORITY,,HUN,,_Z,,INVENTOR,,_Z,,_Z,,_T,,2019,,224.52921,,A,,1,,0,
DATAFLOW,OECD.STI.PIE:DSD_PATENTS@DF_PATENTS_OECDSPECIFIC(1.0),,I,US50,,A,,AP,,PATN,,PRIORITY,,DEU,,_Z,,INVENTOR,,_Z,,_Z,,_T,,2019,,20412.424,,A,,1,,0,
DATAFLOW,OECD.STI.PIE:DSD_PATENTS@DF_PATENTS_OECDSPECIFIC(1.0),,I,US50,,A,,AP,,PATN,,PRIORITY,,PAK,,_Z,,INVENTOR,,_Z,,_Z,,_T,,2019,,27.485701,,A,,1,,0,
DATAFLOW,OECD.STI.PIE:DSD_PATENTS@DF_PATENTS_OECDSPECIFIC(1.0),,I,US50,,A,,AP,,PATN,,PRIORITY,,GRC,,_Z,,INVENTOR,,_Z,,_Z,,_T,,2019,,172.5961,,A,,1,,0,
DATAFLOW,OECD.STI.PIE:DSD_PATENTS@DF_PATENTS_OECDSPECIFIC(1.0),,I,US50,,A,,AP,,PATN,,PRIORITY,,MKD,,_Z,,INVENTOR,,_Z,,_Z,,_T,,2019,,5,,A,,1,,0,
DATAFLOW,OECD.STI.PIE:DSD_PATENTS@DF_PATENTS_OECDSPECIFIC(1.0),,I,US50,,A,,AP,,PATN,,PRIORITY,,FRA,,_Z,,INVENTOR,,_Z,,_Z,,_T,,2019,,8305.4932,,A,,1,,0,
DATAFLOW,OECD.STI.PIE:DSD_PATENTS@DF_PATENTS_OECDSPECIFIC(1.0),,I,US50,,A,,AP,,PATN,,PRIORITY,,COL,,_Z,,INVENTOR,,_Z,,_Z,,_T,,2019,,93.352699,,A,,1,,0,
DATAFLOW,OECD.STI.PIE:DSD_PATENTS@DF_PATENTS_OECDSPECIFIC(1.0),,I,US50,,A,,AP,,PATN,,PRIORITY,,LKA,,_Z,,INVENTOR,,_Z,,_Z,,_T,,2019,,24.2635,,A,,1,,0,
DATAFLOW,OECD.STI.PIE:DSD_PATENTS@DF_PATENTS_OECDSPECIFIC(1.0),,I,US50,,A,,AP,,PATN,,PRIORITY,,CAN,,_Z,,INVENTOR,,_Z,,_Z,,_T,,2019,,8233.5898,,A,,1,,0,
DATAFLOW,OECD.STI.PIE:DSD_PATENTS@DF_PATENTS_OECDSPECIFIC(1.0),,I,US50,,A,,AP,,PATN,,PRIORITY,,SVN,,_Z,,INVENTOR,,_Z,,_Z,,_T,,2019,,81.054001,,A,,1,,0,
DATAFLOW,OECD.STI.PIE:DSD_PATENTS@DF_PATENTS_OECDSPECIFIC(1.0),,I,US50,,A,,AP,,PATN,,PRIORITY,,CHL,,_Z,,INVENTOR,,_Z,,_Z,,_T,,2019,,111.4575,,A,,1,,0,
DATAFLOW,OECD.STI.PIE:DSD_PATENTS@DF_PATENTS_OECDSPECIFIC(1.0),,I,US50,,A,,AP,,PATN,,PRIORITY,,ARE,,_Z,,INVENTOR,,_Z,,_Z,,_T,,2019,,151.99921,,A,,1,,0,
DATAFLOW,OECD.STI.PIE:DSD_PATENTS@DF_PATENTS_OECDSPECIFIC(1.0),,I,US50,,A,,AP,,PATN,,PRIORITY,,DNK,,_Z,,INVENTOR,,_Z,,_Z,,_T,,2019,,1586.9836,,A,,1,,0,
DATAFLOW,OECD.STI.PIE:DSD_PATENTS@DF_PATENTS_OECDSPECIFIC(1.0),,I,US50,,A,,AP,,PATN,,PRIORITY,,LIE,,_Z,,INVENTOR,,_Z,,_Z,,_T,,2019,,20.6833,,A,,1,,0,
DATAFLOW,OECD.STI.PIE:DSD_PATENTS@DF_PATENTS_OECDSPECIFIC(1.0),,I,US50,,A,,AP,,PATN,,PRIORITY,,BIH,,_Z,,INVENTOR,,_Z,,_Z,,_T,,2019,,3,,A,,1,,0,
DATAFLOW,OECD.STI.PIE:DSD_PATENTS@DF_PATENTS_OECDSPECIFIC(1.0),,I,US50,,A,,AP,,PATN,,PRIORITY,,USA,,_Z,,INVENTOR,,_Z,,_Z,,_T,,2019,,157144.16,,A,,1,,0,
DATAFLOW,OECD.STI.PIE:DSD_PATENTS@DF_PATENTS_OECDSPECIFIC(1.0),,I,US50,,A,,AP,,PATN,,PRIORITY,,OECD,,_Z,,INVENTOR,,_Z,,_Z,,_T,,2019,,326406.09,,A,,1,,0,
DATAFLOW,OECD.STI.PIE:DSD_PATENTS@DF_PATENTS_OECDSPECIFIC(1.0),,I,US50,,A,,AP,,PATN,,PRIORITY,,POL,,_Z,,INVENTOR,,_Z,,_Z,,_T,,2019,,526.67273,,A,,1,,0,
DATAFLOW,OECD.STI.PIE:DSD_PATENTS@DF_PATENTS_OECDSPECIFIC(1.0),,I,US50,,A,,AP,,PATN,,PRIORITY,,PRK,,_Z,,INVENTOR,,_Z,,_Z,,_T,,2019,,10.7333,,A,,1,,0,
DATAFLOW,OECD.STI.PIE:DSD_PATENTS@DF_PATENTS_OECDSPECIFIC(1.0),,I,US50,,A,,AP,,PATN,,PRIORITY,,ARG,,_Z,,INVENTOR,,_Z,,_Z,,_T,,2019,,164.0195,,A,,1,,0,
DATAFLOW,OECD.STI.PIE:DSD_PATENTS@DF_PATENTS_OECDSPECIFIC(1.0),,I,US50,,A,,AP,,PATN,,PRIORITY,,EGY,,_Z,,INVENTOR,,_Z,,_Z,,_T,,2019,,37.543999,,A,,1,,0,
DATAFLOW,OECD.STI.PIE:DSD_PATENTS@DF_PATENTS_OECDSPECIFIC(1.0),,I,US50,,A,,AP,,PATN,,PRIORITY,,HKG,,_Z,,INVENTOR,,_Z,,_Z,,_T,,2019,,508.72961,,A,,1,,0,
DATAFLOW,OECD.STI.PIE:DSD_PATENTS@DF_PATENTS_OECDSPECIFIC(1.0),,I,US50,,A,,AP,,PATN,,PRIORITY,,DZA,,_Z,,INVENTOR,,_Z,,_Z,,_T,,2019,,5.6999998,,A,,1,,0,
DATAFLOW,OECD.STI.PIE:DSD_PATENTS@DF_PATENTS_OECDSPECIFIC(1.0),,I,US50,,A,,AP,,PATN,,PRIORITY,,KEN,,_Z,,INVENTOR,,_Z,,_Z,,_T,,2019,,21.177401,,A,,1,,0,
DATAFLOW,OECD.STI.PIE:DSD_PATENTS@DF_PATENTS_OECDSPECIFIC(1.0),,I,US50,,A,,AP,,PATN,,PRIORITY,,CHN,,_Z,,INVENTOR,,_Z,,_Z,,_T,,2019,,36429.645,,A,,1,,0,
DATAFLOW,OECD.STI.PIE:DSD_PATENTS@DF_PATENTS_OECDSPECIFIC(1.0),,I,US50,,A,,AP,,PATN,,PRIORITY,,MNG,,_Z,,INVENTOR,,_Z,,_Z,,_T,,2019,,0.87779999,,A,,1,,0,
DATAFLOW,OECD.STI.PIE:DSD_PATENTS@DF_PATENTS_OECDSPECIFIC(1.0),,I,US50,,A,,AP,,PATN,,PRIORITY,,BLR,,_Z,,INVENTOR,,_Z,,_Z,,_T,,2019,,29.649099,,A,,1,,0,
DATAFLOW,OECD.STI.PIE:DSD_PATENTS@DF_PATENTS_OECDSPECIFIC(1.0),,I,US50,,A,,AP,,PATN,,PRIORITY,,SAU,,_Z,,INVENTOR,,_Z,,_Z,,_T,,2019,,1138.6527,,A,,1,,0,
DATAFLOW,OECD.STI.PIE:DSD_PATENTS@DF_PATENTS_OECDSPECIFIC(1.0),,I,US50,,A,,AP,,PATN,,PRIORITY,,GTM,,_Z,,INVENTOR,,_Z,,_Z,,_T,,2019,,4.75,,A,,1,,0,
DATAFLOW,OECD.STI.PIE:DSD_PATENTS@DF_PATENTS_OECDSPECIFIC(1.0),,I,US50,,A,,AP,,PATN,,PRIORITY,,MEX,,_Z,,INVENTOR,,_Z,,_Z,,_T,,2019,,327.58521,,A,,1,,0,
DATAFLOW,OECD.STI.PIE:DSD_PATENTS@DF_PATENTS_OECDSPECIFIC(1.0),,I,US50,,A,,AP,,PATN,,PRIORITY,,JPN,,_Z,,INVENTOR,,_Z,,_Z,,_T,,2019,,59210.293,,A,,1,,0,
DATAFLOW,OECD.STI.PIE:DSD_PATENTS@DF_PATENTS_OECDSPECIFIC(1.0),,I,US50,,A,,AP,,PATN,,PRIORITY,,CYP,,_Z,,INVENTOR,,_Z,,_Z,,_T,,2019,,15.5381,,A,,1,,0,
DATAFLOW,OECD.STI.PIE:DSD_PATENTS@DF_PATENTS_OECDSPECIFIC(1.0),,I,US50,,A,,AP,,PATN,,PRIORITY,,ARM,,_Z,,INVENTOR,,_Z,,_Z,,_T,,2019,,18.109501,,A,,1,,0,
DATAFLOW,OECD.STI.PIE:DSD_PATENTS@DF_PATENTS_OECDSPECIFIC(1.0),,I,US50,,A,,AP,,PATN,,PRIORITY,,ZWE,,_Z,,INVENTOR,,_Z,,_Z,,_T,,2019,,1.5,,A,,1,,0,
DATAFLOW,OECD.STI.PIE:DSD_PATENTS@DF_PATENTS_OECDSPECIFIC(1.0),,I,US50,,A,,AP,,PATN,,PRIORITY,,BEL,,_Z,,INVENTOR,,_Z,,_Z,,_T,,2019,,1681.3733,,A,,1,,0,
DATAFLOW,OECD.STI.PIE:DSD_PATENTS@DF_PATENTS_OECDSPECIFIC(1.0),,I,US50,,A,,AP,,PATN,,PRIORITY,,KOR,,_Z,,INVENTOR,,_Z,,_Z,,_T,,2019,,29804.076,,A,,1,,0,
DATAFLOW,OECD.STI.PIE:DSD_PATENTS@DF_PATENTS_OECDSPECIFIC(1.0),,I,US50,,A,,AP,,PATN,,PRIORITY,,LUX,,_Z,,INVENTOR,,_Z,,_Z,,_T,,2019,,99.713699,,A,,1,,0,
DATAFLOW,OECD.STI.PIE:DSD_PATENTS@DF_PATENTS_OECDSPECIFIC(1.0),,I,US50,,A,,AP,,PATN,,PRIORITY,,MYS,,_Z,,INVENTOR,,_Z,,_Z,,_T,,2019,,305.495,,A,,1,,0,
DATAFLOW,OECD.STI.PIE:DSD_PATENTS@DF_PATENTS_OECDSPECIFIC(1.0),,I,US50,,A,,AP,,PATN,,PRIORITY,,IRL,,_Z,,INVENTOR,,_Z,,_Z,,_T,,2019,,996.4281,,A,,1,,0,
DATAFLOW,OECD.STI.PIE:DSD_PATENTS@DF_PATENTS_OECDSPECIFIC(1.0),,I,US50,,A,,AP,,PATN,,PRIORITY,,PRT,,_Z,,INVENTOR,,_Z,,_Z,,_T,,2019,,223.75771,,A,,1,,0,
DATAFLOW,OECD.STI.PIE:DSD_PATENTS@DF_PATENTS_OECDSPECIFIC(1.0),,I,US50,,A,,AP,,PATN,,PRIORITY,,TUN,,_Z,,INVENTOR,,_Z,,_Z,,_T,,2019,,5.4000001,,A,,1,,0,
DATAFLOW,OECD.STI.PIE:DSD_PATENTS@DF_PATENTS_OECDSPECIFIC(1.0),,I,US50,,A,,AP,,PATN,,PRIORITY,,FIN,,_Z,,INVENTOR,,_Z,,_Z,,_T,,2019,,1658.1685,,A,,1,,0,
DATAFLOW,OECD.STI.PIE:DSD_PATENTS@DF_PATENTS_OECDSPECIFIC(1.0),,I,US50,,A,,AP,,PATN,,PRIORITY,,W,,_Z,,INVENTOR,,_Z,,_Z,,_T,,2019,,391071,,A,,1,,0,
DATAFLOW,OECD.STI.PIE:DSD_PATENTS@DF_PATENTS_OECDSPECIFIC(1.0),,I,US50,,A,,AP,,PATN,,PRIORITY,,PHL,,_Z,,INVENTOR,,_Z,,_Z,,_T,,2019,,88.115097,,A,,1,,0,
DATAFLOW,OECD.STI.PIE:DSD_PATENTS@DF_PATENTS_OECDSPECIFIC(1.0),,I,US50,,A,,AP,,PATN,,PRIORITY,,SGP,,_Z,,INVENTOR,,_Z,,_Z,,_T,,2019,,1384.2207,,A,,1,,0,
DATAFLOW,OECD.STI.PIE:DSD_PATENTS@DF_PATENTS_OECDSPECIFIC(1.0),,I,US50,,A,,AP,,PATN,,PRIORITY,,PER,,_Z,,INVENTOR,,_Z,,_Z,,_T,,2019,,14.5048,,A,,1,,0,
DATAFLOW,OECD.STI.PIE:DSD_PATENTS@DF_PATENTS_OECDSPECIFIC(1.0),,I,US50,,A,,AP,,PATN,,PRIORITY,,ECU,,_Z,,INVENTOR,,_Z,,_Z,,_T,,2019,,7.5250001,,A,,1,,0,
DATAFLOW,OECD.STI.PIE:DSD_PATENTS@DF_PATENTS_OECDSPECIFIC(1.0),,I,US50,,A,,AP,,PATN,,PRIORITY,,NGA,,_Z,,INVENTOR,,_Z,,_Z,,_T,,2019,,6.4000001,,A,,1,,0,
DATAFLOW,OECD.STI.PIE:DSD_PATENTS@DF_PATENTS_OECDSPECIFIC(1.0),,I,US50,,A,,AP,,PATN,,PRIORITY,,IRN,,_Z,,INVENTOR,,_Z,,_Z,,_T,,2019,,87.300003,,A,,1,,0,
DATAFLOW,OECD.STI.PIE:DSD_PATENTS@DF_PATENTS_OECDSPECIFIC(1.0),,I,US50,,A,,AP,,PATN,,PRIORITY,,SVK,,_Z,,INVENTOR,,_Z,,_Z,,_T,,2019,,54.2897,,A,,1,,0,
DATAFLOW,OECD.STI.PIE:DSD_PATENTS@DF_PATENTS_OECDSPECIFIC(1.0),,I,US50,,A,,AP,,PATN,,PRIORITY,,CZE,,_Z,,INVENTOR,,_Z,,_Z,,_T,,2019,,377.69321,,A,,1,,0,
DATAFLOW,OECD.STI.PIE:DSD_PATENTS@DF_PATENTS_OECDSPECIFIC(1.0),,I,US50,,A,,AP,,PATN,,PRIORITY,,CZE,,_Z,,INVENTOR,,_Z,,_Z,,_T,,2020,,356.20969,,A,,1,,0,
DATAFLOW,OECD.STI.PIE:DSD_PATENTS@DF_PATENTS_OECDSPECIFIC(1.0),,I,US50,,A,,AP,,PATN,,PRIORITY,,SVK,,_Z,,INVENTOR,,_Z,,_Z,,_T,,2020,,69.558601,,A,,1,,0,
DATAFLOW,OECD.STI.PIE:DSD_PATENTS@DF_PATENTS_OECDSPECIFIC(1.0),,I,US50,,A,,AP,,PATN,,PRIORITY,,IRN,,_Z,,INVENTOR,,_Z,,_Z,,_T,,2020,,96.566704,,A,,1,,0,
DATAFLOW,OECD.STI.PIE:DSD_PATENTS@DF_PATENTS_OECDSPECIFIC(1.0),,I,US50,,A,,AP,,PATN,,PRIORITY,,NGA,,_Z,,INVENTOR,,_Z,,_Z,,_T,,2020,,5.0833001,,A,,1,,0,
DATAFLOW,OECD.STI.PIE:DSD_PATENTS@DF_PATENTS_OECDSPECIFIC(1.0),,I,US50,,A,,AP,,PATN,,PRIORITY,,ECU,,_Z,,INVENTOR,,_Z,,_Z,,_T,,2020,,3.0332999,,A,,1,,0,
DATAFLOW,OECD.STI.PIE:DSD_PATENTS@DF_PATENTS_OECDSPECIFIC(1.0),,I,US50,,A,,AP,,PATN,,PRIORITY,,PER,,_Z,,INVENTOR,,_Z,,_Z,,_T,,2020,,16.575001,,A,,1,,0,
DATAFLOW,OECD.STI.PIE:DSD_PATENTS@DF_PATENTS_OECDSPECIFIC(1.0),,I,US50,,A,,AP,,PATN,,PRIORITY,,SGP,,_Z,,INVENTOR,,_Z,,_Z,,_T,,2020,,1413.464,,A,,1,,0,
DATAFLOW,OECD.STI.PIE:DSD_PATENTS@DF_PATENTS_OECDSPECIFIC(1.0),,I,US50,,A,,AP,,PATN,,PRIORITY,,PHL,,_Z,,INVENTOR,,_Z,,_Z,,_T,,2020,,85.356003,,A,,1,,0,
DATAFLOW,OECD.STI.PIE:DSD_PATENTS@DF_PATENTS_OECDSPECIFIC(1.0),,I,US50,,A,,AP,,PATN,,PRIORITY,,W,,_Z,,INVENTOR,,_Z,,_Z,,_T,,2020,,380233,,A,,1,,0,
DATAFLOW,OECD.STI.PIE:DSD_PATENTS@DF_PATENTS_OECDSPECIFIC(1.0),,I,US50,,A,,AP,,PATN,,PRIORITY,,FIN,,_Z,,INVENTOR,,_Z,,_Z,,_T,,2020,,1548.564,,A,,1,,0,
DATAFLOW,OECD.STI.PIE:DSD_PATENTS@DF_PATENTS_OECDSPECIFIC(1.0),,I,US50,,A,,AP,,PATN,,PRIORITY,,TUN,,_Z,,INVENTOR,,_Z,,_Z,,_T,,2020,,12.0429,,A,,1,,0,
DATAFLOW,OECD.STI.PIE:DSD_PATENTS@DF_PATENTS_OECDSPECIFIC(1.0),,I,US50,,A,,AP,,PATN,,PRIORITY,,PRT,,_Z,,INVENTOR,,_Z,,_Z,,_T,,2020,,190.2774,,A,,1,,0,
DATAFLOW,OECD.STI.PIE:DSD_PATENTS@DF_PATENTS_OECDSPECIFIC(1.0),,I,US50,,A,,AP,,PATN,,PRIORITY,,IRL,,_Z,,INVENTOR,,_Z,,_Z,,_T,,2020,,1080.9375,,A,,1,,0,
DATAFLOW,OECD.STI.PIE:DSD_PATENTS@DF_PATENTS_OECDSPECIFIC(1.0),,I,US50,,A,,AP,,PATN,,PRIORITY,,MYS,,_Z,,INVENTOR,,_Z,,_Z,,_T,,2020,,293.81281,,A,,1,,0,
DATAFLOW,OECD.STI.PIE:DSD_PATENTS@DF_PATENTS_OECDSPECIFIC(1.0),,I,US50,,A,,AP,,PATN,,PRIORITY,,LUX,,_Z,,INVENTOR,,_Z,,_Z,,_T,,2020,,107.5421,,A,,1,,0,
DATAFLOW,OECD.STI.PIE:DSD_PATENTS@DF_PATENTS_OECDSPECIFIC(1.0),,I,US50,,A,,AP,,PATN,,PRIORITY,,KOR,,_Z,,INVENTOR,,_Z,,_Z,,_T,,2020,,30263.57,,A,,1,,0,
DATAFLOW,OECD.STI.PIE:DSD_PATENTS@DF_PATENTS_OECDSPECIFIC(1.0),,I,US50,,A,,AP,,PATN,,PRIORITY,,BEL,,_Z,,INVENTOR,,_Z,,_Z,,_T,,2020,,1715.3159,,A,,1,,0,
DATAFLOW,OECD.STI.PIE:DSD_PATENTS@DF_PATENTS_OECDSPECIFIC(1.0),,I,US50,,A,,AP,,PATN,,PRIORITY,,ARM,,_Z,,INVENTOR,,_Z,,_Z,,_T,,2020,,15.8381,,A,,1,,0,
DATAFLOW,OECD.STI.PIE:DSD_PATENTS@DF_PATENTS_OECDSPECIFIC(1.0),,I,US50,,A,,AP,,PATN,,PRIORITY,,CYP,,_Z,,INVENTOR,,_Z,,_Z,,_T,,2020,,22.0432,,A,,1,,0,
DATAFLOW,OECD.STI.PIE:DSD_PATENTS@DF_PATENTS_OECDSPECIFIC(1.0),,I,US50,,A,,AP,,PATN,,PRIORITY,,JPN,,_Z,,INVENTOR,,_Z,,_Z,,_T,,2020,,54772.473,,A,,1,,0,
DATAFLOW,OECD.STI.PIE:DSD_PATENTS@DF_PATENTS_OECDSPECIFIC(1.0),,I,US50,,A,,AP,,PATN,,PRIORITY,,MEX,,_Z,,INVENTOR,,_Z,,_Z,,_T,,2020,,325.14969,,A,,1,,0,
DATAFLOW,OECD.STI.PIE:DSD_PATENTS@DF_PATENTS_OECDSPECIFIC(1.0),,I,US50,,A,,AP,,PATN,,PRIORITY,,GTM,,_Z,,INVENTOR,,_Z,,_Z,,_T,,2020,,4.3571,,A,,1,,0,
DATAFLOW,OECD.STI.PIE:DSD_PATENTS@DF_PATENTS_OECDSPECIFIC(1.0),,I,US50,,A,,AP,,PATN,,PRIORITY,,SAU,,_Z,,INVENTOR,,_Z,,_Z,,_T,,2020,,1199.7509,,A,,1,,0,
DATAFLOW,OECD.STI.PIE:DSD_PATENTS@DF_PATENTS_OECDSPECIFIC(1.0),,I,US50,,A,,AP,,PATN,,PRIORITY,,BLR,,_Z,,INVENTOR,,_Z,,_Z,,_T,,2020,,37.580399,,A,,1,,0,
DATAFLOW,OECD.STI.PIE:DSD_PATENTS@DF_PATENTS_OECDSPECIFIC(1.0),,I,US50,,A,,AP,,PATN,,PRIORITY,,MNG,,_Z,,INVENTOR,,_Z,,_Z,,_T,,2020,,1.4583,,A,,1,,0,
DATAFLOW,OECD.STI.PIE:DSD_PATENTS@DF_PATENTS_OECDSPECIFIC(1.0),,I,US50,,A,,AP,,PATN,,PRIORITY,,CHN,,_Z,,INVENTOR,,_Z,,_Z,,_T,,2020,,40252.27,,A,,1,,0,
DATAFLOW,OECD.STI.PIE:DSD_PATENTS@DF_PATENTS_OECDSPECIFIC(1.0),,I,US50,,A,,AP,,PATN,,PRIORITY,,KEN,,_Z,,INVENTOR,,_Z,,_Z,,_T,,2020,,16.252399,,A,,1,,0,
DATAFLOW,OECD.STI.PIE:DSD_PATENTS@DF_PATENTS_OECDSPECIFIC(1.0),,I,US50,,A,,AP,,PATN,,PRIORITY,,DZA,,_Z,,INVENTOR,,_Z,,_Z,,_T,,2020,,2.0667,,A,,1,,0,
DATAFLOW,OECD.STI.PIE:DSD_PATENTS@DF_PATENTS_OECDSPECIFIC(1.0),,I,US50,,A,,AP,,PATN,,PRIORITY,,HKG,,_Z,,INVENTOR,,_Z,,_Z,,_T,,2020,,537.95978,,A,,1,,0,
DATAFLOW,OECD.STI.PIE:DSD_PATENTS@DF_PATENTS_OECDSPECIFIC(1.0),,I,US50,,A,,AP,,PATN,,PRIORITY,,EGY,,_Z,,INVENTOR,,_Z,,_Z,,_T,,2020,,36.423401,,A,,1,,0,
DATAFLOW,OECD.STI.PIE:DSD_PATENTS@DF_PATENTS_OECDSPECIFIC(1.0),,I,US50,,A,,AP,,PATN,,PRIORITY,,ARG,,_Z,,INVENTOR,,_Z,,_Z,,_T,,2020,,140.77499,,A,,1,,0,
DATAFLOW,OECD.STI.PIE:DSD_PATENTS@DF_PATENTS_OECDSPECIFIC(1.0),,I,US50,,A,,AP,,PATN,,PRIORITY,,PRK,,_Z,,INVENTOR,,_Z,,_Z,,_T,,2020,,7.2326002,,A,,1,,0,
DATAFLOW,OECD.STI.PIE:DSD_PATENTS@DF_PATENTS_OECDSPECIFIC(1.0),,I,US50,,A,,AP,,PATN,,PRIORITY,,POL,,_Z,,INVENTOR,,_Z,,_Z,,_T,,2020,,585.30688,,A,,1,,0,
DATAFLOW,OECD.STI.PIE:DSD_PATENTS@DF_PATENTS_OECDSPECIFIC(1.0),,I,US50,,A,,AP,,PATN,,PRIORITY,,OECD,,_Z,,INVENTOR,,_Z,,_Z,,_T,,2020,,310572.5,,A,,1,,0,
DATAFLOW,OECD.STI.PIE:DSD_PATENTS@DF_PATENTS_OECDSPECIFIC(1.0),,I,US50,,A,,AP,,PATN,,PRIORITY,,USA,,_Z,,INVENTOR,,_Z,,_Z,,_T,,2020,,148901.39,,A,,1,,0,
DATAFLOW,OECD.STI.PIE:DSD_PATENTS@DF_PATENTS_OECDSPECIFIC(1.0),,I,US50,,A,,AP,,PATN,,PRIORITY,,BIH,,_Z,,INVENTOR,,_Z,,_Z,,_T,,2020,,5.1666999,,A,,1,,0,
DATAFLOW,OECD.STI.PIE:DSD_PATENTS@DF_PATENTS_OECDSPECIFIC(1.0),,I,US50,,A,,AP,,PATN,,PRIORITY,,LIE,,_Z,,INVENTOR,,_Z,,_Z,,_T,,2020,,14.4512,,A,,1,,0,
DATAFLOW,OECD.STI.PIE:DSD_PATENTS@DF_PATENTS_OECDSPECIFIC(1.0),,I,US50,,A,,AP,,PATN,,PRIORITY,,DNK,,_Z,,INVENTOR,,_Z,,_Z,,_T,,2020,,1632.7273,,A,,1,,0,
DATAFLOW,OECD.STI.PIE:DSD_PATENTS@DF_PATENTS_OECDSPECIFIC(1.0),,I,US50,,A,,AP,,PATN,,PRIORITY,,ARE,,_Z,,INVENTOR,,_Z,,_Z,,_T,,2020,,186.5043,,A,,1,,0,
DATAFLOW,OECD.STI.PIE:DSD_PATENTS@DF_PATENTS_OECDSPECIFIC(1.0),,I,US50,,A,,AP,,PATN,,PRIORITY,,CHL,,_Z,,INVENTOR,,_Z,,_Z,,_T,,2020,,91.881798,,A,,1,,0,
DATAFLOW,OECD.STI.PIE:DSD_PATENTS@DF_PATENTS_OECDSPECIFIC(1.0),,I,US50,,A,,AP,,PATN,,PRIORITY,,SVN,,_Z,,INVENTOR,,_Z,,_Z,,_T,,2020,,78.036797,,A,,1,,0,
DATAFLOW,OECD.STI.PIE:DSD_PATENTS@DF_PATENTS_OECDSPECIFIC(1.0),,I,US50,,A,,AP,,PATN,,PRIORITY,,CAN,,_Z,,INVENTOR,,_Z,,_Z,,_T,,2020,,7547.5693,,A,,1,,0,
DATAFLOW,OECD.STI.PIE:DSD_PATENTS@DF_PATENTS_OECDSPECIFIC(1.0),,I,US50,,A,,AP,,PATN,,PRIORITY,,LKA,,_Z,,INVENTOR,,_Z,,_Z,,_T,,2020,,27.522301,,A,,1,,0,
DATAFLOW,OECD.STI.PIE:DSD_PATENTS@DF_PATENTS_OECDSPECIFIC(1.0),,I,US50,,A,,AP,,PATN,,PRIORITY,,COL,,_Z,,INVENTOR,,_Z,,_Z,,_T,,2020,,56.859299,,A,,1,,0,
DATAFLOW,OECD.STI.PIE:DSD_PATENTS@DF_PATENTS_OECDSPECIFIC(1.0),,I,US50,,A,,AP,,PATN,,PRIORITY,,FRA,,_Z,,INVENTOR,,_Z,,_Z,,_T,,2020,,7492.7114,,A,,1,,0,
DATAFLOW,OECD.STI.PIE:DSD_PATENTS@DF_PATENTS_OECDSPECIFIC(1.0),,I,US50,,A,,AP,,PATN,,PRIORITY,,MKD,,_Z,,INVENTOR,,_Z,,_Z,,_T,,2020,,2.25,,A,,1,,0,
DATAFLOW,OECD.STI.PIE:DSD_PATENTS@DF_PATENTS_OECDSPECIFIC(1.0),,I,US50,,A,,AP,,PATN,,PRIORITY,,GRC,,_Z,,INVENTOR,,_Z,,_Z,,_T,,2020,,173.9921,,A,,1,,0,
DATAFLOW,OECD.STI.PIE:DSD_PATENTS@DF_PATENTS_OECDSPECIFIC(1.0),,I,US50,,A,,AP,,PATN,,PRIORITY,,PAK,,_Z,,INVENTOR,,_Z,,_Z,,_T,,2020,,38.985699,,A,,1,,0,
DATAFLOW,OECD.STI.PIE:DSD_PATENTS@DF_PATENTS_OECDSPECIFIC(1.0),,I,US50,,A,,AP,,PATN,,PRIORITY,,DEU,,_Z,,INVENTOR,,_Z,,_Z,,_T,,2020,,19154.764,,A,,1,,0,
DATAFLOW,OECD.STI.PIE:DSD_PATENTS@DF_PATENTS_OECDSPECIFIC(1.0),,I,US50,,A,,AP,,PATN,,PRIORITY,,HUN,,_Z,,INVENTOR,,_Z,,_Z,,_T,,2020,,199.4751,,A,,1,,0,
DATAFLOW,OECD.STI.PIE:DSD_PATENTS@DF_PATENTS_OECDSPECIFIC(1.0),,I,US50,,A,,AP,,PATN,,PRIORITY,,NZL,,_Z,,INVENTOR,,_Z,,_Z,,_T,,2020,,424.72131,,A,,1,,0,
DATAFLOW,OECD.STI.PIE:DSD_PATENTS@DF_PATENTS_OECDSPECIFIC(1.0),,I,US50,,A,,AP,,PATN,,PRIORITY,,ESP,,_Z,,INVENTOR,,_Z,,_Z,,_T,,2020,,1483.6149,,A,,1,,0,
DATAFLOW,OECD.STI.PIE:DSD_PATENTS@DF_PATENTS_OECDSPECIFIC(1.0),,I,US50,,A,,AP,,PATN,,PRIORITY,,THA,,_Z,,INVENTOR,,_Z,,_Z,,_T,,2020,,132.63901,,A,,1,,0,
DATAFLOW,OECD.STI.PIE:DSD_PATENTS@DF_PATENTS_OECDSPECIFIC(1.0),,I,US50,,A,,AP,,PATN,,PRIORITY,,UKR,,_Z,,INVENTOR,,_Z,,_Z,,_T,,2020,,135.0562,,A,,1,,0,
DATAFLOW,OECD.STI.PIE:DSD_PATENTS@DF_PATENTS_OECDSPECIFIC(1.0),,I,US50,,A,,AP,,PATN,,PRIORITY,,MDA,,_Z,,INVENTOR,,_Z,,_Z,,_T,,2020,,4.3916998,,A,,1,,0,
DATAFLOW,OECD.STI.PIE:DSD_PATENTS@DF_PATENTS_OECDSPECIFIC(1.0),,I,US50,,A,,AP,,PATN,,PRIORITY,,SYC,,_Z,,INVENTOR,,_Z,,_Z,,_T,,2020,,2.0667,,A,,1,,0,
DATAFLOW,OECD.STI.PIE:DSD_PATENTS@DF_PATENTS_OECDSPECIFIC(1.0),,I,US50,,A,,AP,,PATN,,PRIORITY,,RUS,,_Z,,INVENTOR,,_Z,,_Z,,_T,,2020,,706.65729,,A,,1,,0,
DATAFLOW,OECD.STI.PIE:DSD_PATENTS@DF_PATENTS_OECDSPECIFIC(1.0),,I,US50,,A,,AP,,PATN,,PRIORITY,,TTO,,_Z,,INVENTOR,,_Z,,_Z,,_T,,2020,,1.5,,A,,1,,0,
DATAFLOW,OECD.STI.PIE:DSD_PATENTS@DF_PATENTS_OECDSPECIFIC(1.0),,I,US50,,A,,AP,,PATN,,PRIORITY,,PRI,,_Z,,INVENTOR,,_Z,,_Z,,_T,,2020,,3.45,,A,,1,,0,
DATAFLOW,OECD.STI.PIE:DSD_PATENTS@DF_PATENTS_OECDSPECIFIC(1.0),,I,US50,,A,,AP,,PATN,,PRIORITY,,ROU,,_Z,,INVENTOR,,_Z,,_Z,,_T,,2020,,145.9888,,A,,1,,0,
DATAFLOW,OECD.STI.PIE:DSD_PATENTS@DF_PATENTS_OECDSPECIFIC(1.0),,I,US50,,A,,AP,,PATN,,PRIORITY,,MCO,,_Z,,INVENTOR,,_Z,,_Z,,_T,,2020,,15.5333,,A,,1,,0,
DATAFLOW,OECD.STI.PIE:DSD_PATENTS@DF_PATENTS_OECDSPECIFIC(1.0),,I,US50,,A,,AP,,PATN,,PRIORITY,,KWT,,_Z,,INVENTOR,,_Z,,_Z,,_T,,2020,,15.0333,,A,,1,,0,
DATAFLOW,OECD.STI.PIE:DSD_PATENTS@DF_PATENTS_OECDSPECIFIC(1.0),,I,US50,,A,,AP,,PATN,,PRIORITY,,AUS,,_Z,,INVENTOR,,_Z,,_Z,,_T,,2020,,2066.8894,,A,,1,,0,
DATAFLOW,OECD.STI.PIE:DSD_PATENTS@DF_PATENTS_OECDSPECIFIC(1.0),,I,US50,,A,,AP,,PATN,,PRIORITY,,GBR,,_Z,,INVENTOR,,_Z,,_Z,,_T,,2020,,8204.7402,,A,,1,,0,
DATAFLOW,OECD.STI.PIE:DSD_PATENTS@DF_PATENTS_OECDSPECIFIC(1.0),,I,US50,,A,,AP,,PATN,,PRIORITY,,JOR,,_Z,,INVENTOR,,_Z,,_Z,,_T,,2020,,4.6429,,A,,1,,0,
DATAFLOW,OECD.STI.PIE:DSD_PATENTS@DF_PATENTS_OECDSPECIFIC(1.0),,I,US50,,A,,AP,,PATN,,PRIORITY,,NOR,,_Z,,INVENTOR,,_Z,,_Z,,_T,,2020,,650.12659,,A,,1,,0,
DATAFLOW,OECD.STI.PIE:DSD_PATENTS@DF_PATENTS_OECDSPECIFIC(1.0),,I,US50,,A,,AP,,PATN,,PRIORITY,,LTU,,_Z,,INVENTOR,,_Z,,_Z,,_T,,2020,,54.138901,,A,,1,,0,
DATAFLOW,OECD.STI.PIE:DSD_PATENTS@DF_PATENTS_OECDSPECIFIC(1.0),,I,US50,,A,,AP,,PATN,,PRIORITY,,NLD,,_Z,,INVENTOR,,_Z,,_Z,,_T,,2020,,2894.186,,A,,1,,0,
DATAFLOW,OECD.STI.PIE:DSD_PATENTS@DF_PATENTS_OECDSPECIFIC(1.0),,I,US50,,A,,AP,,PATN,,PRIORITY,,BGR,,_Z,,INVENTOR,,_Z,,_Z,,_T,,2020,,90.061096,,A,,1,,0,
DATAFLOW,OECD.STI.PIE:DSD_PATENTS@DF_PATENTS_OECDSPECIFIC(1.0),,I,US50,,A,,AP,,PATN,,PRIORITY,,IND,,_Z,,INVENTOR,,_Z,,_Z,,_T,,2020,,7623.0161,,A,,1,,0,
DATAFLOW,OECD.STI.PIE:DSD_PATENTS@DF_PATENTS_OECDSPECIFIC(1.0),,I,US50,,A,,AP,,PATN,,PRIORITY,,VEN,,_Z,,INVENTOR,,_Z,,_Z,,_T,,2020,,2.4000001,,A,,1,,0,
DATAFLOW,OECD.STI.PIE:DSD_PATENTS@DF_PATENTS_OECDSPECIFIC(1.0),,I,US50,,A,,AP,,PATN,,PRIORITY,,CYM,,_Z,,INVENTOR,,_Z,,_Z,,_T,,2020,,12.6667,,A,,1,,0,
DATAFLOW,OECD.STI.PIE:DSD_PATENTS@DF_PATENTS_OECDSPECIFIC(1.0),,I,US50,,A,,AP,,PATN,,PRIORITY,,IDN,,_Z,,INVENTOR,,_Z,,_Z,,_T,,2020,,16.3358,,A,,1,,0,
DATAFLOW,OECD.STI.PIE:DSD_PATENTS@DF_PATENTS_OECDSPECIFIC(1.0),,I,US50,,A,,AP,,PATN,,PRIORITY,,JAM,,_Z,,INVENTOR,,_Z,,_Z,,_T,,2020,,1.7857,,A,,1,,0,
DATAFLOW,OECD.STI.PIE:DSD_PATENTS@DF_PATENTS_OECDSPECIFIC(1.0),,I,US50,,A,,AP,,PATN,,PRIORITY,,ZAF,,_Z,,INVENTOR,,_Z,,_Z,,_T,,2020,,192.96111,,A,,1,,0,
DATAFLOW,OECD.STI.PIE:DSD_PATENTS@DF_PATENTS_OECDSPECIFIC(1.0),,I,US50,,A,,AP,,PATN,,PRIORITY,,BRA,,_Z,,INVENTOR,,_Z,,_Z,,_T,,2020,,683.39508,,A,,1,,0,
DATAFLOW,OECD.STI.PIE:DSD_PATENTS@DF_PATENTS_OECDSPECIFIC(1.0),,I,US50,,A,,AP,,PATN,,PRIORITY,,PAN,,_Z,,INVENTOR,,_Z,,_Z,,_T,,2020,,5.3722,,A,,1,,0,
DATAFLOW,OECD.STI.PIE:DSD_PATENTS@DF_PATENTS_OECDSPECIFIC(1.0),,I,US50,,A,,AP,,PATN,,PRIORITY,,BMU,,_Z,,INVENTOR,,_Z,,_Z,,_T,,2020,,3.3333001,,A,,1,,0,
DATAFLOW,OECD.STI.PIE:DSD_PATENTS@DF_PATENTS_OECDSPECIFIC(1.0),,I,US50,,A,,AP,,PATN,,PRIORITY,,UZB,,_Z,,INVENTOR,,_Z,,_Z,,_T,,2020,,0.25,,A,,1,,0,
DATAFLOW,OECD.STI.PIE:DSD_PATENTS@DF_PATENTS_OECDSPECIFIC(1.0),,I,US50,,A,,AP,,PATN,,PRIORITY,,LVA,,_Z,,INVENTOR,,_Z,,_Z,,_T,,2020,,31.717899,,A,,1,,0,
DATAFLOW,OECD.STI.PIE:DSD_PATENTS@DF_PATENTS_OECDSPECIFIC(1.0),,I,US50,,A,,AP,,PATN,,PRIORITY,,ISR,,_Z,,INVENTOR,,_Z,,_Z,,_T,,2020,,5092.7983,,A,,1,,0,
DATAFLOW,OECD.STI.PIE:DSD_PATENTS@DF_PATENTS_OECDSPECIFIC(1.0),,I,US50,,A,,AP,,PATN,,PRIORITY,,AND,,_Z,,INVENTOR,,_Z,,_Z,,_T,,2020,,4.3622999,,A,,1,,0,
DATAFLOW,OECD.STI.PIE:DSD_PATENTS@DF_PATENTS_OECDSPECIFIC(1.0),,I,US50,,A,,AP,,PATN,,PRIORITY,,TUR,,_Z,,INVENTOR,,_Z,,_Z,,_T,,2020,,448.56879,,A,,1,,0,
DATAFLOW,OECD.STI.PIE:DSD_PATENTS@DF_PATENTS_OECDSPECIFIC(1.0),,I,US50,,A,,AP,,PATN,,PRIORITY,,EU27_2020,,_Z,,INVENTOR,,_Z,,_Z,,_T,,2020,,48309.445,,A,,1,,0,
DATAFLOW,OECD.STI.PIE:DSD_PATENTS@DF_PATENTS_OECDSPECIFIC(1.0),,I,US50,,A,,AP,,PATN,,PRIORITY,,ISL,,_Z,,INVENTOR,,_Z,,_Z,,_T,,2020,,41.937302,,A,,1,,0,
DATAFLOW,OECD.STI.PIE:DSD_PATENTS@DF_PATENTS_OECDSPECIFIC(1.0),,I,US50,,A,,AP,,PATN,,PRIORITY,,URY,,_Z,,INVENTOR,,_Z,,_Z,,_T,,2020,,8.6667004,,A,,1,,0,
DATAFLOW,OECD.STI.PIE:DSD_PATENTS@DF_PATENTS_OECDSPECIFIC(1.0),,I,US50,,A,,AP,,PATN,,PRIORITY,,MLT,,_Z,,INVENTOR,,_Z,,_Z,,_T,,2020,,47.333302,,A,,1,,0,
DATAFLOW,OECD.STI.PIE:DSD_PATENTS@DF_PATENTS_OECDSPECIFIC(1.0),,I,US50,,A,,AP,,PATN,,PRIORITY,,KAZ,,_Z,,INVENTOR,,_Z,,_Z,,_T,,2020,,4.6960001,,A,,1,,0,
DATAFLOW,OECD.STI.PIE:DSD_PATENTS@DF_PATENTS_OECDSPECIFIC(1.0),,I,US50,,A,,AP,,PATN,,PRIORITY,,EST,,_Z,,INVENTOR,,_Z,,_Z,,_T,,2020,,51.442902,,A,,1,,0,
DATAFLOW,OECD.STI.PIE:DSD_PATENTS@DF_PATENTS_OECDSPECIFIC(1.0),,I,US50,,A,,AP,,PATN,,PRIORITY,,TWN,,_Z,,INVENTOR,,_Z,,_Z,,_T,,2020,,14837.166,,A,,1,,0,
DATAFLOW,OECD.STI.PIE:DSD_PATENTS@DF_PATENTS_OECDSPECIFIC(1.0),,I,US50,,A,,AP,,PATN,,PRIORITY,,MAR,,_Z,,INVENTOR,,_Z,,_Z,,_T,,2020,,13.9929,,A,,1,,0,
DATAFLOW,OECD.STI.PIE:DSD_PATENTS@DF_PATENTS_OECDSPECIFIC(1.0),,I,US50,,A,,AP,,PATN,,PRIORITY,,SLV,,_Z,,INVENTOR,,_Z,,_Z,,_T,,2020,,0.25,,A,,1,,0,
DATAFLOW,OECD.STI.PIE:DSD_PATENTS@DF_PATENTS_OECDSPECIFIC(1.0),,I,US50,,A,,AP,,PATN,,PRIORITY,,CUB,,_Z,,INVENTOR,,_Z,,_Z,,_T,,2020,,12.4,,A,,1,,0,
DATAFLOW,OECD.STI.PIE:DSD_PATENTS@DF_PATENTS_OECDSPECIFIC(1.0),,I,US50,,A,,AP,,PATN,,PRIORITY,,AUT,,_Z,,INVENTOR,,_Z,,_Z,,_T,,2020,,1689.1689,,A,,1,,0,
DATAFLOW,OECD.STI.PIE:DSD_PATENTS@DF_PATENTS_OECDSPECIFIC(1.0),,I,US50,,A,,AP,,PATN,,PRIORITY,,HRV,,_Z,,INVENTOR,,_Z,,_Z,,_T,,2020,,38.8167,,A,,1,,0,
DATAFLOW,OECD.STI.PIE:DSD_PATENTS@DF_PATENTS_OECDSPECIFIC(1.0),,I,US50,,A,,AP,,PATN,,PRIORITY,,CHE,,_Z,,INVENTOR,,_Z,,_Z,,_T,,2020,,3667.8347,,A,,1,,0,
DATAFLOW,OECD.STI.PIE:DSD_PATENTS@DF_PATENTS_OECDSPECIFIC(1.0),,I,US50,,A,,AP,,PATN,,PRIORITY,,LBN,,_Z,,INVENTOR,,_Z,,_Z,,_T,,2020,,18.8643,,A,,1,,0,
DATAFLOW,OECD.STI.PIE:DSD_PATENTS@DF_PATENTS_OECDSPECIFIC(1.0),,I,US50,,A,,AP,,PATN,,PRIORITY,,GEO,,_Z,,INVENTOR,,_Z,,_Z,,_T,,2020,,7.5,,A,,1,,0,
DATAFLOW,OECD.STI.PIE:DSD_PATENTS@DF_PATENTS_OECDSPECIFIC(1.0),,I,US50,,A,,AP,,PATN,,PRIORITY,,ITA,,_Z,,INVENTOR,,_Z,,_Z,,_T,,2020,,3854.5872,,A,,1,,0,
DATAFLOW,OECD.STI.PIE:DSD_PATENTS@DF_PATENTS_OECDSPECIFIC(1.0),,I,US50,,A,,AP,,PATN,,PRIORITY,,SWE,,_Z,,INVENTOR,,_Z,,_Z,,_T,,2020,,3520.926,,A,,1,,0,
DATAFLOW,OECD.STI.PIE:DSD_PATENTS@DF_PATENTS_OECDSPECIFIC(1.0),,I,US50,,A,,AP,,PATN,,PRIORITY,,CRI,,_Z,,INVENTOR,,_Z,,_Z,,_T,,2020,,50.770599,,A,,1,,0,
DATAFLOW,OECD.STI.PIE:DSD_PATENTS@DF_PATENTS_OECDSPECIFIC(1.0),,I,US50,,A,,GR,,PATN,,PRIORITY,,GTM,,_Z,,INVENTOR,,_Z,,_Z,,_T,,2018,,2,,A,,1,,0,
DATAFLOW,OECD.STI.PIE:DSD_PATENTS@DF_PATENTS_OECDSPECIFIC(1.0),,I,US50,,A,,GR,,PATN,,PRIORITY,,JOR,,_Z,,INVENTOR,,_Z,,_Z,,_T,,2020,,2,,A,,1,,0,
DATAFLOW,OECD.STI.PIE:DSD_PATENTS@DF_PATENTS_OECDSPECIFIC(1.0),,I,US50,,A,,GR,,PATN,,PRIORITY,,VEN,,_Z,,INVENTOR,,_Z,,_Z,,_T,,2020,,2,,A,,1,,0,
DATAFLOW,OECD.STI.PIE:DSD_PATENTS@DF_PATENTS_OECDSPECIFIC(1.0),,I,US50,,A,,GR,,PATN,,PRIORITY,,BMU,,_Z,,INVENTOR,,_Z,,_Z,,_T,,2020,,2,,A,,1,,0,
DATAFLOW,OECD.STI.PIE:DSD_PATENTS@DF_PATENTS_OECDSPECIFIC(1.0),,I,US50,,A,,GR,,PATN,,PRIORITY,,GTM,,_Z,,INVENTOR,,_Z,,_Z,,_T,,2020,,2,,A,,1,,0,
DATAFLOW,OECD.STI.PIE:DSD_PATENTS@DF_PATENTS_OECDSPECIFIC(1.0),,I,US50,,A,,GR,,PATN,,PRIORITY,,DNK,,_Z,,INVENTOR,,_Z,,_Z,,_T,,2021,,402.71799,,A,,1,,0,
DATAFLOW,OECD.STI.PIE:DSD_PATENTS@DF_PATENTS_OECDSPECIFIC(1.0),,I,US50,,A,,GR,,PATN,,PRIORITY,,MYS,,_Z,,INVENTOR,,_Z,,_Z,,_T,,2021,,156.64259,,A,,1,,0,
DATAFLOW,OECD.STI.PIE:DSD_PATENTS@DF_PATENTS_OECDSPECIFIC(1.0),,I,US50,,A,,GR,,PATN,,PRIORITY,,PAN,,_Z,,INVENTOR,,_Z,,_Z,,_T,,2021,,2.4166999,,A,,1,,0,
DATAFLOW,OECD.STI.PIE:DSD_PATENTS@DF_PATENTS_OECDSPECIFIC(1.0),,I,US50,,A,,GR,,PATN,,PRIORITY,,BEL,,_Z,,INVENTOR,,_Z,,_Z,,_T,,2021,,386.96231,,A,,1,,0,
DATAFLOW,OECD.STI.PIE:DSD_PATENTS@DF_PATENTS_OECDSPECIFIC(1.0),,I,US50,,A,,GR,,PATN,,PRIORITY,,TUR,,_Z,,INVENTOR,,_Z,,_Z,,_T,,2021,,79.000702,,A,,1,,0,
DATAFLOW,OECD.STI.PIE:DSD_PATENTS@DF_PATENTS_OECDSPECIFIC(1.0),,I,US50,,A,,GR,,PATN,,PRIORITY,,PHL,,_Z,,INVENTOR,,_Z,,_Z,,_T,,2021,,56.304699,,A,,1,,0,
DATAFLOW,OECD.STI.PIE:DSD_PATENTS@DF_PATENTS_OECDSPECIFIC(1.0),,I,US50,,A,,GR,,PATN,,PRIORITY,,KEN,,_Z,,INVENTOR,,_Z,,_Z,,_T,,2021,,6.7301998,,A,,1,,0,
DATAFLOW,OECD.STI.PIE:DSD_PATENTS@DF_PATENTS_OECDSPECIFIC(1.0),,I,US50,,A,,GR,,PATN,,PRIORITY,,LBN,,_Z,,INVENTOR,,_Z,,_Z,,_T,,2021,,4.1606998,,A,,1,,0,
DATAFLOW,OECD.STI.PIE:DSD_PATENTS@DF_PATENTS_OECDSPECIFIC(1.0),,I,US50,,A,,GR,,PATN,,PRIORITY,,BIH,,_Z,,INVENTOR,,_Z,,_Z,,_T,,2021,,1.6,,A,,1,,0,
DATAFLOW,OECD.STI.PIE:DSD_PATENTS@DF_PATENTS_OECDSPECIFIC(1.0),,I,US50,,A,,GR,,PATN,,PRIORITY,,HUN,,_Z,,INVENTOR,,_Z,,_Z,,_T,,2021,,47.083599,,A,,1,,0,
DATAFLOW,OECD.STI.PIE:DSD_PATENTS@DF_PATENTS_OECDSPECIFIC(1.0),,I,US50,,A,,GR,,PATN,,PRIORITY,,AUT,,_Z,,INVENTOR,,_Z,,_Z,,_T,,2021,,531.80359,,A,,1,,0,
DATAFLOW,OECD.STI.PIE:DSD_PATENTS@DF_PATENTS_OECDSPECIFIC(1.0),,I,US50,,A,,GR,,PATN,,PRIORITY,,PER,,_Z,,INVENTOR,,_Z,,_Z,,_T,,2021,,4,,A,,1,,0,
DATAFLOW,OECD.STI.PIE:DSD_PATENTS@DF_PATENTS_OECDSPECIFIC(1.0),,I,US50,,A,,GR,,PATN,,PRIORITY,,CHN,,_Z,,INVENTOR,,_Z,,_Z,,_T,,2021,,16747.68,,A,,1,,0,
DATAFLOW,OECD.STI.PIE:DSD_PATENTS@DF_PATENTS_OECDSPECIFIC(1.0),,I,US50,,A,,GR,,PATN,,PRIORITY,,MDA,,_Z,,INVENTOR,,_Z,,_Z,,_T,,2021,,1.2,,A,,1,,0,
DATAFLOW,OECD.STI.PIE:DSD_PATENTS@DF_PATENTS_OECDSPECIFIC(1.0),,I,US50,,A,,GR,,PATN,,PRIORITY,,SVN,,_Z,,INVENTOR,,_Z,,_Z,,_T,,2021,,22.070601,,A,,1,,0,
DATAFLOW,OECD.STI.PIE:DSD_PATENTS@DF_PATENTS_OECDSPECIFIC(1.0),,I,US50,,A,,GR,,PATN,,PRIORITY,,NZL,,_Z,,INVENTOR,,_Z,,_Z,,_T,,2021,,128.9857,,A,,1,,0,
DATAFLOW,OECD.STI.PIE:DSD_PATENTS@DF_PATENTS_OECDSPECIFIC(1.0),,I,US50,,A,,GR,,PATN,,PRIORITY,,MLT,,_Z,,INVENTOR,,_Z,,_Z,,_T,,2021,,13.2333,,A,,1,,0,
DATAFLOW,OECD.STI.PIE:DSD_PATENTS@DF_PATENTS_OECDSPECIFIC(1.0),,I,US50,,A,,GR,,PATN,,PRIORITY,,URY,,_Z,,INVENTOR,,_Z,,_Z,,_T,,2021,,1.2,,A,,1,,0,
DATAFLOW,OECD.STI.PIE:DSD_PATENTS@DF_PATENTS_OECDSPECIFIC(1.0),,I,US50,,A,,GR,,PATN,,PRIORITY,,JAM,,_Z,,INVENTOR,,_Z,,_Z,,_T,,2021,,0.5,,A,,1,,0,
DATAFLOW,OECD.STI.PIE:DSD_PATENTS@DF_PATENTS_OECDSPECIFIC(1.0),,I,US50,,A,,GR,,PATN,,PRIORITY,,BGR,,_Z,,INVENTOR,,_Z,,_Z,,_T,,2021,,60.127399,,A,,1,,0,
DATAFLOW,OECD.STI.PIE:DSD_PATENTS@DF_PATENTS_OECDSPECIFIC(1.0),,I,US50,,A,,GR,,PATN,,PRIORITY,,ROU,,_Z,,INVENTOR,,_Z,,_Z,,_T,,2021,,91.052002,,A,,1,,0,
DATAFLOW,OECD.STI.PIE:DSD_PATENTS@DF_PATENTS_OECDSPECIFIC(1.0),,I,US50,,A,,GR,,PATN,,PRIORITY,,GRC,,_Z,,INVENTOR,,_Z,,_Z,,_T,,2021,,68.258003,,A,,1,,0,
DATAFLOW,OECD.STI.PIE:DSD_PATENTS@DF_PATENTS_OECDSPECIFIC(1.0),,I,US50,,A,,GR,,PATN,,PRIORITY,,ECU,,_Z,,INVENTOR,,_Z,,_Z,,_T,,2021,,1.5333,,A,,1,,0,
DATAFLOW,OECD.STI.PIE:DSD_PATENTS@DF_PATENTS_OECDSPECIFIC(1.0),,I,US50,,A,,GR,,PATN,,PRIORITY,,SVK,,_Z,,INVENTOR,,_Z,,_Z,,_T,,2021,,28.4694,,A,,1,,0,
DATAFLOW,OECD.STI.PIE:DSD_PATENTS@DF_PATENTS_OECDSPECIFIC(1.0),,I,US50,,A,,GR,,PATN,,PRIORITY,,GBR,,_Z,,INVENTOR,,_Z,,_Z,,_T,,2021,,2356.3806,,A,,1,,0,
DATAFLOW,OECD.STI.PIE:DSD_PATENTS@DF_PATENTS_OECDSPECIFIC(1.0),,I,US50,,A,,GR,,PATN,,PRIORITY,,LUX,,_Z,,INVENTOR,,_Z,,_Z,,_T,,2021,,26.252001,,A,,1,,0,
DATAFLOW,OECD.STI.PIE:DSD_PATENTS@DF_PATENTS_OECDSPECIFIC(1.0),,I,US50,,A,,GR,,PATN,,PRIORITY,,ARM,,_Z,,INVENTOR,,_Z,,_Z,,_T,,2021,,10.8833,,A,,1,,0,
DATAFLOW,OECD.STI.PIE:DSD_PATENTS@DF_PATENTS_OECDSPECIFIC(1.0),,I,US50,,A,,GR,,PATN,,PRIORITY,,JPN,,_Z,,INVENTOR,,_Z,,_Z,,_T,,2021,,19142.256,,A,,1,,0,
DATAFLOW,OECD.STI.PIE:DSD_PATENTS@DF_PATENTS_OECDSPECIFIC(1.0),,I,US50,,A,,GR,,PATN,,PRIORITY,,MCO,,_Z,,INVENTOR,,_Z,,_Z,,_T,,2021,,4.0332999,,A,,1,,0,
DATAFLOW,OECD.STI.PIE:DSD_PATENTS@DF_PATENTS_OECDSPECIFIC(1.0),,I,US50,,A,,GR,,PATN,,PRIORITY,,PAK,,_Z,,INVENTOR,,_Z,,_Z,,_T,,2021,,27.0488,,A,,1,,0,
DATAFLOW,OECD.STI.PIE:DSD_PATENTS@DF_PATENTS_OECDSPECIFIC(1.0),,I,US50,,A,,GR,,PATN,,PRIORITY,,OECD,,_Z,,INVENTOR,,_Z,,_Z,,_T,,2021,,137785.95,,A,,1,,0,
DATAFLOW,OECD.STI.PIE:DSD_PATENTS@DF_PATENTS_OECDSPECIFIC(1.0),,I,US50,,A,,GR,,PATN,,PRIORITY,,MEX,,_Z,,INVENTOR,,_Z,,_Z,,_T,,2021,,168.16319,,A,,1,,0,
DATAFLOW,OECD.STI.PIE:DSD_PATENTS@DF_PATENTS_OECDSPECIFIC(1.0),,I,US50,,A,,GR,,PATN,,PRIORITY,,IRN,,_Z,,INVENTOR,,_Z,,_Z,,_T,,2021,,22.7262,,A,,1,,0,
DATAFLOW,OECD.STI.PIE:DSD_PATENTS@DF_PATENTS_OECDSPECIFIC(1.0),,I,US50,,A,,GR,,PATN,,PRIORITY,,SGP,,_Z,,INVENTOR,,_Z,,_Z,,_T,,2021,,655.24432,,A,,1,,0,
DATAFLOW,OECD.STI.PIE:DSD_PATENTS@DF_PATENTS_OECDSPECIFIC(1.0),,I,US50,,A,,GR,,PATN,,PRIORITY,,BMU,,_Z,,INVENTOR,,_Z,,_Z,,_T,,2021,,5.8333001,,A,,1,,0,
DATAFLOW,OECD.STI.PIE:DSD_PATENTS@DF_PATENTS_OECDSPECIFIC(1.0),,I,US50,,A,,GR,,PATN,,PRIORITY,,MAR,,_Z,,INVENTOR,,_Z,,_Z,,_T,,2021,,4.1917,,A,,1,,0,
DATAFLOW,OECD.STI.PIE:DSD_PATENTS@DF_PATENTS_OECDSPECIFIC(1.0),,I,US50,,A,,GR,,PATN,,PRIORITY,,CZE,,_Z,,INVENTOR,,_Z,,_Z,,_T,,2021,,159.7151,,A,,1,,0,
DATAFLOW,OECD.STI.PIE:DSD_PATENTS@DF_PATENTS_OECDSPECIFIC(1.0),,I,US50,,A,,GR,,PATN,,PRIORITY,,THA,,_Z,,INVENTOR,,_Z,,_Z,,_T,,2021,,37.091702,,A,,1,,0,
DATAFLOW,OECD.STI.PIE:DSD_PATENTS@DF_PATENTS_OECDSPECIFIC(1.0),,I,US50,,A,,GR,,PATN,,PRIORITY,,BRA,,_Z,,INVENTOR,,_Z,,_Z,,_T,,2021,,257.50391,,A,,1,,0,
DATAFLOW,OECD.STI.PIE:DSD_PATENTS@DF_PATENTS_OECDSPECIFIC(1.0),,I,US50,,A,,GR,,PATN,,PRIORITY,,AND,,_Z,,INVENTOR,,_Z,,_Z,,_T,,2021,,0.5,,A,,1,,0,
DATAFLOW,OECD.STI.PIE:DSD_PATENTS@DF_PATENTS_OECDSPECIFIC(1.0),,I,US50,,A,,GR,,PATN,,PRIORITY,,ESP,,_Z,,INVENTOR,,_Z,,_Z,,_T,,2021,,356.75061,,A,,1,,0,
DATAFLOW,OECD.STI.PIE:DSD_PATENTS@DF_PATENTS_OECDSPECIFIC(1.0),,I,US50,,A,,GR,,PATN,,PRIORITY,,EST,,_Z,,INVENTOR,,_Z,,_Z,,_T,,2021,,17.124201,,A,,1,,0,
DATAFLOW,OECD.STI.PIE:DSD_PATENTS@DF_PATENTS_OECDSPECIFIC(1.0),,I,US50,,A,,GR,,PATN,,PRIORITY,,KOR,,_Z,,INVENTOR,,_Z,,_Z,,_T,,2021,,11993.712,,A,,1,,0,
DATAFLOW,OECD.STI.PIE:DSD_PATENTS@DF_PATENTS_OECDSPECIFIC(1.0),,I,US50,,A,,GR,,PATN,,PRIORITY,,KAZ,,_Z,,INVENTOR,,_Z,,_Z,,_T,,2021,,3,,A,,1,,0,
DATAFLOW,OECD.STI.PIE:DSD_PATENTS@DF_PATENTS_OECDSPECIFIC(1.0),,I,US50,,A,,GR,,PATN,,PRIORITY,,NLD,,_Z,,INVENTOR,,_Z,,_Z,,_T,,2021,,681.18091,,A,,1,,0,
DATAFLOW,OECD.STI.PIE:DSD_PATENTS@DF_PATENTS_OECDSPECIFIC(1.0),,I,US50,,A,,GR,,PATN,,PRIORITY,,CHE,,_Z,,INVENTOR,,_Z,,_Z,,_T,,2021,,914.7627,,A,,1,,0,
DATAFLOW,OECD.STI.PIE:DSD_PATENTS@DF_PATENTS_OECDSPECIFIC(1.0),,I,US50,,A,,GR,,PATN,,PRIORITY,,IDN,,_Z,,INVENTOR,,_Z,,_Z,,_T,,2021,,6.5928998,,A,,1,,0,
DATAFLOW,OECD.STI.PIE:DSD_PATENTS@DF_PATENTS_OECDSPECIFIC(1.0),,I,US50,,A,,GR,,PATN,,PRIORITY,,ITA,,_Z,,INVENTOR,,_Z,,_Z,,_T,,2021,,1366.5989,,A,,1,,0,
DATAFLOW,OECD.STI.PIE:DSD_PATENTS@DF_PATENTS_OECDSPECIFIC(1.0),,I,US50,,A,,GR,,PATN,,PRIORITY,,VEN,,_Z,,INVENTOR,,_Z,,_Z,,_T,,2021,,4.1714001,,A,,1,,0,
DATAFLOW,OECD.STI.PIE:DSD_PATENTS@DF_PATENTS_OECDSPECIFIC(1.0),,I,US50,,A,,GR,,PATN,,PRIORITY,,HKG,,_Z,,INVENTOR,,_Z,,_Z,,_T,,2021,,247.4893,,A,,1,,0,
DATAFLOW,OECD.STI.PIE:DSD_PATENTS@DF_PATENTS_OECDSPECIFIC(1.0),,I,US50,,A,,GR,,PATN,,PRIORITY,,W,,_Z,,INVENTOR,,_Z,,_Z,,_T,,2021,,174207,,A,,1,,0,
DATAFLOW,OECD.STI.PIE:DSD_PATENTS@DF_PATENTS_OECDSPECIFIC(1.0),,I,US50,,A,,GR,,PATN,,PRIORITY,,CHL,,_Z,,INVENTOR,,_Z,,_Z,,_T,,2021,,25.5758,,A,,1,,0,
DATAFLOW,OECD.STI.PIE:DSD_PATENTS@DF_PATENTS_OECDSPECIFIC(1.0),,I,US50,,A,,GR,,PATN,,PRIORITY,,DEU,,_Z,,INVENTOR,,_Z,,_Z,,_T,,2021,,5612.2012,,A,,1,,0,
DATAFLOW,OECD.STI.PIE:DSD_PATENTS@DF_PATENTS_OECDSPECIFIC(1.0),,I,US50,,A,,GR,,PATN,,PRIORITY,,IND,,_Z,,INVENTOR,,_Z,,_Z,,_T,,2021,,5654.2549,,A,,1,,0,
DATAFLOW,OECD.STI.PIE:DSD_PATENTS@DF_PATENTS_OECDSPECIFIC(1.0),,I,US50,,A,,GR,,PATN,,PRIORITY,,ARE,,_Z,,INVENTOR,,_Z,,_Z,,_T,,2021,,67.025002,,A,,1,,0,
DATAFLOW,OECD.STI.PIE:DSD_PATENTS@DF_PATENTS_OECDSPECIFIC(1.0),,I,US50,,A,,GR,,PATN,,PRIORITY,,LKA,,_Z,,INVENTOR,,_Z,,_Z,,_T,,2021,,8.2333002,,A,,1,,0,
DATAFLOW,OECD.STI.PIE:DSD_PATENTS@DF_PATENTS_OECDSPECIFIC(1.0),,I,US50,,A,,GR,,PATN,,PRIORITY,,UKR,,_Z,,INVENTOR,,_Z,,_Z,,_T,,2021,,62.219398,,A,,1,,0,
DATAFLOW,OECD.STI.PIE:DSD_PATENTS@DF_PATENTS_OECDSPECIFIC(1.0),,I,US50,,A,,GR,,PATN,,PRIORITY,,BLR,,_Z,,INVENTOR,,_Z,,_Z,,_T,,2021,,18.778999,,A,,1,,0,
DATAFLOW,OECD.STI.PIE:DSD_PATENTS@DF_PATENTS_OECDSPECIFIC(1.0),,I,US50,,A,,GR,,PATN,,PRIORITY,,JOR,,_Z,,INVENTOR,,_Z,,_Z,,_T,,2021,,5.4166999,,A,,1,,0,
DATAFLOW,OECD.STI.PIE:DSD_PATENTS@DF_PATENTS_OECDSPECIFIC(1.0),,I,US50,,A,,GR,,PATN,,PRIORITY,,LVA,,_Z,,INVENTOR,,_Z,,_Z,,_T,,2021,,7.25,,A,,1,,0,
DATAFLOW,OECD.STI.PIE:DSD_PATENTS@DF_PATENTS_OECDSPECIFIC(1.0),,I,US50,,A,,GR,,PATN,,PRIORITY,,SWE,,_Z,,INVENTOR,,_Z,,_Z,,_T,,2021,,884.91443,,A,,1,,0,
DATAFLOW,OECD.STI.PIE:DSD_PATENTS@DF_PATENTS_OECDSPECIFIC(1.0),,I,US50,,A,,GR,,PATN,,PRIORITY,,USA,,_Z,,INVENTOR,,_Z,,_Z,,_T,,2021,,81689.523,,A,,1,,0,
DATAFLOW,OECD.STI.PIE:DSD_PATENTS@DF_PATENTS_OECDSPECIFIC(1.0),,I,US50,,A,,GR,,PATN,,PRIORITY,,CAN,,_Z,,INVENTOR,,_Z,,_Z,,_T,,2021,,3749.5115,,A,,1,,0,
DATAFLOW,OECD.STI.PIE:DSD_PATENTS@DF_PATENTS_OECDSPECIFIC(1.0),,I,US50,,A,,GR,,PATN,,PRIORITY,,FRA,,_Z,,INVENTOR,,_Z,,_Z,,_T,,2021,,2156.8662,,A,,1,,0,
DATAFLOW,OECD.STI.PIE:DSD_PATENTS@DF_PATENTS_OECDSPECIFIC(1.0),,I,US50,,A,,GR,,PATN,,PRIORITY,,ARG,,_Z,,INVENTOR,,_Z,,_Z,,_T,,2021,,74.0355,,A,,1,,0,
DATAFLOW,OECD.STI.PIE:DSD_PATENTS@DF_PATENTS_OECDSPECIFIC(1.0),,I,US50,,A,,GR,,PATN,,PRIORITY,,MKD,,_Z,,INVENTOR,,_Z,,_Z,,_T,,2021,,0.54290003,,A,,1,,0,
DATAFLOW,OECD.STI.PIE:DSD_PATENTS@DF_PATENTS_OECDSPECIFIC(1.0),,I,US50,,A,,GR,,PATN,,PRIORITY,,AUS,,_Z,,INVENTOR,,_Z,,_Z,,_T,,2021,,573.81921,,A,,1,,0,
DATAFLOW,OECD.STI.PIE:DSD_PATENTS@DF_PATENTS_OECDSPECIFIC(1.0),,I,US50,,A,,GR,,PATN,,PRIORITY,,PRT,,_Z,,INVENTOR,,_Z,,_Z,,_T,,2021,,39.450802,,A,,1,,0,
DATAFLOW,OECD.STI.PIE:DSD_PATENTS@DF_PATENTS_OECDSPECIFIC(1.0),,I,US50,,A,,GR,,PATN,,PRIORITY,,TUN,,_Z,,INVENTOR,,_Z,,_Z,,_T,,2021,,1.4917001,,A,,1,,0,
DATAFLOW,OECD.STI.PIE:DSD_PATENTS@DF_PATENTS_OECDSPECIFIC(1.0),,I,US50,,A,,GR,,PATN,,PRIORITY,,SAU,,_Z,,INVENTOR,,_Z,,_Z,,_T,,2021,,1260.1671,,A,,1,,0,
DATAFLOW,OECD.STI.PIE:DSD_PATENTS@DF_PATENTS_OECDSPECIFIC(1.0),,I,US50,,A,,GR,,PATN,,PRIORITY,,ZAF,,_Z,,INVENTOR,,_Z,,_Z,,_T,,2021,,28.4631,,A,,1,,0,
DATAFLOW,OECD.STI.PIE:DSD_PATENTS@DF_PATENTS_OECDSPECIFIC(1.0),,I,US50,,A,,GR,,PATN,,PRIORITY,,ISR,,_Z,,INVENTOR,,_Z,,_Z,,_T,,2021,,2553.7183,,A,,1,,0,
DATAFLOW,OECD.STI.PIE:DSD_PATENTS@DF_PATENTS_OECDSPECIFIC(1.0),,I,US50,,A,,GR,,PATN,,PRIORITY,,RUS,,_Z,,INVENTOR,,_Z,,_Z,,_T,,2021,,253.16141,,A,,1,,0,
DATAFLOW,OECD.STI.PIE:DSD_PATENTS@DF_PATENTS_OECDSPECIFIC(1.0),,I,US50,,A,,GR,,PATN,,PRIORITY,,ISL,,_Z,,INVENTOR,,_Z,,_Z,,_T,,2021,,9.3332996,,A,,1,,0,
DATAFLOW,OECD.STI.PIE:DSD_PATENTS@DF_PATENTS_OECDSPECIFIC(1.0),,I,US50,,A,,GR,,PATN,,PRIORITY,,LIE,,_Z,,INVENTOR,,_Z,,_Z,,_T,,2021,,3.55,,A,,1,,0,
DATAFLOW,OECD.STI.PIE:DSD_PATENTS@DF_PATENTS_OECDSPECIFIC(1.0),,I,US50,,A,,GR,,PATN,,PRIORITY,,CYP,,_Z,,INVENTOR,,_Z,,_Z,,_T,,2021,,8.2333002,,A,,1,,0,
DATAFLOW,OECD.STI.PIE:DSD_PATENTS@DF_PATENTS_OECDSPECIFIC(1.0),,I,US50,,A,,GR,,PATN,,PRIORITY,,COL,,_Z,,INVENTOR,,_Z,,_Z,,_T,,2021,,18.2516,,A,,1,,0,
DATAFLOW,OECD.STI.PIE:DSD_PATENTS@DF_PATENTS_OECDSPECIFIC(1.0),,I,US50,,A,,GR,,PATN,,PRIORITY,,HRV,,_Z,,INVENTOR,,_Z,,_Z,,_T,,2021,,9.3977003,,A,,1,,0,
DATAFLOW,OECD.STI.PIE:DSD_PATENTS@DF_PATENTS_OECDSPECIFIC(1.0),,I,US50,,A,,GR,,PATN,,PRIORITY,,CYM,,_Z,,INVENTOR,,_Z,,_Z,,_T,,2021,,5.5,,A,,1,,0,
DATAFLOW,OECD.STI.PIE:DSD_PATENTS@DF_PATENTS_OECDSPECIFIC(1.0),,I,US50,,A,,GR,,PATN,,PRIORITY,,PRK,,_Z,,INVENTOR,,_Z,,_Z,,_T,,2021,,0.625,,A,,1,,0,
DATAFLOW,OECD.STI.PIE:DSD_PATENTS@DF_PATENTS_OECDSPECIFIC(1.0),,I,US50,,A,,GR,,PATN,,PRIORITY,,IRL,,_Z,,INVENTOR,,_Z,,_Z,,_T,,2021,,418.17441,,A,,1,,0,
DATAFLOW,OECD.STI.PIE:DSD_PATENTS@DF_PATENTS_OECDSPECIFIC(1.0),,I,US50,,A,,GR,,PATN,,PRIORITY,,DZA,,_Z,,INVENTOR,,_Z,,_Z,,_T,,2021,,2.5332999,,A,,1,,0,
DATAFLOW,OECD.STI.PIE:DSD_PATENTS@DF_PATENTS_OECDSPECIFIC(1.0),,I,US50,,A,,GR,,PATN,,PRIORITY,,GEO,,_Z,,INVENTOR,,_Z,,_Z,,_T,,2021,,2.55,,A,,1,,0,
DATAFLOW,OECD.STI.PIE:DSD_PATENTS@DF_PATENTS_OECDSPECIFIC(1.0),,I,US50,,A,,GR,,PATN,,PRIORITY,,SYC,,_Z,,INVENTOR,,_Z,,_Z,,_T,,2021,,1.7333,,A,,1,,0,
DATAFLOW,OECD.STI.PIE:DSD_PATENTS@DF_PATENTS_OECDSPECIFIC(1.0),,I,US50,,A,,GR,,PATN,,PRIORITY,,NOR,,_Z,,INVENTOR,,_Z,,_Z,,_T,,2021,,209.35809,,A,,1,,0,
DATAFLOW,OECD.STI.PIE:DSD_PATENTS@DF_PATENTS_OECDSPECIFIC(1.0),,I,US50,,A,,GR,,PATN,,PRIORITY,,POL,,_Z,,INVENTOR,,_Z,,_Z,,_T,,2021,,261.7887,,A,,1,,0,
DATAFLOW,OECD.STI.PIE:DSD_PATENTS@DF_PATENTS_OECDSPECIFIC(1.0),,I,US50,,A,,GR,,PATN,,PRIORITY,,FIN,,_Z,,INVENTOR,,_Z,,_Z,,_T,,2021,,506.29401,,A,,1,,0,
DATAFLOW,OECD.STI.PIE:DSD_PATENTS@DF_PATENTS_OECDSPECIFIC(1.0),,I,US50,,A,,GR,,PATN,,PRIORITY,,EU27_2020,,_Z,,INVENTOR,,_Z,,_Z,,_T,,2021,,14323.954,,A,,1,,0,
DATAFLOW,OECD.STI.PIE:DSD_PATENTS@DF_PATENTS_OECDSPECIFIC(1.0),,I,US50,,A,,GR,,PATN,,PRIORITY,,CRI,,_Z,,INVENTOR,,_Z,,_Z,,_T,,2021,,31.6833,,A,,1,,0,
DATAFLOW,OECD.STI.PIE:DSD_PATENTS@DF_PATENTS_OECDSPECIFIC(1.0),,I,US50,,A,,GR,,PATN,,PRIORITY,,LTU,,_Z,,INVENTOR,,_Z,,_Z,,_T,,2021,,159.98331,,A,,1,,0,
DATAFLOW,OECD.STI.PIE:DSD_PATENTS@DF_PATENTS_OECDSPECIFIC(1.0),,I,US50,,A,,GR,,PATN,,PRIORITY,,TWN,,_Z,,INVENTOR,,_Z,,_Z,,_T,,2021,,10338.657,,A,,1,,0,
DATAFLOW,OECD.STI.PIE:DSD_PATENTS@DF_PATENTS_OECDSPECIFIC(1.0),,I,US50,,A,,GR,,PATN,,PRIORITY,,EGY,,_Z,,INVENTOR,,_Z,,_Z,,_T,,2021,,30.4,,A,,1,,0,
DATAFLOW,OECD.STI.PIE:DSD_PATENTS@DF_PATENTS_OECDSPECIFIC(1.0),,I,US50,,A,,GR,,PATN,,PRIORITY,,KWT,,_Z,,INVENTOR,,_Z,,_Z,,_T,,2021,,23,,A,,1,,0,
DATAFLOW,OECD.STI.PIE:DSD_PATENTS@DF_PATENTS_OECDSPECIFIC(1.0),,I,US50,,A,,GR,,PATN,,PRIORITY,,KWT,,_Z,,INVENTOR,,_Z,,_Z,,_T,,2020,,18.5333,,A,,1,,0,
DATAFLOW,OECD.STI.PIE:DSD_PATENTS@DF_PATENTS_OECDSPECIFIC(1.0),,I,US50,,A,,GR,,PATN,,PRIORITY,,EGY,,_Z,,INVENTOR,,_Z,,_Z,,_T,,2020,,34.605999,,A,,1,,0,
DATAFLOW,OECD.STI.PIE:DSD_PATENTS@DF_PATENTS_OECDSPECIFIC(1.0),,I,US50,,A,,GR,,PATN,,PRIORITY,,TWN,,_Z,,INVENTOR,,_Z,,_Z,,_T,,2020,,11776.068,,A,,1,,0,
DATAFLOW,OECD.STI.PIE:DSD_PATENTS@DF_PATENTS_OECDSPECIFIC(1.0),,I,US50,,A,,GR,,PATN,,PRIORITY,,LTU,,_Z,,INVENTOR,,_Z,,_Z,,_T,,2020,,36.930599,,A,,1,,0,
DATAFLOW,OECD.STI.PIE:DSD_PATENTS@DF_PATENTS_OECDSPECIFIC(1.0),,I,US50,,A,,GR,,PATN,,PRIORITY,,CRI,,_Z,,INVENTOR,,_Z,,_Z,,_T,,2020,,30.9611,,A,,1,,0,
DATAFLOW,OECD.STI.PIE:DSD_PATENTS@DF_PATENTS_OECDSPECIFIC(1.0),,I,US50,,A,,GR,,PATN,,PRIORITY,,EU27_2020,,_Z,,INVENTOR,,_Z,,_Z,,_T,,2020,,22726.67,,A,,1,,0,
DATAFLOW,OECD.STI.PIE:DSD_PATENTS@DF_PATENTS_OECDSPECIFIC(1.0),,I,US50,,A,,GR,,PATN,,PRIORITY,,FIN,,_Z,,INVENTOR,,_Z,,_Z,,_T,,2020,,753.18982,,A,,1,,0,
DATAFLOW,OECD.STI.PIE:DSD_PATENTS@DF_PATENTS_OECDSPECIFIC(1.0),,I,US50,,A,,GR,,PATN,,PRIORITY,,POL,,_Z,,INVENTOR,,_Z,,_Z,,_T,,2020,,353.48019,,A,,1,,0,
DATAFLOW,OECD.STI.PIE:DSD_PATENTS@DF_PATENTS_OECDSPECIFIC(1.0),,I,US50,,A,,GR,,PATN,,PRIORITY,,NOR,,_Z,,INVENTOR,,_Z,,_Z,,_T,,2020,,314.77701,,A,,1,,0,
DATAFLOW,OECD.STI.PIE:DSD_PATENTS@DF_PATENTS_OECDSPECIFIC(1.0),,I,US50,,A,,GR,,PATN,,PRIORITY,,SYC,,_Z,,INVENTOR,,_Z,,_Z,,_T,,2020,,1.2,,A,,1,,0,
DATAFLOW,OECD.STI.PIE:DSD_PATENTS@DF_PATENTS_OECDSPECIFIC(1.0),,I,US50,,A,,GR,,PATN,,PRIORITY,,GEO,,_Z,,INVENTOR,,_Z,,_Z,,_T,,2020,,2.75,,A,,1,,0,
DATAFLOW,OECD.STI.PIE:DSD_PATENTS@DF_PATENTS_OECDSPECIFIC(1.0),,I,US50,,A,,GR,,PATN,,PRIORITY,,DZA,,_Z,,INVENTOR,,_Z,,_Z,,_T,,2020,,0.86669999,,A,,1,,0,
DATAFLOW,OECD.STI.PIE:DSD_PATENTS@DF_PATENTS_OECDSPECIFIC(1.0),,I,US50,,A,,GR,,PATN,,PRIORITY,,IRL,,_Z,,INVENTOR,,_Z,,_Z,,_T,,2020,,654.37659,,A,,1,,0,
DATAFLOW,OECD.STI.PIE:DSD_PATENTS@DF_PATENTS_OECDSPECIFIC(1.0),,I,US50,,A,,GR,,PATN,,PRIORITY,,PRK,,_Z,,INVENTOR,,_Z,,_Z,,_T,,2020,,5.1159,,A,,1,,0,
DATAFLOW,OECD.STI.PIE:DSD_PATENTS@DF_PATENTS_OECDSPECIFIC(1.0),,I,US50,,A,,GR,,PATN,,PRIORITY,,CYM,,_Z,,INVENTOR,,_Z,,_Z,,_T,,2020,,8.8332996,,A,,1,,0,
DATAFLOW,OECD.STI.PIE:DSD_PATENTS@DF_PATENTS_OECDSPECIFIC(1.0),,I,US50,,A,,GR,,PATN,,PRIORITY,,HRV,,_Z,,INVENTOR,,_Z,,_Z,,_T,,2020,,15.7167,,A,,1,,0,
DATAFLOW,OECD.STI.PIE:DSD_PATENTS@DF_PATENTS_OECDSPECIFIC(1.0),,I,US50,,A,,GR,,PATN,,PRIORITY,,COL,,_Z,,INVENTOR,,_Z,,_Z,,_T,,2020,,29.366699,,A,,1,,0,
DATAFLOW,OECD.STI.PIE:DSD_PATENTS@DF_PATENTS_OECDSPECIFIC(1.0),,I,US50,,A,,GR,,PATN,,PRIORITY,,CYP,,_Z,,INVENTOR,,_Z,,_Z,,_T,,2020,,6,,A,,1,,0,
DATAFLOW,OECD.STI.PIE:DSD_PATENTS@DF_PATENTS_OECDSPECIFIC(1.0),,I,US50,,A,,GR,,PATN,,PRIORITY,,LIE,,_Z,,INVENTOR,,_Z,,_Z,,_T,,2020,,3.8666999,,A,,1,,0,
DATAFLOW,OECD.STI.PIE:DSD_PATENTS@DF_PATENTS_OECDSPECIFIC(1.0),,I,US50,,A,,GR,,PATN,,PRIORITY,,ISL,,_Z,,INVENTOR,,_Z,,_Z,,_T,,2020,,18.504,,A,,1,,0,
DATAFLOW,OECD.STI.PIE:DSD_PATENTS@DF_PATENTS_OECDSPECIFIC(1.0),,I,US50,,A,,GR,,PATN,,PRIORITY,,RUS,,_Z,,INVENTOR,,_Z,,_Z,,_T,,2020,,422.16779,,A,,1,,0,
DATAFLOW,OECD.STI.PIE:DSD_PATENTS@DF_PATENTS_OECDSPECIFIC(1.0),,I,US50,,A,,GR,,PATN,,PRIORITY,,ISR,,_Z,,INVENTOR,,_Z,,_Z,,_T,,2020,,3116.5613,,A,,1,,0,
DATAFLOW,OECD.STI.PIE:DSD_PATENTS@DF_PATENTS_OECDSPECIFIC(1.0),,I,US50,,A,,GR,,PATN,,PRIORITY,,ZAF,,_Z,,INVENTOR,,_Z,,_Z,,_T,,2020,,91.580002,,A,,1,,0,
DATAFLOW,OECD.STI.PIE:DSD_PATENTS@DF_PATENTS_OECDSPECIFIC(1.0),,I,US50,,A,,GR,,PATN,,PRIORITY,,MNG,,_Z,,INVENTOR,,_Z,,_Z,,_T,,2020,,0.33329999,,A,,1,,0,
DATAFLOW,OECD.STI.PIE:DSD_PATENTS@DF_PATENTS_OECDSPECIFIC(1.0),,I,US50,,A,,GR,,PATN,,PRIORITY,,YUG_F,,_Z,,INVENTOR,,_Z,,_Z,,_T,,2020,,0.5,,A,,1,,0,
DATAFLOW,OECD.STI.PIE:DSD_PATENTS@DF_PATENTS_OECDSPECIFIC(1.0),,I,US50,,A,,GR,,PATN,,PRIORITY,,SAU,,_Z,,INVENTOR,,_Z,,_Z,,_T,,2020,,1217.7542,,A,,1,,0,
DATAFLOW,OECD.STI.PIE:DSD_PATENTS@DF_PATENTS_OECDSPECIFIC(1.0),,I,US50,,A,,GR,,PATN,,PRIORITY,,TUN,,_Z,,INVENTOR,,_Z,,_Z,,_T,,2020,,2.1500001,,A,,1,,0,
DATAFLOW,OECD.STI.PIE:DSD_PATENTS@DF_PATENTS_OECDSPECIFIC(1.0),,I,US50,,A,,GR,,PATN,,PRIORITY,,PRT,,_Z,,INVENTOR,,_Z,,_Z,,_T,,2020,,81.437698,,A,,1,,0,
DATAFLOW,OECD.STI.PIE:DSD_PATENTS@DF_PATENTS_OECDSPECIFIC(1.0),,I,US50,,A,,GR,,PATN,,PRIORITY,,AUS,,_Z,,INVENTOR,,_Z,,_Z,,_T,,2020,,808.8078,,A,,1,,0,
DATAFLOW,OECD.STI.PIE:DSD_PATENTS@DF_PATENTS_OECDSPECIFIC(1.0),,I,US50,,A,,GR,,PATN,,PRIORITY,,ARG,,_Z,,INVENTOR,,_Z,,_Z,,_T,,2020,,85.081703,,A,,1,,0,
DATAFLOW,OECD.STI.PIE:DSD_PATENTS@DF_PATENTS_OECDSPECIFIC(1.0),,I,US50,,A,,GR,,PATN,,PRIORITY,,FRA,,_Z,,INVENTOR,,_Z,,_Z,,_T,,2020,,3380.3699,,A,,1,,0,
DATAFLOW,OECD.STI.PIE:DSD_PATENTS@DF_PATENTS_OECDSPECIFIC(1.0),,I,US50,,A,,GR,,PATN,,PRIORITY,,CAN,,_Z,,INVENTOR,,_Z,,_Z,,_T,,2020,,4693.3057,,A,,1,,0,
DATAFLOW,OECD.STI.PIE:DSD_PATENTS@DF_PATENTS_OECDSPECIFIC(1.0),,I,US50,,A,,GR,,PATN,,PRIORITY,,USA,,_Z,,INVENTOR,,_Z,,_Z,,_T,,2020,,107511.78,,A,,1,,0,
DATAFLOW,OECD.STI.PIE:DSD_PATENTS@DF_PATENTS_OECDSPECIFIC(1.0),,I,US50,,A,,GR,,PATN,,PRIORITY,,SWE,,_Z,,INVENTOR,,_Z,,_Z,,_T,,2020,,1563.5361,,A,,1,,0,
DATAFLOW,OECD.STI.PIE:DSD_PATENTS@DF_PATENTS_OECDSPECIFIC(1.0),,I,US50,,A,,GR,,PATN,,PRIORITY,,LVA,,_Z,,INVENTOR,,_Z,,_Z,,_T,,2020,,16.3929,,A,,1,,0,
DATAFLOW,OECD.STI.PIE:DSD_PATENTS@DF_PATENTS_OECDSPECIFIC(1.0),,I,US50,,A,,GR,,PATN,,PRIORITY,,BLR,,_Z,,INVENTOR,,_Z,,_Z,,_T,,2020,,27.991699,,A,,1,,0,
DATAFLOW,OECD.STI.PIE:DSD_PATENTS@DF_PATENTS_OECDSPECIFIC(1.0),,I,US50,,A,,GR,,PATN,,PRIORITY,,UKR,,_Z,,INVENTOR,,_Z,,_Z,,_T,,2020,,81.870201,,A,,1,,0,
DATAFLOW,OECD.STI.PIE:DSD_PATENTS@DF_PATENTS_OECDSPECIFIC(1.0),,I,US50,,A,,GR,,PATN,,PRIORITY,,LKA,,_Z,,INVENTOR,,_Z,,_Z,,_T,,2020,,10.2738,,A,,1,,0,
DATAFLOW,OECD.STI.PIE:DSD_PATENTS@DF_PATENTS_OECDSPECIFIC(1.0),,I,US50,,A,,GR,,PATN,,PRIORITY,,ARE,,_Z,,INVENTOR,,_Z,,_Z,,_T,,2020,,134.8107,,A,,1,,0,
DATAFLOW,OECD.STI.PIE:DSD_PATENTS@DF_PATENTS_OECDSPECIFIC(1.0),,I,US50,,A,,GR,,PATN,,PRIORITY,,IND,,_Z,,INVENTOR,,_Z,,_Z,,_T,,2020,,5812.6758,,A,,1,,0,
DATAFLOW,OECD.STI.PIE:DSD_PATENTS@DF_PATENTS_OECDSPECIFIC(1.0),,I,US50,,A,,GR,,PATN,,PRIORITY,,DEU,,_Z,,INVENTOR,,_Z,,_Z,,_T,,2020,,9131.8477,,A,,1,,0,
DATAFLOW,OECD.STI.PIE:DSD_PATENTS@DF_PATENTS_OECDSPECIFIC(1.0),,I,US50,,A,,GR,,PATN,,PRIORITY,,CHL,,_Z,,INVENTOR,,_Z,,_Z,,_T,,2020,,30.258301,,A,,1,,0,
DATAFLOW,OECD.STI.PIE:DSD_PATENTS@DF_PATENTS_OECDSPECIFIC(1.0),,I,US50,,A,,GR,,PATN,,PRIORITY,,W,,_Z,,INVENTOR,,_Z,,_Z,,_T,,2020,,238259,,A,,1,,0,
DATAFLOW,OECD.STI.PIE:DSD_PATENTS@DF_PATENTS_OECDSPECIFIC(1.0),,I,US50,,A,,GR,,PATN,,PRIORITY,,HKG,,_Z,,INVENTOR,,_Z,,_Z,,_T,,2020,,380.6069,,A,,1,,0,
DATAFLOW,OECD.STI.PIE:DSD_PATENTS@DF_PATENTS_OECDSPECIFIC(1.0),,I,US50,,A,,GR,,PATN,,PRIORITY,,PRI,,_Z,,INVENTOR,,_Z,,_Z,,_T,,2020,,0.25,,A,,1,,0,
DATAFLOW,OECD.STI.PIE:DSD_PATENTS@DF_PATENTS_OECDSPECIFIC(1.0),,I,US50,,A,,GR,,PATN,,PRIORITY,,UZB,,_Z,,INVENTOR,,_Z,,_Z,,_T,,2020,,0.25,,A,,1,,0,
DATAFLOW,OECD.STI.PIE:DSD_PATENTS@DF_PATENTS_OECDSPECIFIC(1.0),,I,US50,,A,,GR,,PATN,,PRIORITY,,ITA,,_Z,,INVENTOR,,_Z,,_Z,,_T,,2020,,1900.1224,,A,,1,,0,
DATAFLOW,OECD.STI.PIE:DSD_PATENTS@DF_PATENTS_OECDSPECIFIC(1.0),,I,US50,,A,,GR,,PATN,,PRIORITY,,IDN,,_Z,,INVENTOR,,_Z,,_Z,,_T,,2020,,10.8834,,A,,1,,0,
DATAFLOW,OECD.STI.PIE:DSD_PATENTS@DF_PATENTS_OECDSPECIFIC(1.0),,I,US50,,A,,GR,,PATN,,PRIORITY,,CHE,,_Z,,INVENTOR,,_Z,,_Z,,_T,,2020,,1544.4199,,A,,1,,0,
DATAFLOW,OECD.STI.PIE:DSD_PATENTS@DF_PATENTS_OECDSPECIFIC(1.0),,I,US50,,A,,GR,,PATN,,PRIORITY,,NLD,,_Z,,INVENTOR,,_Z,,_Z,,_T,,2020,,1189.6241,,A,,1,,0,
DATAFLOW,OECD.STI.PIE:DSD_PATENTS@DF_PATENTS_OECDSPECIFIC(1.0),,I,US50,,A,,GR,,PATN,,PRIORITY,,KAZ,,_Z,,INVENTOR,,_Z,,_Z,,_T,,2020,,4.2856998,,A,,1,,0,
DATAFLOW,OECD.STI.PIE:DSD_PATENTS@DF_PATENTS_OECDSPECIFIC(1.0),,I,US50,,A,,GR,,PATN,,PRIORITY,,KOR,,_Z,,INVENTOR,,_Z,,_Z,,_T,,2020,,18843.879,,A,,1,,0,
DATAFLOW,OECD.STI.PIE:DSD_PATENTS@DF_PATENTS_OECDSPECIFIC(1.0),,I,US50,,A,,GR,,PATN,,PRIORITY,,EST,,_Z,,INVENTOR,,_Z,,_Z,,_T,,2020,,21.242901,,A,,1,,0,
DATAFLOW,OECD.STI.PIE:DSD_PATENTS@DF_PATENTS_OECDSPECIFIC(1.0),,I,US50,,A,,GR,,PATN,,PRIORITY,,ESP,,_Z,,INVENTOR,,_Z,,_Z,,_T,,2020,,598.78192,,A,,1,,0,
DATAFLOW,OECD.STI.PIE:DSD_PATENTS@DF_PATENTS_OECDSPECIFIC(1.0),,I,US50,,A,,GR,,PATN,,PRIORITY,,AND,,_Z,,INVENTOR,,_Z,,_Z,,_T,,2020,,0.75,,A,,1,,0,
DATAFLOW,OECD.STI.PIE:DSD_PATENTS@DF_PATENTS_OECDSPECIFIC(1.0),,I,US50,,A,,GR,,PATN,,PRIORITY,,BRA,,_Z,,INVENTOR,,_Z,,_Z,,_T,,2020,,318.2424,,A,,1,,0,
DATAFLOW,OECD.STI.PIE:DSD_PATENTS@DF_PATENTS_OECDSPECIFIC(1.0),,I,US50,,A,,GR,,PATN,,PRIORITY,,THA,,_Z,,INVENTOR,,_Z,,_Z,,_T,,2020,,73.568298,,A,,1,,0,
DATAFLOW,OECD.STI.PIE:DSD_PATENTS@DF_PATENTS_OECDSPECIFIC(1.0),,I,US50,,A,,GR,,PATN,,PRIORITY,,CZE,,_Z,,INVENTOR,,_Z,,_Z,,_T,,2020,,246.367,,A,,1,,0,
DATAFLOW,OECD.STI.PIE:DSD_PATENTS@DF_PATENTS_OECDSPECIFIC(1.0),,I,US50,,A,,GR,,PATN,,PRIORITY,,MAR,,_Z,,INVENTOR,,_Z,,_Z,,_T,,2020,,6.2929001,,A,,1,,0,
DATAFLOW,OECD.STI.PIE:DSD_PATENTS@DF_PATENTS_OECDSPECIFIC(1.0),,I,US50,,A,,GR,,PATN,,PRIORITY,,SGP,,_Z,,INVENTOR,,_Z,,_Z,,_T,,2020,,860.6889,,A,,1,,0,
DATAFLOW,OECD.STI.PIE:DSD_PATENTS@DF_PATENTS_OECDSPECIFIC(1.0),,I,US50,,A,,GR,,PATN,,PRIORITY,,IRN,,_Z,,INVENTOR,,_Z,,_Z,,_T,,2020,,54.309502,,A,,1,,0,
DATAFLOW,OECD.STI.PIE:DSD_PATENTS@DF_PATENTS_OECDSPECIFIC(1.0),,I,US50,,A,,GR,,PATN,,PRIORITY,,MEX,,_Z,,INVENTOR,,_Z,,_Z,,_T,,2020,,201.593,,A,,1,,0,
DATAFLOW,OECD.STI.PIE:DSD_PATENTS@DF_PATENTS_OECDSPECIFIC(1.0),,I,US50,,A,,GR,,PATN,,PRIORITY,,OECD,,_Z,,INVENTOR,,_Z,,_Z,,_T,,2020,,192755.56,,A,,1,,0,
DATAFLOW,OECD.STI.PIE:DSD_PATENTS@DF_PATENTS_OECDSPECIFIC(1.0),,I,US50,,A,,GR,,PATN,,PRIORITY,,PAK,,_Z,,INVENTOR,,_Z,,_Z,,_T,,2020,,19.435699,,A,,1,,0,
DATAFLOW,OECD.STI.PIE:DSD_PATENTS@DF_PATENTS_OECDSPECIFIC(1.0),,I,US50,,A,,GR,,PATN,,PRIORITY,,MCO,,_Z,,INVENTOR,,_Z,,_Z,,_T,,2020,,6.1167002,,A,,1,,0,
DATAFLOW,OECD.STI.PIE:DSD_PATENTS@DF_PATENTS_OECDSPECIFIC(1.0),,I,US50,,A,,GR,,PATN,,PRIORITY,,JPN,,_Z,,INVENTOR,,_Z,,_Z,,_T,,2020,,29166.891,,A,,1,,0,
DATAFLOW,OECD.STI.PIE:DSD_PATENTS@DF_PATENTS_OECDSPECIFIC(1.0),,I,US50,,A,,GR,,PATN,,PRIORITY,,ARM,,_Z,,INVENTOR,,_Z,,_Z,,_T,,2020,,7.4238,,A,,1,,0,
DATAFLOW,OECD.STI.PIE:DSD_PATENTS@DF_PATENTS_OECDSPECIFIC(1.0),,I,US50,,A,,GR,,PATN,,PRIORITY,,LUX,,_Z,,INVENTOR,,_Z,,_Z,,_T,,2020,,37.3302,,A,,1,,0,
DATAFLOW,OECD.STI.PIE:DSD_PATENTS@DF_PATENTS_OECDSPECIFIC(1.0),,I,US50,,A,,GR,,PATN,,PRIORITY,,GBR,,_Z,,INVENTOR,,_Z,,_Z,,_T,,2020,,3620.1699,,A,,1,,0,
DATAFLOW,OECD.STI.PIE:DSD_PATENTS@DF_PATENTS_OECDSPECIFIC(1.0),,I,US50,,A,,GR,,PATN,,PRIORITY,,SVK,,_Z,,INVENTOR,,_Z,,_Z,,_T,,2020,,38.7631,,A,,1,,0,
DATAFLOW,OECD.STI.PIE:DSD_PATENTS@DF_PATENTS_OECDSPECIFIC(1.0),,I,US50,,A,,GR,,PATN,,PRIORITY,,ECU,,_Z,,INVENTOR,,_Z,,_Z,,_T,,2020,,2.3666999,,A,,1,,0,
DATAFLOW,OECD.STI.PIE:DSD_PATENTS@DF_PATENTS_OECDSPECIFIC(1.0),,I,US50,,A,,GR,,PATN,,PRIORITY,,GRC,,_Z,,INVENTOR,,_Z,,_Z,,_T,,2020,,95.238503,,A,,1,,0,
DATAFLOW,OECD.STI.PIE:DSD_PATENTS@DF_PATENTS_OECDSPECIFIC(1.0),,I,US50,,A,,GR,,PATN,,PRIORITY,,ROU,,_Z,,INVENTOR,,_Z,,_Z,,_T,,2020,,117.1722,,A,,1,,0,
DATAFLOW,OECD.STI.PIE:DSD_PATENTS@DF_PATENTS_OECDSPECIFIC(1.0),,I,US50,,A,,GR,,PATN,,PRIORITY,,BGR,,_Z,,INVENTOR,,_Z,,_Z,,_T,,2020,,65.150002,,A,,1,,0,
DATAFLOW,OECD.STI.PIE:DSD_PATENTS@DF_PATENTS_OECDSPECIFIC(1.0),,I,US50,,A,,GR,,PATN,,PRIORITY,,JAM,,_Z,,INVENTOR,,_Z,,_Z,,_T,,2020,,0.64289999,,A,,1,,0,
DATAFLOW,OECD.STI.PIE:DSD_PATENTS@DF_PATENTS_OECDSPECIFIC(1.0),,I,US50,,A,,GR,,PATN,,PRIORITY,,URY,,_Z,,INVENTOR,,_Z,,_Z,,_T,,2020,,5.25,,A,,1,,0,
DATAFLOW,OECD.STI.PIE:DSD_PATENTS@DF_PATENTS_OECDSPECIFIC(1.0),,I,US50,,A,,GR,,PATN,,PRIORITY,,MLT,,_Z,,INVENTOR,,_Z,,_Z,,_T,,2020,,29.9167,,A,,1,,0,
DATAFLOW,OECD.STI.PIE:DSD_PATENTS@DF_PATENTS_OECDSPECIFIC(1.0),,I,US50,,A,,GR,,PATN,,PRIORITY,,NZL,,_Z,,INVENTOR,,_Z,,_Z,,_T,,2020,,208.5372,,A,,1,,0,
DATAFLOW,OECD.STI.PIE:DSD_PATENTS@DF_PATENTS_OECDSPECIFIC(1.0),,I,US50,,A,,GR,,PATN,,PRIORITY,,SVN,,_Z,,INVENTOR,,_Z,,_Z,,_T,,2020,,41.2556,,A,,1,,0,
DATAFLOW,OECD.STI.PIE:DSD_PATENTS@DF_PATENTS_OECDSPECIFIC(1.0),,I,US50,,A,,GR,,PATN,,PRIORITY,,MDA,,_Z,,INVENTOR,,_Z,,_Z,,_T,,2020,,0.31670001,,A,,1,,0,
DATAFLOW,OECD.STI.PIE:DSD_PATENTS@DF_PATENTS_OECDSPECIFIC(1.0),,I,US50,,A,,GR,,PATN,,PRIORITY,,CHN,,_Z,,INVENTOR,,_Z,,_Z,,_T,,2020,,23285.09,,A,,1,,0,
DATAFLOW,OECD.STI.PIE:DSD_PATENTS@DF_PATENTS_OECDSPECIFIC(1.0),,I,US50,,A,,GR,,PATN,,PRIORITY,,PER,,_Z,,INVENTOR,,_Z,,_Z,,_T,,2020,,9.1167002,,A,,1,,0,
DATAFLOW,OECD.STI.PIE:DSD_PATENTS@DF_PATENTS_OECDSPECIFIC(1.0),,I,US50,,A,,GR,,PATN,,PRIORITY,,AUT,,_Z,,INVENTOR,,_Z,,_Z,,_T,,2020,,861.4574,,A,,1,,0,
DATAFLOW,OECD.STI.PIE:DSD_PATENTS@DF_PATENTS_OECDSPECIFIC(1.0),,I,US50,,A,,GR,,PATN,,PRIORITY,,HUN,,_Z,,INVENTOR,,_Z,,_Z,,_T,,2020,,87.107201,,A,,1,,0,
DATAFLOW,OECD.STI.PIE:DSD_PATENTS@DF_PATENTS_OECDSPECIFIC(1.0),,I,US50,,A,,GR,,PATN,,PRIORITY,,BIH,,_Z,,INVENTOR,,_Z,,_Z,,_T,,2020,,2.3333001,,A,,1,,0,
DATAFLOW,OECD.STI.PIE:DSD_PATENTS@DF_PATENTS_OECDSPECIFIC(1.0),,I,US50,,A,,GR,,PATN,,PRIORITY,,NGA,,_Z,,INVENTOR,,_Z,,_Z,,_T,,2020,,2.25,,A,,1,,0,
DATAFLOW,OECD.STI.PIE:DSD_PATENTS@DF_PATENTS_OECDSPECIFIC(1.0),,I,US50,,A,,GR,,PATN,,PRIORITY,,LBN,,_Z,,INVENTOR,,_Z,,_Z,,_T,,2020,,8.2690001,,A,,1,,0,
DATAFLOW,OECD.STI.PIE:DSD_PATENTS@DF_PATENTS_OECDSPECIFIC(1.0),,I,US50,,A,,GR,,PATN,,PRIORITY,,KEN,,_Z,,INVENTOR,,_Z,,_Z,,_T,,2020,,10.25,,A,,1,,0,
DATAFLOW,OECD.STI.PIE:DSD_PATENTS@DF_PATENTS_OECDSPECIFIC(1.0),,I,US50,,A,,GR,,PATN,,PRIORITY,,PHL,,_Z,,INVENTOR,,_Z,,_Z,,_T,,2020,,63.836102,,A,,1,,0,
DATAFLOW,OECD.STI.PIE:DSD_PATENTS@DF_PATENTS_OECDSPECIFIC(1.0),,I,US50,,A,,GR,,PATN,,PRIORITY,,TUR,,_Z,,INVENTOR,,_Z,,_Z,,_T,,2020,,123.0381,,A,,1,,0,
DATAFLOW,OECD.STI.PIE:DSD_PATENTS@DF_PATENTS_OECDSPECIFIC(1.0),,I,US50,,A,,GR,,PATN,,PRIORITY,,BEL,,_Z,,INVENTOR,,_Z,,_Z,,_T,,2020,,713.36102,,A,,1,,0,
DATAFLOW,OECD.STI.PIE:DSD_PATENTS@DF_PATENTS_OECDSPECIFIC(1.0),,I,US50,,A,,GR,,PATN,,PRIORITY,,PAN,,_Z,,INVENTOR,,_Z,,_Z,,_T,,2020,,2.1500001,,A,,1,,0,
DATAFLOW,OECD.STI.PIE:DSD_PATENTS@DF_PATENTS_OECDSPECIFIC(1.0),,I,US50,,A,,GR,,PATN,,PRIORITY,,MYS,,_Z,,INVENTOR,,_Z,,_Z,,_T,,2020,,217.4669,,A,,1,,0,
DATAFLOW,OECD.STI.PIE:DSD_PATENTS@DF_PATENTS_OECDSPECIFIC(1.0),,I,US50,,A,,GR,,PATN,,PRIORITY,,DNK,,_Z,,INVENTOR,,_Z,,_Z,,_T,,2020,,690.50177,,A,,1,,0,
DATAFLOW,OECD.STI.PIE:DSD_PATENTS@DF_PATENTS_OECDSPECIFIC(1.0),,I,US50,,A,,GR,,PATN,,PRIORITY,,DNK,,_Z,,INVENTOR,,_Z,,_Z,,_T,,2019,,901.86462,,A,,1,,0,
DATAFLOW,OECD.STI.PIE:DSD_PATENTS@DF_PATENTS_OECDSPECIFIC(1.0),,I,US50,,A,,GR,,PATN,,PRIORITY,,MYS,,_Z,,INVENTOR,,_Z,,_Z,,_T,,2019,,243.3295,,A,,1,,0,
DATAFLOW,OECD.STI.PIE:DSD_PATENTS@DF_PATENTS_OECDSPECIFIC(1.0),,I,US50,,A,,GR,,PATN,,PRIORITY,,PAN,,_Z,,INVENTOR,,_Z,,_Z,,_T,,2019,,5.4762001,,A,,1,,0,
DATAFLOW,OECD.STI.PIE:DSD_PATENTS@DF_PATENTS_OECDSPECIFIC(1.0),,I,US50,,A,,GR,,PATN,,PRIORITY,,BEL,,_Z,,INVENTOR,,_Z,,_Z,,_T,,2019,,959.30121,,A,,1,,0,
DATAFLOW,OECD.STI.PIE:DSD_PATENTS@DF_PATENTS_OECDSPECIFIC(1.0),,I,US50,,A,,GR,,PATN,,PRIORITY,,TUR,,_Z,,INVENTOR,,_Z,,_Z,,_T,,2019,,188.93851,,A,,1,,0,
DATAFLOW,OECD.STI.PIE:DSD_PATENTS@DF_PATENTS_OECDSPECIFIC(1.0),,I,US50,,A,,GR,,PATN,,PRIORITY,,PHL,,_Z,,INVENTOR,,_Z,,_Z,,_T,,2019,,75.981697,,A,,1,,0,
DATAFLOW,OECD.STI.PIE:DSD_PATENTS@DF_PATENTS_OECDSPECIFIC(1.0),,I,US50,,A,,GR,,PATN,,PRIORITY,,KEN,,_Z,,INVENTOR,,_Z,,_Z,,_T,,2019,,13.4607,,A,,1,,0,
DATAFLOW,OECD.STI.PIE:DSD_PATENTS@DF_PATENTS_OECDSPECIFIC(1.0),,I,US50,,A,,GR,,PATN,,PRIORITY,,LBN,,_Z,,INVENTOR,,_Z,,_Z,,_T,,2019,,13.3667,,A,,1,,0,
DATAFLOW,OECD.STI.PIE:DSD_PATENTS@DF_PATENTS_OECDSPECIFIC(1.0),,I,US50,,A,,GR,,PATN,,PRIORITY,,NGA,,_Z,,INVENTOR,,_Z,,_Z,,_T,,2019,,1.2,,A,,1,,0,
DATAFLOW,OECD.STI.PIE:DSD_PATENTS@DF_PATENTS_OECDSPECIFIC(1.0),,I,US50,,A,,GR,,PATN,,PRIORITY,,BIH,,_Z,,INVENTOR,,_Z,,_Z,,_T,,2019,,1.5,,A,,1,,0,
DATAFLOW,OECD.STI.PIE:DSD_PATENTS@DF_PATENTS_OECDSPECIFIC(1.0),,I,US50,,A,,GR,,PATN,,PRIORITY,,HUN,,_Z,,INVENTOR,,_Z,,_Z,,_T,,2019,,146.3466,,A,,1,,0,
DATAFLOW,OECD.STI.PIE:DSD_PATENTS@DF_PATENTS_OECDSPECIFIC(1.0),,I,US50,,A,,GR,,PATN,,PRIORITY,,AUT,,_Z,,INVENTOR,,_Z,,_Z,,_T,,2019,,1228.8234,,A,,1,,0,
DATAFLOW,OECD.STI.PIE:DSD_PATENTS@DF_PATENTS_OECDSPECIFIC(1.0),,I,US50,,A,,GR,,PATN,,PRIORITY,,PER,,_Z,,INVENTOR,,_Z,,_Z,,_T,,2019,,6.5214,,A,,1,,0,
DATAFLOW,OECD.STI.PIE:DSD_PATENTS@DF_PATENTS_OECDSPECIFIC(1.0),,I,US50,,A,,GR,,PATN,,PRIORITY,,CHN,,_Z,,INVENTOR,,_Z,,_Z,,_T,,2019,,26545.311,,A,,1,,0,
DATAFLOW,OECD.STI.PIE:DSD_PATENTS@DF_PATENTS_OECDSPECIFIC(1.0),,I,US50,,A,,GR,,PATN,,PRIORITY,,SVN,,_Z,,INVENTOR,,_Z,,_Z,,_T,,2019,,46.7341,,A,,1,,0,
DATAFLOW,OECD.STI.PIE:DSD_PATENTS@DF_PATENTS_OECDSPECIFIC(1.0),,I,US50,,A,,GR,,PATN,,PRIORITY,,NZL,,_Z,,INVENTOR,,_Z,,_Z,,_T,,2019,,183.1048,,A,,1,,0,
DATAFLOW,OECD.STI.PIE:DSD_PATENTS@DF_PATENTS_OECDSPECIFIC(1.0),,I,US50,,A,,GR,,PATN,,PRIORITY,,MLT,,_Z,,INVENTOR,,_Z,,_Z,,_T,,2019,,24.592899,,A,,1,,0,
DATAFLOW,OECD.STI.PIE:DSD_PATENTS@DF_PATENTS_OECDSPECIFIC(1.0),,I,US50,,A,,GR,,PATN,,PRIORITY,,URY,,_Z,,INVENTOR,,_Z,,_Z,,_T,,2019,,6.8333001,,A,,1,,0,
DATAFLOW,OECD.STI.PIE:DSD_PATENTS@DF_PATENTS_OECDSPECIFIC(1.0),,I,US50,,A,,GR,,PATN,,PRIORITY,,BGR,,_Z,,INVENTOR,,_Z,,_Z,,_T,,2019,,75.661102,,A,,1,,0,
DATAFLOW,OECD.STI.PIE:DSD_PATENTS@DF_PATENTS_OECDSPECIFIC(1.0),,I,US50,,A,,GR,,PATN,,PRIORITY,,ROU,,_Z,,INVENTOR,,_Z,,_Z,,_T,,2019,,91.736603,,A,,1,,0,
DATAFLOW,OECD.STI.PIE:DSD_PATENTS@DF_PATENTS_OECDSPECIFIC(1.0),,I,US50,,A,,GR,,PATN,,PRIORITY,,GTM,,_Z,,INVENTOR,,_Z,,_Z,,_T,,2019,,4.0833001,,A,,1,,0,
DATAFLOW,OECD.STI.PIE:DSD_PATENTS@DF_PATENTS_OECDSPECIFIC(1.0),,I,US50,,A,,GR,,PATN,,PRIORITY,,GRC,,_Z,,INVENTOR,,_Z,,_Z,,_T,,2019,,111.7996,,A,,1,,0,
DATAFLOW,OECD.STI.PIE:DSD_PATENTS@DF_PATENTS_OECDSPECIFIC(1.0),,I,US50,,A,,GR,,PATN,,PRIORITY,,ECU,,_Z,,INVENTOR,,_Z,,_Z,,_T,,2019,,3.8583,,A,,1,,0,
DATAFLOW,OECD.STI.PIE:DSD_PATENTS@DF_PATENTS_OECDSPECIFIC(1.0),,I,US50,,A,,GR,,PATN,,PRIORITY,,SVK,,_Z,,INVENTOR,,_Z,,_Z,,_T,,2019,,36.368999,,A,,1,,0,
DATAFLOW,OECD.STI.PIE:DSD_PATENTS@DF_PATENTS_OECDSPECIFIC(1.0),,I,US50,,A,,GR,,PATN,,PRIORITY,,GBR,,_Z,,INVENTOR,,_Z,,_Z,,_T,,2019,,5287.7524,,A,,1,,0,
DATAFLOW,OECD.STI.PIE:DSD_PATENTS@DF_PATENTS_OECDSPECIFIC(1.0),,I,US50,,A,,GR,,PATN,,PRIORITY,,LUX,,_Z,,INVENTOR,,_Z,,_Z,,_T,,2019,,58.009899,,A,,1,,0,
DATAFLOW,OECD.STI.PIE:DSD_PATENTS@DF_PATENTS_OECDSPECIFIC(1.0),,I,US50,,A,,GR,,PATN,,PRIORITY,,ARM,,_Z,,INVENTOR,,_Z,,_Z,,_T,,2019,,18.509501,,A,,1,,0,
DATAFLOW,OECD.STI.PIE:DSD_PATENTS@DF_PATENTS_OECDSPECIFIC(1.0),,I,US50,,A,,GR,,PATN,,PRIORITY,,JPN,,_Z,,INVENTOR,,_Z,,_Z,,_T,,2019,,41393.887,,A,,1,,0,
DATAFLOW,OECD.STI.PIE:DSD_PATENTS@DF_PATENTS_OECDSPECIFIC(1.0),,I,US50,,A,,GR,,PATN,,PRIORITY,,MCO,,_Z,,INVENTOR,,_Z,,_Z,,_T,,2019,,13.2333,,A,,1,,0,
DATAFLOW,OECD.STI.PIE:DSD_PATENTS@DF_PATENTS_OECDSPECIFIC(1.0),,I,US50,,A,,GR,,PATN,,PRIORITY,,PAK,,_Z,,INVENTOR,,_Z,,_Z,,_T,,2019,,17.0357,,A,,1,,0,
DATAFLOW,OECD.STI.PIE:DSD_PATENTS@DF_PATENTS_OECDSPECIFIC(1.0),,I,US50,,A,,GR,,PATN,,PRIORITY,,OECD,,_Z,,INVENTOR,,_Z,,_Z,,_T,,2019,,243066.09,,A,,1,,0,
DATAFLOW,OECD.STI.PIE:DSD_PATENTS@DF_PATENTS_OECDSPECIFIC(1.0),,I,US50,,A,,GR,,PATN,,PRIORITY,,MEX,,_Z,,INVENTOR,,_Z,,_Z,,_T,,2019,,243.8578,,A,,1,,0,
DATAFLOW,OECD.STI.PIE:DSD_PATENTS@DF_PATENTS_OECDSPECIFIC(1.0),,I,US50,,A,,GR,,PATN,,PRIORITY,,IRN,,_Z,,INVENTOR,,_Z,,_Z,,_T,,2019,,65.266701,,A,,1,,0,
DATAFLOW,OECD.STI.PIE:DSD_PATENTS@DF_PATENTS_OECDSPECIFIC(1.0),,I,US50,,A,,GR,,PATN,,PRIORITY,,SGP,,_Z,,INVENTOR,,_Z,,_Z,,_T,,2019,,924.68762,,A,,1,,0,
DATAFLOW,OECD.STI.PIE:DSD_PATENTS@DF_PATENTS_OECDSPECIFIC(1.0),,I,US50,,A,,GR,,PATN,,PRIORITY,,BMU,,_Z,,INVENTOR,,_Z,,_Z,,_T,,2019,,5.8333001,,A,,1,,0,
DATAFLOW,OECD.STI.PIE:DSD_PATENTS@DF_PATENTS_OECDSPECIFIC(1.0),,I,US50,,A,,GR,,PATN,,PRIORITY,,MAR,,_Z,,INVENTOR,,_Z,,_Z,,_T,,2019,,5.8730001,,A,,1,,0,
DATAFLOW,OECD.STI.PIE:DSD_PATENTS@DF_PATENTS_OECDSPECIFIC(1.0),,I,US50,,A,,GR,,PATN,,PRIORITY,,CZE,,_Z,,INVENTOR,,_Z,,_Z,,_T,,2019,,276.11981,,A,,1,,0,
DATAFLOW,OECD.STI.PIE:DSD_PATENTS@DF_PATENTS_OECDSPECIFIC(1.0),,I,US50,,A,,GR,,PATN,,PRIORITY,,THA,,_Z,,INVENTOR,,_Z,,_Z,,_T,,2019,,76.655998,,A,,1,,0,
DATAFLOW,OECD.STI.PIE:DSD_PATENTS@DF_PATENTS_OECDSPECIFIC(1.0),,I,US50,,A,,GR,,PATN,,PRIORITY,,BRA,,_Z,,INVENTOR,,_Z,,_Z,,_T,,2019,,454.3941,,A,,1,,0,
DATAFLOW,OECD.STI.PIE:DSD_PATENTS@DF_PATENTS_OECDSPECIFIC(1.0),,I,US50,,A,,GR,,PATN,,PRIORITY,,AND,,_Z,,INVENTOR,,_Z,,_Z,,_T,,2019,,1.0333,,A,,1,,0,
DATAFLOW,OECD.STI.PIE:DSD_PATENTS@DF_PATENTS_OECDSPECIFIC(1.0),,I,US50,,A,,GR,,PATN,,PRIORITY,,ESP,,_Z,,INVENTOR,,_Z,,_Z,,_T,,2019,,843.90869,,A,,1,,0,
DATAFLOW,OECD.STI.PIE:DSD_PATENTS@DF_PATENTS_OECDSPECIFIC(1.0),,I,US50,,A,,GR,,PATN,,PRIORITY,,EST,,_Z,,INVENTOR,,_Z,,_Z,,_T,,2019,,37.581799,,A,,1,,0,
DATAFLOW,OECD.STI.PIE:DSD_PATENTS@DF_PATENTS_OECDSPECIFIC(1.0),,I,US50,,A,,GR,,PATN,,PRIORITY,,KOR,,_Z,,INVENTOR,,_Z,,_Z,,_T,,2019,,22729.176,,A,,1,,0,
DATAFLOW,OECD.STI.PIE:DSD_PATENTS@DF_PATENTS_OECDSPECIFIC(1.0),,I,US50,,A,,GR,,PATN,,PRIORITY,,KAZ,,_Z,,INVENTOR,,_Z,,_Z,,_T,,2019,,3.0179,,A,,1,,0,
DATAFLOW,OECD.STI.PIE:DSD_PATENTS@DF_PATENTS_OECDSPECIFIC(1.0),,I,US50,,A,,GR,,PATN,,PRIORITY,,NLD,,_Z,,INVENTOR,,_Z,,_Z,,_T,,2019,,1874.5061,,A,,1,,0,
DATAFLOW,OECD.STI.PIE:DSD_PATENTS@DF_PATENTS_OECDSPECIFIC(1.0),,I,US50,,A,,GR,,PATN,,PRIORITY,,CHE,,_Z,,INVENTOR,,_Z,,_Z,,_T,,2019,,2068.3799,,A,,1,,0,
DATAFLOW,OECD.STI.PIE:DSD_PATENTS@DF_PATENTS_OECDSPECIFIC(1.0),,I,US50,,A,,GR,,PATN,,PRIORITY,,IDN,,_Z,,INVENTOR,,_Z,,_Z,,_T,,2019,,13.9429,,A,,1,,0,
DATAFLOW,OECD.STI.PIE:DSD_PATENTS@DF_PATENTS_OECDSPECIFIC(1.0),,I,US50,,A,,GR,,PATN,,PRIORITY,,ITA,,_Z,,INVENTOR,,_Z,,_Z,,_T,,2019,,2572.2725,,A,,1,,0,
DATAFLOW,OECD.STI.PIE:DSD_PATENTS@DF_PATENTS_OECDSPECIFIC(1.0),,I,US50,,A,,GR,,PATN,,PRIORITY,,VEN,,_Z,,INVENTOR,,_Z,,_Z,,_T,,2019,,3.5,,A,,1,,0,
DATAFLOW,OECD.STI.PIE:DSD_PATENTS@DF_PATENTS_OECDSPECIFIC(1.0),,I,US50,,A,,GR,,PATN,,PRIORITY,,UZB,,_Z,,INVENTOR,,_Z,,_Z,,_T,,2019,,0.33329999,,A,,1,,0,
DATAFLOW,OECD.STI.PIE:DSD_PATENTS@DF_PATENTS_OECDSPECIFIC(1.0),,I,US50,,A,,GR,,PATN,,PRIORITY,,HKG,,_Z,,INVENTOR,,_Z,,_Z,,_T,,2019,,401.07901,,A,,1,,0,
DATAFLOW,OECD.STI.PIE:DSD_PATENTS@DF_PATENTS_OECDSPECIFIC(1.0),,I,US50,,A,,GR,,PATN,,PRIORITY,,W,,_Z,,INVENTOR,,_Z,,_Z,,_T,,2019,,292611,,A,,1,,0,
DATAFLOW,OECD.STI.PIE:DSD_PATENTS@DF_PATENTS_OECDSPECIFIC(1.0),,I,US50,,A,,GR,,PATN,,PRIORITY,,CHL,,_Z,,INVENTOR,,_Z,,_Z,,_T,,2019,,53.5,,A,,1,,0,
DATAFLOW,OECD.STI.PIE:DSD_PATENTS@DF_PATENTS_OECDSPECIFIC(1.0),,I,US50,,A,,GR,,PATN,,PRIORITY,,DEU,,_Z,,INVENTOR,,_Z,,_Z,,_T,,2019,,13450.616,,A,,1,,0,
DATAFLOW,OECD.STI.PIE:DSD_PATENTS@DF_PATENTS_OECDSPECIFIC(1.0),,I,US50,,A,,GR,,PATN,,PRIORITY,,IND,,_Z,,INVENTOR,,_Z,,_Z,,_T,,2019,,5981.2085,,A,,1,,0,
DATAFLOW,OECD.STI.PIE:DSD_PATENTS@DF_PATENTS_OECDSPECIFIC(1.0),,I,US50,,A,,GR,,PATN,,PRIORITY,,ARE,,_Z,,INVENTOR,,_Z,,_Z,,_T,,2019,,110.6929,,A,,1,,0,
DATAFLOW,OECD.STI.PIE:DSD_PATENTS@DF_PATENTS_OECDSPECIFIC(1.0),,I,US50,,A,,GR,,PATN,,PRIORITY,,LKA,,_Z,,INVENTOR,,_Z,,_Z,,_T,,2019,,16.746799,,A,,1,,0,
DATAFLOW,OECD.STI.PIE:DSD_PATENTS@DF_PATENTS_OECDSPECIFIC(1.0),,I,US50,,A,,GR,,PATN,,PRIORITY,,UKR,,_Z,,INVENTOR,,_Z,,_Z,,_T,,2019,,81.908401,,A,,1,,0,
DATAFLOW,OECD.STI.PIE:DSD_PATENTS@DF_PATENTS_OECDSPECIFIC(1.0),,I,US50,,A,,GR,,PATN,,PRIORITY,,BLR,,_Z,,INVENTOR,,_Z,,_Z,,_T,,2019,,24.131701,,A,,1,,0,
DATAFLOW,OECD.STI.PIE:DSD_PATENTS@DF_PATENTS_OECDSPECIFIC(1.0),,I,US50,,A,,GR,,PATN,,PRIORITY,,JOR,,_Z,,INVENTOR,,_Z,,_Z,,_T,,2019,,7.75,,A,,1,,0,
DATAFLOW,OECD.STI.PIE:DSD_PATENTS@DF_PATENTS_OECDSPECIFIC(1.0),,I,US50,,A,,GR,,PATN,,PRIORITY,,LVA,,_Z,,INVENTOR,,_Z,,_Z,,_T,,2019,,23.0714,,A,,1,,0,
DATAFLOW,OECD.STI.PIE:DSD_PATENTS@DF_PATENTS_OECDSPECIFIC(1.0),,I,US50,,A,,GR,,PATN,,PRIORITY,,SWE,,_Z,,INVENTOR,,_Z,,_Z,,_T,,2019,,2468.3357,,A,,1,,0,
DATAFLOW,OECD.STI.PIE:DSD_PATENTS@DF_PATENTS_OECDSPECIFIC(1.0),,I,US50,,A,,GR,,PATN,,PRIORITY,,USA,,_Z,,INVENTOR,,_Z,,_Z,,_T,,2019,,126926.47,,A,,1,,0,
DATAFLOW,OECD.STI.PIE:DSD_PATENTS@DF_PATENTS_OECDSPECIFIC(1.0),,I,US50,,A,,GR,,PATN,,PRIORITY,,CAN,,_Z,,INVENTOR,,_Z,,_Z,,_T,,2019,,5878.0103,,A,,1,,0,
DATAFLOW,OECD.STI.PIE:DSD_PATENTS@DF_PATENTS_OECDSPECIFIC(1.0),,I,US50,,A,,GR,,PATN,,PRIORITY,,FRA,,_Z,,INVENTOR,,_Z,,_Z,,_T,,2019,,5360.3125,,A,,1,,0,
DATAFLOW,OECD.STI.PIE:DSD_PATENTS@DF_PATENTS_OECDSPECIFIC(1.0),,I,US50,,A,,GR,,PATN,,PRIORITY,,ARG,,_Z,,INVENTOR,,_Z,,_Z,,_T,,2019,,116.2452,,A,,1,,0,
DATAFLOW,OECD.STI.PIE:DSD_PATENTS@DF_PATENTS_OECDSPECIFIC(1.0),,I,US50,,A,,GR,,PATN,,PRIORITY,,AUS,,_Z,,INVENTOR,,_Z,,_Z,,_T,,2019,,1213.4559,,A,,1,,0,
DATAFLOW,OECD.STI.PIE:DSD_PATENTS@DF_PATENTS_OECDSPECIFIC(1.0),,I,US50,,A,,GR,,PATN,,PRIORITY,,PRT,,_Z,,INVENTOR,,_Z,,_Z,,_T,,2019,,103.1038,,A,,1,,0,
DATAFLOW,OECD.STI.PIE:DSD_PATENTS@DF_PATENTS_OECDSPECIFIC(1.0),,I,US50,,A,,GR,,PATN,,PRIORITY,,TUN,,_Z,,INVENTOR,,_Z,,_Z,,_T,,2019,,3.8499999,,A,,1,,0,
DATAFLOW,OECD.STI.PIE:DSD_PATENTS@DF_PATENTS_OECDSPECIFIC(1.0),,I,US50,,A,,GR,,PATN,,PRIORITY,,SAU,,_Z,,INVENTOR,,_Z,,_Z,,_T,,2019,,1089.3051,,A,,1,,0,
DATAFLOW,OECD.STI.PIE:DSD_PATENTS@DF_PATENTS_OECDSPECIFIC(1.0),,I,US50,,A,,GR,,PATN,,PRIORITY,,MNG,,_Z,,INVENTOR,,_Z,,_Z,,_T,,2019,,0.69999999,,A,,1,,0,
DATAFLOW,OECD.STI.PIE:DSD_PATENTS@DF_PATENTS_OECDSPECIFIC(1.0),,I,US50,,A,,GR,,PATN,,PRIORITY,,ZAF,,_Z,,INVENTOR,,_Z,,_Z,,_T,,2019,,103.9849,,A,,1,,0,
DATAFLOW,OECD.STI.PIE:DSD_PATENTS@DF_PATENTS_OECDSPECIFIC(1.0),,I,US50,,A,,GR,,PATN,,PRIORITY,,ISR,,_Z,,INVENTOR,,_Z,,_Z,,_T,,2019,,3551.2844,,A,,1,,0,
DATAFLOW,OECD.STI.PIE:DSD_PATENTS@DF_PATENTS_OECDSPECIFIC(1.0),,I,US50,,A,,GR,,PATN,,PRIORITY,,RUS,,_Z,,INVENTOR,,_Z,,_Z,,_T,,2019,,586.42218,,A,,1,,0,
DATAFLOW,OECD.STI.PIE:DSD_PATENTS@DF_PATENTS_OECDSPECIFIC(1.0),,I,US50,,A,,GR,,PATN,,PRIORITY,,ISL,,_Z,,INVENTOR,,_Z,,_Z,,_T,,2019,,32.526199,,A,,1,,0,
DATAFLOW,OECD.STI.PIE:DSD_PATENTS@DF_PATENTS_OECDSPECIFIC(1.0),,I,US50,,A,,GR,,PATN,,PRIORITY,,LIE,,_Z,,INVENTOR,,_Z,,_Z,,_T,,2019,,13.5667,,A,,1,,0,
DATAFLOW,OECD.STI.PIE:DSD_PATENTS@DF_PATENTS_OECDSPECIFIC(1.0),,I,US50,,A,,GR,,PATN,,PRIORITY,,CYP,,_Z,,INVENTOR,,_Z,,_Z,,_T,,2019,,7.2951999,,A,,1,,0,
DATAFLOW,OECD.STI.PIE:DSD_PATENTS@DF_PATENTS_OECDSPECIFIC(1.0),,I,US50,,A,,GR,,PATN,,PRIORITY,,COL,,_Z,,INVENTOR,,_Z,,_Z,,_T,,2019,,52.874298,,A,,1,,0,
DATAFLOW,OECD.STI.PIE:DSD_PATENTS@DF_PATENTS_OECDSPECIFIC(1.0),,I,US50,,A,,GR,,PATN,,PRIORITY,,HRV,,_Z,,INVENTOR,,_Z,,_Z,,_T,,2019,,30.1619,,A,,1,,0,
DATAFLOW,OECD.STI.PIE:DSD_PATENTS@DF_PATENTS_OECDSPECIFIC(1.0),,I,US50,,A,,GR,,PATN,,PRIORITY,,CYM,,_Z,,INVENTOR,,_Z,,_Z,,_T,,2019,,8.3332996,,A,,1,,0,
DATAFLOW,OECD.STI.PIE:DSD_PATENTS@DF_PATENTS_OECDSPECIFIC(1.0),,I,US50,,A,,GR,,PATN,,PRIORITY,,PRK,,_Z,,INVENTOR,,_Z,,_Z,,_T,,2019,,6.9833002,,A,,1,,0,
DATAFLOW,OECD.STI.PIE:DSD_PATENTS@DF_PATENTS_OECDSPECIFIC(1.0),,I,US50,,A,,GR,,PATN,,PRIORITY,,IRL,,_Z,,INVENTOR,,_Z,,_Z,,_T,,2019,,742.49939,,A,,1,,0,
DATAFLOW,OECD.STI.PIE:DSD_PATENTS@DF_PATENTS_OECDSPECIFIC(1.0),,I,US50,,A,,GR,,PATN,,PRIORITY,,DZA,,_Z,,INVENTOR,,_Z,,_Z,,_T,,2019,,2.5,,A,,1,,0,
DATAFLOW,OECD.STI.PIE:DSD_PATENTS@DF_PATENTS_OECDSPECIFIC(1.0),,I,US50,,A,,GR,,PATN,,PRIORITY,,GEO,,_Z,,INVENTOR,,_Z,,_Z,,_T,,2019,,1.8889,,A,,1,,0,
DATAFLOW,OECD.STI.PIE:DSD_PATENTS@DF_PATENTS_OECDSPECIFIC(1.0),,I,US50,,A,,GR,,PATN,,PRIORITY,,SYC,,_Z,,INVENTOR,,_Z,,_Z,,_T,,2019,,3.7,,A,,1,,0,
DATAFLOW,OECD.STI.PIE:DSD_PATENTS@DF_PATENTS_OECDSPECIFIC(1.0),,I,US50,,A,,GR,,PATN,,PRIORITY,,NOR,,_Z,,INVENTOR,,_Z,,_Z,,_T,,2019,,434.77979,,A,,1,,0,
DATAFLOW,OECD.STI.PIE:DSD_PATENTS@DF_PATENTS_OECDSPECIFIC(1.0),,I,US50,,A,,GR,,PATN,,PRIORITY,,POL,,_Z,,INVENTOR,,_Z,,_Z,,_T,,2019,,374.39899,,A,,1,,0,
DATAFLOW,OECD.STI.PIE:DSD_PATENTS@DF_PATENTS_OECDSPECIFIC(1.0),,I,US50,,A,,GR,,PATN,,PRIORITY,,FIN,,_Z,,INVENTOR,,_Z,,_Z,,_T,,2019,,1145.4684,,A,,1,,0,
DATAFLOW,OECD.STI.PIE:DSD_PATENTS@DF_PATENTS_OECDSPECIFIC(1.0),,I,US50,,A,,GR,,PATN,,PRIORITY,,EU27_2020,,_Z,,INVENTOR,,_Z,,_Z,,_T,,2019,,33010.891,,A,,1,,0,
DATAFLOW,OECD.STI.PIE:DSD_PATENTS@DF_PATENTS_OECDSPECIFIC(1.0),,I,US50,,A,,GR,,PATN,,PRIORITY,,CRI,,_Z,,INVENTOR,,_Z,,_Z,,_T,,2019,,46.658699,,A,,1,,0,
DATAFLOW,OECD.STI.PIE:DSD_PATENTS@DF_PATENTS_OECDSPECIFIC(1.0),,I,US50,,A,,GR,,PATN,,PRIORITY,,LTU,,_Z,,INVENTOR,,_Z,,_Z,,_T,,2019,,20,,A,,1,,0,
DATAFLOW,OECD.STI.PIE:DSD_PATENTS@DF_PATENTS_OECDSPECIFIC(1.0),,I,US50,,A,,GR,,PATN,,PRIORITY,,TWN,,_Z,,INVENTOR,,_Z,,_Z,,_T,,2019,,11974.225,,A,,1,,0,
DATAFLOW,OECD.STI.PIE:DSD_PATENTS@DF_PATENTS_OECDSPECIFIC(1.0),,I,US50,,A,,GR,,PATN,,PRIORITY,,EGY,,_Z,,INVENTOR,,_Z,,_Z,,_T,,2019,,36.4048,,A,,1,,0,
DATAFLOW,OECD.STI.PIE:DSD_PATENTS@DF_PATENTS_OECDSPECIFIC(1.0),,I,US50,,A,,GR,,PATN,,PRIORITY,,KWT,,_Z,,INVENTOR,,_Z,,_Z,,_T,,2019,,33.599998,,A,,1,,0,
DATAFLOW,OECD.STI.PIE:DSD_PATENTS@DF_PATENTS_OECDSPECIFIC(1.0),,I,US50,,A,,GR,,PATN,,PRIORITY,,KWT,,_Z,,INVENTOR,,_Z,,_Z,,_T,,2018,,23.5417,,A,,1,,0,
DATAFLOW,OECD.STI.PIE:DSD_PATENTS@DF_PATENTS_OECDSPECIFIC(1.0),,I,US50,,A,,GR,,PATN,,PRIORITY,,EGY,,_Z,,INVENTOR,,_Z,,_Z,,_T,,2018,,23.0571,,A,,1,,0,
DATAFLOW,OECD.STI.PIE:DSD_PATENTS@DF_PATENTS_OECDSPECIFIC(1.0),,I,US50,,A,,GR,,PATN,,PRIORITY,,TWN,,_Z,,INVENTOR,,_Z,,_Z,,_T,,2018,,13049.759,,A,,1,,0,
DATAFLOW,OECD.STI.PIE:DSD_PATENTS@DF_PATENTS_OECDSPECIFIC(1.0),,I,US50,,A,,GR,,PATN,,PRIORITY,,LTU,,_Z,,INVENTOR,,_Z,,_Z,,_T,,2018,,20.694401,,A,,1,,0,
DATAFLOW,OECD.STI.PIE:DSD_PATENTS@DF_PATENTS_OECDSPECIFIC(1.0),,I,US50,,A,,GR,,PATN,,PRIORITY,,CRI,,_Z,,INVENTOR,,_Z,,_Z,,_T,,2018,,45.777802,,A,,1,,0,
DATAFLOW,OECD.STI.PIE:DSD_PATENTS@DF_PATENTS_OECDSPECIFIC(1.0),,I,US50,,A,,GR,,PATN,,PRIORITY,,EU27_2020,,_Z,,INVENTOR,,_Z,,_Z,,_T,,2018,,37758.473,,A,,1,,0,
DATAFLOW,OECD.STI.PIE:DSD_PATENTS@DF_PATENTS_OECDSPECIFIC(1.0),,I,US50,,A,,GR,,PATN,,PRIORITY,,FIN,,_Z,,INVENTOR,,_Z,,_Z,,_T,,2018,,1300.5809,,A,,1,,0,
DATAFLOW,OECD.STI.PIE:DSD_PATENTS@DF_PATENTS_OECDSPECIFIC(1.0),,I,US50,,A,,GR,,PATN,,PRIORITY,,POL,,_Z,,INVENTOR,,_Z,,_Z,,_T,,2018,,437.08731,,A,,1,,0,
DATAFLOW,OECD.STI.PIE:DSD_PATENTS@DF_PATENTS_OECDSPECIFIC(1.0),,I,US50,,A,,GR,,PATN,,PRIORITY,,NOR,,_Z,,INVENTOR,,_Z,,_Z,,_T,,2018,,564.0567,,A,,1,,0,
DATAFLOW,OECD.STI.PIE:DSD_PATENTS@DF_PATENTS_OECDSPECIFIC(1.0),,I,US50,,A,,GR,,PATN,,PRIORITY,,SYC,,_Z,,INVENTOR,,_Z,,_Z,,_T,,2018,,1.6667,,A,,1,,0,
DATAFLOW,OECD.STI.PIE:DSD_PATENTS@DF_PATENTS_OECDSPECIFIC(1.0),,I,US50,,A,,GR,,PATN,,PRIORITY,,GEO,,_Z,,INVENTOR,,_Z,,_Z,,_T,,2018,,6.1360002,,A,,1,,0,
DATAFLOW,OECD.STI.PIE:DSD_PATENTS@DF_PATENTS_OECDSPECIFIC(1.0),,I,US50,,A,,GR,,PATN,,PRIORITY,,DZA,,_Z,,INVENTOR,,_Z,,_Z,,_T,,2018,,0.40000001,,A,,1,,0,
DATAFLOW,OECD.STI.PIE:DSD_PATENTS@DF_PATENTS_OECDSPECIFIC(1.0),,I,US50,,A,,GR,,PATN,,PRIORITY,,IRL,,_Z,,INVENTOR,,_Z,,_Z,,_T,,2018,,820.60193,,A,,1,,0,
DATAFLOW,OECD.STI.PIE:DSD_PATENTS@DF_PATENTS_OECDSPECIFIC(1.0),,I,US50,,A,,GR,,PATN,,PRIORITY,,PRK,,_Z,,INVENTOR,,_Z,,_Z,,_T,,2018,,2.45,,A,,1,,0,
DATAFLOW,OECD.STI.PIE:DSD_PATENTS@DF_PATENTS_OECDSPECIFIC(1.0),,I,US50,,A,,GR,,PATN,,PRIORITY,,CYM,,_Z,,INVENTOR,,_Z,,_Z,,_T,,2018,,11.3333,,A,,1,,0,
DATAFLOW,OECD.STI.PIE:DSD_PATENTS@DF_PATENTS_OECDSPECIFIC(1.0),,I,US50,,A,,GR,,PATN,,PRIORITY,,HRV,,_Z,,INVENTOR,,_Z,,_Z,,_T,,2018,,20.9576,,A,,1,,0,
DATAFLOW,OECD.STI.PIE:DSD_PATENTS@DF_PATENTS_OECDSPECIFIC(1.0),,I,US50,,A,,GR,,PATN,,PRIORITY,,COL,,_Z,,INVENTOR,,_Z,,_Z,,_T,,2018,,47.809502,,A,,1,,0,
DATAFLOW,OECD.STI.PIE:DSD_PATENTS@DF_PATENTS_OECDSPECIFIC(1.0),,I,US50,,A,,GR,,PATN,,PRIORITY,,CYP,,_Z,,INVENTOR,,_Z,,_Z,,_T,,2018,,9.1357002,,A,,1,,0,
DATAFLOW,OECD.STI.PIE:DSD_PATENTS@DF_PATENTS_OECDSPECIFIC(1.0),,I,US50,,A,,GR,,PATN,,PRIORITY,,LIE,,_Z,,INVENTOR,,_Z,,_Z,,_T,,2018,,24.450001,,A,,1,,0,
DATAFLOW,OECD.STI.PIE:DSD_PATENTS@DF_PATENTS_OECDSPECIFIC(1.0),,I,US50,,A,,GR,,PATN,,PRIORITY,,ISL,,_Z,,INVENTOR,,_Z,,_Z,,_T,,2018,,20.947599,,A,,1,,0,
DATAFLOW,OECD.STI.PIE:DSD_PATENTS@DF_PATENTS_OECDSPECIFIC(1.0),,I,US50,,A,,GR,,PATN,,PRIORITY,,RUS,,_Z,,INVENTOR,,_Z,,_Z,,_T,,2018,,647.39429,,A,,1,,0,
DATAFLOW,OECD.STI.PIE:DSD_PATENTS@DF_PATENTS_OECDSPECIFIC(1.0),,I,US50,,A,,GR,,PATN,,PRIORITY,,ISR,,_Z,,INVENTOR,,_Z,,_Z,,_T,,2018,,3694.9868,,A,,1,,0,
DATAFLOW,OECD.STI.PIE:DSD_PATENTS@DF_PATENTS_OECDSPECIFIC(1.0),,I,US50,,A,,GR,,PATN,,PRIORITY,,ZAF,,_Z,,INVENTOR,,_Z,,_Z,,_T,,2018,,116.0667,,A,,1,,0,
DATAFLOW,OECD.STI.PIE:DSD_PATENTS@DF_PATENTS_OECDSPECIFIC(1.0),,I,US50,,A,,GR,,PATN,,PRIORITY,,MNG,,_Z,,INVENTOR,,_Z,,_Z,,_T,,2018,,0.4111,,A,,1,,0,
DATAFLOW,OECD.STI.PIE:DSD_PATENTS@DF_PATENTS_OECDSPECIFIC(1.0),,I,US50,,A,,GR,,PATN,,PRIORITY,,SAU,,_Z,,INVENTOR,,_Z,,_Z,,_T,,2018,,843.33728,,A,,1,,0,
DATAFLOW,OECD.STI.PIE:DSD_PATENTS@DF_PATENTS_OECDSPECIFIC(1.0),,I,US50,,A,,GR,,PATN,,PRIORITY,,TUN,,_Z,,INVENTOR,,_Z,,_Z,,_T,,2018,,3.5999999,,A,,1,,0,
DATAFLOW,OECD.STI.PIE:DSD_PATENTS@DF_PATENTS_OECDSPECIFIC(1.0),,I,US50,,A,,GR,,PATN,,PRIORITY,,PRT,,_Z,,INVENTOR,,_Z,,_Z,,_T,,2018,,110.0937,,A,,1,,0,
DATAFLOW,OECD.STI.PIE:DSD_PATENTS@DF_PATENTS_OECDSPECIFIC(1.0),,I,US50,,A,,GR,,PATN,,PRIORITY,,AUS,,_Z,,INVENTOR,,_Z,,_Z,,_T,,2018,,1478.1333,,A,,1,,0,
DATAFLOW,OECD.STI.PIE:DSD_PATENTS@DF_PATENTS_OECDSPECIFIC(1.0),,I,US50,,A,,GR,,PATN,,PRIORITY,,MKD,,_Z,,INVENTOR,,_Z,,_Z,,_T,,2018,,1.75,,A,,1,,0,
DATAFLOW,OECD.STI.PIE:DSD_PATENTS@DF_PATENTS_OECDSPECIFIC(1.0),,I,US50,,A,,GR,,PATN,,PRIORITY,,ARG,,_Z,,INVENTOR,,_Z,,_Z,,_T,,2018,,113.6726,,A,,1,,0,
DATAFLOW,OECD.STI.PIE:DSD_PATENTS@DF_PATENTS_OECDSPECIFIC(1.0),,I,US50,,A,,GR,,PATN,,PRIORITY,,FRA,,_Z,,INVENTOR,,_Z,,_Z,,_T,,2018,,6207.8291,,A,,1,,0,
DATAFLOW,OECD.STI.PIE:DSD_PATENTS@DF_PATENTS_OECDSPECIFIC(1.0),,I,US50,,A,,GR,,PATN,,PRIORITY,,CAN,,_Z,,INVENTOR,,_Z,,_Z,,_T,,2018,,6313.1089,,A,,1,,0,
DATAFLOW,OECD.STI.PIE:DSD_PATENTS@DF_PATENTS_OECDSPECIFIC(1.0),,I,US50,,A,,GR,,PATN,,PRIORITY,,USA,,_Z,,INVENTOR,,_Z,,_Z,,_T,,2018,,136771.39,,A,,1,,0,
DATAFLOW,OECD.STI.PIE:DSD_PATENTS@DF_PATENTS_OECDSPECIFIC(1.0),,I,US50,,A,,GR,,PATN,,PRIORITY,,SWE,,_Z,,INVENTOR,,_Z,,_Z,,_T,,2018,,2891.3333,,A,,1,,0,
DATAFLOW,OECD.STI.PIE:DSD_PATENTS@DF_PATENTS_OECDSPECIFIC(1.0),,I,US50,,A,,GR,,PATN,,PRIORITY,,TTO,,_Z,,INVENTOR,,_Z,,_Z,,_T,,2018,,3.9166999,,A,,1,,0,
DATAFLOW,OECD.STI.PIE:DSD_PATENTS@DF_PATENTS_OECDSPECIFIC(1.0),,I,US50,,A,,GR,,PATN,,PRIORITY,,LVA,,_Z,,INVENTOR,,_Z,,_Z,,_T,,2018,,12.2952,,A,,1,,0,
DATAFLOW,OECD.STI.PIE:DSD_PATENTS@DF_PATENTS_OECDSPECIFIC(1.0),,I,US50,,A,,GR,,PATN,,PRIORITY,,JOR,,_Z,,INVENTOR,,_Z,,_Z,,_T,,2018,,6.5,,A,,1,,0,
DATAFLOW,OECD.STI.PIE:DSD_PATENTS@DF_PATENTS_OECDSPECIFIC(1.0),,I,US50,,A,,GR,,PATN,,PRIORITY,,BLR,,_Z,,INVENTOR,,_Z,,_Z,,_T,,2018,,34.1553,,A,,1,,0,
DATAFLOW,OECD.STI.PIE:DSD_PATENTS@DF_PATENTS_OECDSPECIFIC(1.0),,I,US50,,A,,GR,,PATN,,PRIORITY,,UKR,,_Z,,INVENTOR,,_Z,,_Z,,_T,,2018,,71.492897,,A,,1,,0,
DATAFLOW,OECD.STI.PIE:DSD_PATENTS@DF_PATENTS_OECDSPECIFIC(1.0),,I,US50,,A,,GR,,PATN,,PRIORITY,,LKA,,_Z,,INVENTOR,,_Z,,_Z,,_T,,2018,,10.7611,,A,,1,,0,
DATAFLOW,OECD.STI.PIE:DSD_PATENTS@DF_PATENTS_OECDSPECIFIC(1.0),,I,US50,,A,,GR,,PATN,,PRIORITY,,ARE,,_Z,,INVENTOR,,_Z,,_Z,,_T,,2018,,111.7052,,A,,1,,0,
DATAFLOW,OECD.STI.PIE:DSD_PATENTS@DF_PATENTS_OECDSPECIFIC(1.0),,I,US50,,A,,GR,,PATN,,PRIORITY,,IND,,_Z,,INVENTOR,,_Z,,_Z,,_T,,2018,,5640.1421,,A,,1,,0,
DATAFLOW,OECD.STI.PIE:DSD_PATENTS@DF_PATENTS_OECDSPECIFIC(1.0),,I,US50,,A,,GR,,PATN,,PRIORITY,,DEU,,_Z,,INVENTOR,,_Z,,_Z,,_T,,2018,,15441.208,,A,,1,,0,
DATAFLOW,OECD.STI.PIE:DSD_PATENTS@DF_PATENTS_OECDSPECIFIC(1.0),,I,US50,,A,,GR,,PATN,,PRIORITY,,CHL,,_Z,,INVENTOR,,_Z,,_Z,,_T,,2018,,80.442902,,A,,1,,0,
DATAFLOW,OECD.STI.PIE:DSD_PATENTS@DF_PATENTS_OECDSPECIFIC(1.0),,I,US50,,A,,GR,,PATN,,PRIORITY,,W,,_Z,,INVENTOR,,_Z,,_Z,,_T,,2018,,315812,,A,,1,,0,
DATAFLOW,OECD.STI.PIE:DSD_PATENTS@DF_PATENTS_OECDSPECIFIC(1.0),,I,US50,,A,,GR,,PATN,,PRIORITY,,HKG,,_Z,,INVENTOR,,_Z,,_Z,,_T,,2018,,411.14441,,A,,1,,0,
DATAFLOW,OECD.STI.PIE:DSD_PATENTS@DF_PATENTS_OECDSPECIFIC(1.0),,I,US50,,A,,GR,,PATN,,PRIORITY,,UZB,,_Z,,INVENTOR,,_Z,,_Z,,_T,,2018,,0.5,,A,,1,,0,
DATAFLOW,OECD.STI.PIE:DSD_PATENTS@DF_PATENTS_OECDSPECIFIC(1.0),,I,US50,,A,,GR,,PATN,,PRIORITY,,VEN,,_Z,,INVENTOR,,_Z,,_Z,,_T,,2018,,3.25,,A,,1,,0,
DATAFLOW,OECD.STI.PIE:DSD_PATENTS@DF_PATENTS_OECDSPECIFIC(1.0),,I,US50,,A,,GR,,PATN,,PRIORITY,,ITA,,_Z,,INVENTOR,,_Z,,_Z,,_T,,2018,,2793.1516,,A,,1,,0,
DATAFLOW,OECD.STI.PIE:DSD_PATENTS@DF_PATENTS_OECDSPECIFIC(1.0),,I,US50,,A,,GR,,PATN,,PRIORITY,,IDN,,_Z,,INVENTOR,,_Z,,_Z,,_T,,2018,,7.2070999,,A,,1,,0,
DATAFLOW,OECD.STI.PIE:DSD_PATENTS@DF_PATENTS_OECDSPECIFIC(1.0),,I,US50,,A,,GR,,PATN,,PRIORITY,,CHE,,_Z,,INVENTOR,,_Z,,_Z,,_T,,2018,,2600.5298,,A,,1,,0,
DATAFLOW,OECD.STI.PIE:DSD_PATENTS@DF_PATENTS_OECDSPECIFIC(1.0),,I,US50,,A,,GR,,PATN,,PRIORITY,,NLD,,_Z,,INVENTOR,,_Z,,_Z,,_T,,2018,,2177.6035,,A,,1,,0,
DATAFLOW,OECD.STI.PIE:DSD_PATENTS@DF_PATENTS_OECDSPECIFIC(1.0),,I,US50,,A,,GR,,PATN,,PRIORITY,,KAZ,,_Z,,INVENTOR,,_Z,,_Z,,_T,,2018,,6.0166998,,A,,1,,0,
DATAFLOW,OECD.STI.PIE:DSD_PATENTS@DF_PATENTS_OECDSPECIFIC(1.0),,I,US50,,A,,GR,,PATN,,PRIORITY,,KOR,,_Z,,INVENTOR,,_Z,,_Z,,_T,,2018,,21788.805,,A,,1,,0,
DATAFLOW,OECD.STI.PIE:DSD_PATENTS@DF_PATENTS_OECDSPECIFIC(1.0),,I,US50,,A,,GR,,PATN,,PRIORITY,,EST,,_Z,,INVENTOR,,_Z,,_Z,,_T,,2018,,24.616699,,A,,1,,0,
DATAFLOW,OECD.STI.PIE:DSD_PATENTS@DF_PATENTS_OECDSPECIFIC(1.0),,I,US50,,A,,GR,,PATN,,PRIORITY,,ESP,,_Z,,INVENTOR,,_Z,,_Z,,_T,,2018,,976.63672,,A,,1,,0,
DATAFLOW,OECD.STI.PIE:DSD_PATENTS@DF_PATENTS_OECDSPECIFIC(1.0),,I,US50,,A,,GR,,PATN,,PRIORITY,,AND,,_Z,,INVENTOR,,_Z,,_Z,,_T,,2018,,1.2,,A,,1,,0,
DATAFLOW,OECD.STI.PIE:DSD_PATENTS@DF_PATENTS_OECDSPECIFIC(1.0),,I,US50,,A,,GR,,PATN,,PRIORITY,,BRA,,_Z,,INVENTOR,,_Z,,_Z,,_T,,2018,,501.97601,,A,,1,,0,
DATAFLOW,OECD.STI.PIE:DSD_PATENTS@DF_PATENTS_OECDSPECIFIC(1.0),,I,US50,,A,,GR,,PATN,,PRIORITY,,THA,,_Z,,INVENTOR,,_Z,,_Z,,_T,,2018,,91.564301,,A,,1,,0,
DATAFLOW,OECD.STI.PIE:DSD_PATENTS@DF_PATENTS_OECDSPECIFIC(1.0),,I,US50,,A,,GR,,PATN,,PRIORITY,,CUB,,_Z,,INVENTOR,,_Z,,_Z,,_T,,2018,,4.375,,A,,1,,0,
DATAFLOW,OECD.STI.PIE:DSD_PATENTS@DF_PATENTS_OECDSPECIFIC(1.0),,I,US50,,A,,GR,,PATN,,PRIORITY,,CZE,,_Z,,INVENTOR,,_Z,,_Z,,_T,,2018,,261.73199,,A,,1,,0,
DATAFLOW,OECD.STI.PIE:DSD_PATENTS@DF_PATENTS_OECDSPECIFIC(1.0),,I,US50,,A,,GR,,PATN,,PRIORITY,,MAR,,_Z,,INVENTOR,,_Z,,_Z,,_T,,2018,,4.6094999,,A,,1,,0,
DATAFLOW,OECD.STI.PIE:DSD_PATENTS@DF_PATENTS_OECDSPECIFIC(1.0),,I,US50,,A,,GR,,PATN,,PRIORITY,,BMU,,_Z,,INVENTOR,,_Z,,_Z,,_T,,2018,,5.8333001,,A,,1,,0,
DATAFLOW,OECD.STI.PIE:DSD_PATENTS@DF_PATENTS_OECDSPECIFIC(1.0),,I,US50,,A,,GR,,PATN,,PRIORITY,,SGP,,_Z,,INVENTOR,,_Z,,_Z,,_T,,2018,,1045.3528,,A,,1,,0,
DATAFLOW,OECD.STI.PIE:DSD_PATENTS@DF_PATENTS_OECDSPECIFIC(1.0),,I,US50,,A,,GR,,PATN,,PRIORITY,,IRN,,_Z,,INVENTOR,,_Z,,_Z,,_T,,2018,,83.074997,,A,,1,,0,
DATAFLOW,OECD.STI.PIE:DSD_PATENTS@DF_PATENTS_OECDSPECIFIC(1.0),,I,US50,,A,,GR,,PATN,,PRIORITY,,MEX,,_Z,,INVENTOR,,_Z,,_Z,,_T,,2018,,309.2446,,A,,1,,0,
DATAFLOW,OECD.STI.PIE:DSD_PATENTS@DF_PATENTS_OECDSPECIFIC(1.0),,I,US50,,A,,GR,,PATN,,PRIORITY,,OECD,,_Z,,INVENTOR,,_Z,,_Z,,_T,,2018,,265707.19,,A,,1,,0,
DATAFLOW,OECD.STI.PIE:DSD_PATENTS@DF_PATENTS_OECDSPECIFIC(1.0),,I,US50,,A,,GR,,PATN,,PRIORITY,,PAK,,_Z,,INVENTOR,,_Z,,_Z,,_T,,2018,,28.4512,,A,,1,,0,
DATAFLOW,OECD.STI.PIE:DSD_PATENTS@DF_PATENTS_OECDSPECIFIC(1.0),,I,US50,,A,,GR,,PATN,,PRIORITY,,MCO,,_Z,,INVENTOR,,_Z,,_Z,,_T,,2018,,9.5179005,,A,,1,,0,
DATAFLOW,OECD.STI.PIE:DSD_PATENTS@DF_PATENTS_OECDSPECIFIC(1.0),,I,US50,,A,,GR,,PATN,,PRIORITY,,JPN,,_Z,,INVENTOR,,_Z,,_Z,,_T,,2018,,47655.535,,A,,1,,0,
DATAFLOW,OECD.STI.PIE:DSD_PATENTS@DF_PATENTS_OECDSPECIFIC(1.0),,I,US50,,A,,GR,,PATN,,PRIORITY,,ARM,,_Z,,INVENTOR,,_Z,,_Z,,_T,,2018,,9.2483997,,A,,1,,0,
DATAFLOW,OECD.STI.PIE:DSD_PATENTS@DF_PATENTS_OECDSPECIFIC(1.0),,I,US50,,A,,GR,,PATN,,PRIORITY,,LUX,,_Z,,INVENTOR,,_Z,,_Z,,_T,,2018,,55.392899,,A,,1,,0,
DATAFLOW,OECD.STI.PIE:DSD_PATENTS@DF_PATENTS_OECDSPECIFIC(1.0),,I,US50,,A,,GR,,PATN,,PRIORITY,,GBR,,_Z,,INVENTOR,,_Z,,_Z,,_T,,2018,,6380.3047,,A,,1,,0,
DATAFLOW,OECD.STI.PIE:DSD_PATENTS@DF_PATENTS_OECDSPECIFIC(1.0),,I,US50,,A,,GR,,PATN,,PRIORITY,,SVK,,_Z,,INVENTOR,,_Z,,_Z,,_T,,2018,,44.7453,,A,,1,,0,
DATAFLOW,OECD.STI.PIE:DSD_PATENTS@DF_PATENTS_OECDSPECIFIC(1.0),,I,US50,,A,,GR,,PATN,,PRIORITY,,ECU,,_Z,,INVENTOR,,_Z,,_Z,,_T,,2018,,2.75,,A,,1,,0,
DATAFLOW,OECD.STI.PIE:DSD_PATENTS@DF_PATENTS_OECDSPECIFIC(1.0),,I,US50,,A,,GR,,PATN,,PRIORITY,,GRC,,_Z,,INVENTOR,,_Z,,_Z,,_T,,2018,,101.7468,,A,,1,,0,
DATAFLOW,OECD.STI.PIE:DSD_PATENTS@DF_PATENTS_OECDSPECIFIC(1.0),,I,US50,,A,,GR,,PATN,,PRIORITY,,ROU,,_Z,,INVENTOR,,_Z,,_Z,,_T,,2018,,108,,A,,1,,0,
DATAFLOW,OECD.STI.PIE:DSD_PATENTS@DF_PATENTS_OECDSPECIFIC(1.0),,I,US50,,A,,GR,,PATN,,PRIORITY,,BGR,,_Z,,INVENTOR,,_Z,,_Z,,_T,,2018,,89.907997,,A,,1,,0,
DATAFLOW,OECD.STI.PIE:DSD_PATENTS@DF_PATENTS_OECDSPECIFIC(1.0),,I,US50,,A,,GR,,PATN,,PRIORITY,,JAM,,_Z,,INVENTOR,,_Z,,_Z,,_T,,2018,,3,,A,,1,,0,
DATAFLOW,OECD.STI.PIE:DSD_PATENTS@DF_PATENTS_OECDSPECIFIC(1.0),,I,US50,,A,,GR,,PATN,,PRIORITY,,URY,,_Z,,INVENTOR,,_Z,,_Z,,_T,,2018,,10.7333,,A,,1,,0,
DATAFLOW,OECD.STI.PIE:DSD_PATENTS@DF_PATENTS_OECDSPECIFIC(1.0),,I,US50,,A,,GR,,PATN,,PRIORITY,,MLT,,_Z,,INVENTOR,,_Z,,_Z,,_T,,2018,,17.950001,,A,,1,,0,
DATAFLOW,OECD.STI.PIE:DSD_PATENTS@DF_PATENTS_OECDSPECIFIC(1.0),,I,US50,,A,,GR,,PATN,,PRIORITY,,NZL,,_Z,,INVENTOR,,_Z,,_Z,,_T,,2018,,213.9485,,A,,1,,0,
DATAFLOW,OECD.STI.PIE:DSD_PATENTS@DF_PATENTS_OECDSPECIFIC(1.0),,I,US50,,A,,GR,,PATN,,PRIORITY,,SVN,,_Z,,INVENTOR,,_Z,,_Z,,_T,,2018,,61.619701,,A,,1,,0,
DATAFLOW,OECD.STI.PIE:DSD_PATENTS@DF_PATENTS_OECDSPECIFIC(1.0),,I,US50,,A,,GR,,PATN,,PRIORITY,,MDA,,_Z,,INVENTOR,,_Z,,_Z,,_T,,2018,,0.25,,A,,1,,0,
DATAFLOW,OECD.STI.PIE:DSD_PATENTS@DF_PATENTS_OECDSPECIFIC(1.0),,I,US50,,A,,GR,,PATN,,PRIORITY,,CHN,,_Z,,INVENTOR,,_Z,,_Z,,_T,,2018,,26276.912,,A,,1,,0,
DATAFLOW,OECD.STI.PIE:DSD_PATENTS@DF_PATENTS_OECDSPECIFIC(1.0),,I,US50,,A,,GR,,PATN,,PRIORITY,,PER,,_Z,,INVENTOR,,_Z,,_Z,,_T,,2018,,10.2143,,A,,1,,0,
DATAFLOW,OECD.STI.PIE:DSD_PATENTS@DF_PATENTS_OECDSPECIFIC(1.0),,I,US50,,A,,GR,,PATN,,PRIORITY,,AUT,,_Z,,INVENTOR,,_Z,,_Z,,_T,,2018,,1322.2522,,A,,1,,0,
DATAFLOW,OECD.STI.PIE:DSD_PATENTS@DF_PATENTS_OECDSPECIFIC(1.0),,I,US50,,A,,GR,,PATN,,PRIORITY,,HUN,,_Z,,INVENTOR,,_Z,,_Z,,_T,,2018,,195.0385,,A,,1,,0,
DATAFLOW,OECD.STI.PIE:DSD_PATENTS@DF_PATENTS_OECDSPECIFIC(1.0),,I,US50,,A,,GR,,PATN,,PRIORITY,,BIH,,_Z,,INVENTOR,,_Z,,_Z,,_T,,2018,,1.7,,A,,1,,0,
DATAFLOW,OECD.STI.PIE:DSD_PATENTS@DF_PATENTS_OECDSPECIFIC(1.0),,I,US50,,A,,GR,,PATN,,PRIORITY,,NGA,,_Z,,INVENTOR,,_Z,,_Z,,_T,,2018,,2.619,,A,,1,,0,
DATAFLOW,OECD.STI.PIE:DSD_PATENTS@DF_PATENTS_OECDSPECIFIC(1.0),,I,US50,,A,,GR,,PATN,,PRIORITY,,LBN,,_Z,,INVENTOR,,_Z,,_Z,,_T,,2018,,18.3274,,A,,1,,0,
DATAFLOW,OECD.STI.PIE:DSD_PATENTS@DF_PATENTS_OECDSPECIFIC(1.0),,I,US50,,A,,GR,,PATN,,PRIORITY,,KEN,,_Z,,INVENTOR,,_Z,,_Z,,_T,,2018,,21.063499,,A,,1,,0,
DATAFLOW,OECD.STI.PIE:DSD_PATENTS@DF_PATENTS_OECDSPECIFIC(1.0),,I,US50,,A,,GR,,PATN,,PRIORITY,,PHL,,_Z,,INVENTOR,,_Z,,_Z,,_T,,2018,,102.8849,,A,,1,,0,
DATAFLOW,OECD.STI.PIE:DSD_PATENTS@DF_PATENTS_OECDSPECIFIC(1.0),,I,US50,,A,,GR,,PATN,,PRIORITY,,TUR,,_Z,,INVENTOR,,_Z,,_Z,,_T,,2018,,229.6524,,A,,1,,0,
DATAFLOW,OECD.STI.PIE:DSD_PATENTS@DF_PATENTS_OECDSPECIFIC(1.0),,I,US50,,A,,GR,,PATN,,PRIORITY,,BEL,,_Z,,INVENTOR,,_Z,,_Z,,_T,,2018,,1234.3114,,A,,1,,0,
DATAFLOW,OECD.STI.PIE:DSD_PATENTS@DF_PATENTS_OECDSPECIFIC(1.0),,I,US50,,A,,GR,,PATN,,PRIORITY,,PAN,,_Z,,INVENTOR,,_Z,,_Z,,_T,,2018,,0.77780002,,A,,1,,0,
DATAFLOW,OECD.STI.PIE:DSD_PATENTS@DF_PATENTS_OECDSPECIFIC(1.0),,I,US50,,A,,GR,,PATN,,PRIORITY,,MYS,,_Z,,INVENTOR,,_Z,,_Z,,_T,,2018,,247.2905,,A,,1,,0,
DATAFLOW,OECD.STI.PIE:DSD_PATENTS@DF_PATENTS_OECDSPECIFIC(1.0),,I,US50,,A,,GR,,PATN,,PRIORITY,,DNK,,_Z,,INVENTOR,,_Z,,_Z,,_T,,2018,,1021.95,,A,,1,,0,
DATAFLOW,OECD.STI.PIE:DSD_PATENTS@DF_PATENTS_OECDSPECIFIC(1.0),,I,US50,,A,,GR,,PATN,,PRIORITY,,GTM,,_Z,,INVENTOR,,_Z,,_Z,,_T,,2021,,1,,A,,1,,0,
DATAFLOW,OECD.STI.PIE:DSD_PATENTS@DF_PATENTS_OECDSPECIFIC(1.0),,I,US50,,A,,GR,,PATN,,PRIORITY,,DJI,,_Z,,INVENTOR,,_Z,,_Z,,_T,,2018,,1,,A,,1,,0,
DATAFLOW,OECD.STI.PIE:DSD_PATENTS@DF_PATENTS_OECDSPECIFIC(1.0),,I,US50,,A,,GR,,PATN,,PRIORITY,,MDA,,_Z,,INVENTOR,,_Z,,_Z,,_T,,2019,,1,,A,,1,,0,
DATAFLOW,OECD.STI.PIE:DSD_PATENTS@DF_PATENTS_OECDSPECIFIC(1.0),,I,US50,,A,,GR,,PATN,,PRIORITY,,MKD,,_Z,,INVENTOR,,_Z,,_Z,,_T,,2019,,1,,A,,1,,0,
DATAFLOW,OECD.STI.PIE:DSD_PATENTS@DF_PATENTS_OECDSPECIFIC(1.0),,I,US50,,A,,GR,,PATN,,PRIORITY,,SLV,,_Z,,INVENTOR,,_Z,,_Z,,_T,,2019,,1,,A,,1,,0,
DATAFLOW,OECD.STI.PIE:DSD_PATENTS@DF_PATENTS_OECDSPECIFIC(1.0),,I,US50,,A,,AP,,PATN,,PRIORITY,,ZWE,,_Z,,INVENTOR,,_Z,,_Z,,_T,,2018,,1,,A,,1,,0,
DATAFLOW,OECD.STI.PIE:DSD_PATENTS@DF_PATENTS_OECDSPECIFIC(1.0),,I,US50,,A,,AP,,PATN,,PRIORITY,,DJI,,_Z,,INVENTOR,,_Z,,_Z,,_T,,2018,,1,,A,,1,,0,
DATAFLOW,OECD.STI.PIE:DSD_PATENTS@DF_PATENTS_OECDSPECIFIC(1.0),,I,US50,,A,,AP,,PATN,,PRIORITY,,SLV,,_Z,,INVENTOR,,_Z,,_Z,,_T,,2019,,1,,A,,1,,0,
DATAFLOW,OECD.STI.PIE:DSD_PATENTS@DF_PATENTS_OECDSPECIFIC(1.0),,I,US50,,A,,AP,,PATN,,PRIORITY,,AND,,_Z,,INVENTOR,,_Z,,_Z,,_T,,2022,,1,,A,,1,,0,
DATAFLOW,OECD.STI.PIE:DSD_PATENTS@DF_PATENTS_OECDSPECIFIC(1.0),,I,9P50_3,,A,,PF,,PATN_FM,,PRIORITY,,JAM,,_Z,,INVENTOR,,_Z,,_Z,,_T,,2018,,0,,A,,1,,0,
DATAFLOW,OECD.STI.PIE:DSD_PATENTS@DF_PATENTS_OECDSPECIFIC(1.0),,I,9P50_3,,A,,PF,,PATN_FM,,PRIORITY,,SLV,,_Z,,INVENTOR,,_Z,,_Z,,_T,,2018,,0,,A,,1,,0,
DATAFLOW,OECD.STI.PIE:DSD_PATENTS@DF_PATENTS_OECDSPECIFIC(1.0),,I,9P50_3,,A,,PF,,PATN_FM,,PRIORITY,,SYC,,_Z,,INVENTOR,,_Z,,_Z,,_T,,2018,,0,,A,,1,,0,
DATAFLOW,OECD.STI.PIE:DSD_PATENTS@DF_PATENTS_OECDSPECIFIC(1.0),,I,9P50_3,,A,,PF,,PATN_FM,,PRIORITY,,SLV,,_Z,,INVENTOR,,_Z,,_Z,,_T,,2019,,0,,A,,1,,0,
DATAFLOW,OECD.STI.PIE:DSD_PATENTS@DF_PATENTS_OECDSPECIFIC(1.0),,I,9P50_3,,A,,PF,,PATN_FM,,PRIORITY,,UZB,,_Z,,INVENTOR,,_Z,,_Z,,_T,,2019,,0,,A,,1,,0,
DATAFLOW,OECD.STI.PIE:DSD_PATENTS@DF_PATENTS_OECDSPECIFIC(1.0),,I,9P50_3,,A,,PF,,PATN_FM,,PRIORITY,,JAM,,_Z,,INVENTOR,,_Z,,_Z,,_T,,2019,,0,,A,,1,,0,
DATAFLOW,OECD.STI.PIE:DSD_PATENTS@DF_PATENTS_OECDSPECIFIC(1.0),,I,9P50_3,,A,,PF,,PATN_FM,,PRIORITY,,TTO,,_Z,,INVENTOR,,_Z,,_Z,,_T,,2019,,0,,A,,1,,0,
DATAFLOW,OECD.STI.PIE:DSD_PATENTS@DF_PATENTS_OECDSPECIFIC(1.0),,I,9P50_3,,A,,PF,,PATN_FM,,PRIORITY,,TTO,,_Z,,INVENTOR,,_Z,,_Z,,_T,,2020,,0,,A,,1,,0,
DATAFLOW,OECD.STI.PIE:DSD_PATENTS@DF_PATENTS_OECDSPECIFIC(1.0),,I,9P50_3,,A,,PF,,PATN_FM,,PRIORITY,,SLV,,_Z,,INVENTOR,,_Z,,_Z,,_T,,2020,,0,,A,,1,,0,
DATAFLOW,OECD.STI.PIE:DSD_PATENTS@DF_PATENTS_OECDSPECIFIC(1.0),,I,9P50_3,,A,,PF,,PATN_FM,,PRIORITY,,ZWE,,_Z,,INVENTOR,,_Z,,_Z,,_T,,2020,,0,,A,,1,,0,
DATAFLOW,OECD.STI.PIE:DSD_PATENTS@DF_PATENTS_OECDSPECIFIC(1.0),,I,9P50_3,,A,,PF,,PATN_FM,,PRIORITY,,YUG_F,,_Z,,INVENTOR,,_Z,,_Z,,_T,,2020,,0,,A,,1,,0,
DATAFLOW,OECD.STI.PIE:DSD_PATENTS@DF_PATENTS_OECDSPECIFIC(1.0),,I,9P50_3,,A,,PF,,PATN_FM,,PRIORITY,,YUG_F,,_Z,,INVENTOR,,_Z,,_Z,,_T,,2021,,0,,A,,1,,0,
DATAFLOW,OECD.STI.PIE:DSD_PATENTS@DF_PATENTS_OECDSPECIFIC(1.0),,I,9P50_3,,A,,PF,,PATN_FM,,PRIORITY,,UZB,,_Z,,INVENTOR,,_Z,,_Z,,_T,,2021,,0,,A,,1,,0,
DATAFLOW,OECD.STI.PIE:DSD_PATENTS@DF_PATENTS_OECDSPECIFIC(1.0),,I,9P50_3,,A,,PF,,PATN_FM,,PRIORITY,,JAM,,_Z,,INVENTOR,,_Z,,_Z,,_T,,2021,,0,,A,,1,,0,
DATAFLOW,OECD.STI.PIE:DSD_PATENTS@DF_PATENTS_OECDSPECIFIC(1.0),,I,9P50_3,,A,,PF,,PATN_FM,,PRIORITY,,TTO,,_Z,,INVENTOR,,_Z,,_Z,,_T,,2021,,0,,A,,1,,0,
DATAFLOW,OECD.STI.PIE:DSD_PATENTS@DF_PATENTS_OECDSPECIFIC(1.0),,I,9P50_3,,A,,PF,,PATN_FM,,PRIORITY,,TTO,,_Z,,INVENTOR,,_Z,,_Z,,_T,,2022,,0,,A,,1,,0,
DATAFLOW,OECD.STI.PIE:DSD_PATENTS@DF_PATENTS_OECDSPECIFIC(1.0),,I,9P50_3,,A,,PF,,PATN_FM,,PRIORITY,,UZB,,_Z,,INVENTOR,,_Z,,_Z,,_T,,2022,,0,,A,,1,,0,
DATAFLOW,OECD.STI.PIE:DSD_PATENTS@DF_PATENTS_OECDSPECIFIC(1.0),,I,9P50_3,,A,,PF,,PATN_FM,,PRIORITY,,SLV,,_Z,,INVENTOR,,_Z,,_Z,,_T,,2022,,0,,A,,1,,0,
DATAFLOW,OECD.STI.PIE:DSD_PATENTS@DF_PATENTS_OECDSPECIFIC(1.0),,I,9P50_3,,A,,PF,,PATN_FM,,PRIORITY,,KWT,,_Z,,INVENTOR,,_Z,,_Z,,_T,,2022,,0,,A,,1,,0,
DATAFLOW,OECD.STI.PIE:DSD_PATENTS@DF_PATENTS_OECDSPECIFIC(1.0),,I,9P50_3,,A,,PF,,PATN_FM,,PRIORITY,,ZWE,,_Z,,INVENTOR,,_Z,,_Z,,_T,,2022,,0,,A,,1,,0,
DATAFLOW,OECD.STI.PIE:DSD_PATENTS@DF_PATENTS_OECDSPECIFIC(1.0),,I,9P50_3,,A,,PF,,PATN_FM,,PRIORITY,,YUG_F,,_Z,,INVENTOR,,_Z,,_Z,,_T,,2022,,0,,A,,1,,0,
DATAFLOW,OECD.STI.PIE:DSD_PATENTS@DF_PATENTS_OECDSPECIFIC(1.0),,I,9P50_3,,A,,PF,,PATN_FM,,PRIORITY,,BMU,,_Z,,INVENTOR,,_Z,,_Z,,_T,,2018,,1,,A,,1,,0,
DATAFLOW,OECD.STI.PIE:DSD_PATENTS@DF_PATENTS_OECDSPECIFIC(1.0),,I,9P50_3,,A,,PF,,PATN_FM,,PRIORITY,,MDA,,_Z,,INVENTOR,,_Z,,_Z,,_T,,2019,,1,,A,,1,,0,
DATAFLOW,OECD.STI.PIE:DSD_PATENTS@DF_PATENTS_OECDSPECIFIC(1.0),,I,9P50_3,,A,,PF,,PATN_FM,,PRIORITY,,BMU,,_Z,,INVENTOR,,_Z,,_Z,,_T,,2020,,1,,A,,1,,0,
DATAFLOW,OECD.STI.PIE:DSD_PATENTS@DF_PATENTS_OECDSPECIFIC(1.0),,I,9P50_3,,A,,PF,,PATN_FM,,PRIORITY,,GTM,,_Z,,INVENTOR,,_Z,,_Z,,_T,,2020,,1,,A,,1,,0,
DATAFLOW,OECD.STI.PIE:DSD_PATENTS@DF_PATENTS_OECDSPECIFIC(1.0),,I,9P50_3,,A,,PF,,PATN_FM,,PRIORITY,,BMU,,_Z,,INVENTOR,,_Z,,_Z,,_T,,2022,,1,,A,,1,,0,
DATAFLOW,OECD.STI.PIE:DSD_PATENTS@DF_PATENTS_OECDSPECIFIC(1.0),,I,9P50_3,,A,,PF,,PATN_FM,,PRIORITY,,JAM,,_Z,,INVENTOR,,_Z,,_Z,,_T,,2022,,1,,A,,1,,0,
DATAFLOW,OECD.STI.PIE:DSD_PATENTS@DF_PATENTS_OECDSPECIFIC(1.0),,I,9P50_3,,A,,PF,,PATN_FM,,PRIORITY,,SYC,,_Z,,INVENTOR,,_Z,,_Z,,_T,,2022,,1,,A,,1,,0,
DATAFLOW,OECD.STI.PIE:DSD_PATENTS@DF_PATENTS_OECDSPECIFIC(1.0),,I,9P50_3,,A,,PF,,PATN_FM,,PRIORITY,,SYC,,_Z,,INVENTOR,,_Z,,_Z,,_T,,2019,,2,,A,,1,,0,
DATAFLOW,OECD.STI.PIE:DSD_PATENTS@DF_PATENTS_OECDSPECIFIC(1.0),,I,9P50_3,,A,,PF,,PATN_FM,,PRIORITY,,CYM,,_Z,,INVENTOR,,_Z,,_Z,,_T,,2022,,8.7777996,,A,,1,,0,
DATAFLOW,OECD.STI.PIE:DSD_PATENTS@DF_PATENTS_OECDSPECIFIC(1.0),,I,9P50_3,,A,,PF,,PATN_FM,,PRIORITY,,SVN,,_Z,,INVENTOR,,_Z,,_Z,,_T,,2022,,118.1179,,A,,1,,0,
DATAFLOW,OECD.STI.PIE:DSD_PATENTS@DF_PATENTS_OECDSPECIFIC(1.0),,I,9P50_3,,A,,PF,,PATN_FM,,PRIORITY,,ROU,,_Z,,INVENTOR,,_Z,,_Z,,_T,,2022,,90.211601,,A,,1,,0,
DATAFLOW,OECD.STI.PIE:DSD_PATENTS@DF_PATENTS_OECDSPECIFIC(1.0),,I,9P50_3,,A,,PF,,PATN_FM,,PRIORITY,,MEX,,_Z,,INVENTOR,,_Z,,_Z,,_T,,2022,,171.0715,,A,,1,,0,
DATAFLOW,OECD.STI.PIE:DSD_PATENTS@DF_PATENTS_OECDSPECIFIC(1.0),,I,9P50_3,,A,,PF,,PATN_FM,,PRIORITY,,ISL,,_Z,,INVENTOR,,_Z,,_Z,,_T,,2022,,23.0734,,A,,1,,0,
DATAFLOW,OECD.STI.PIE:DSD_PATENTS@DF_PATENTS_OECDSPECIFIC(1.0),,I,9P50_3,,A,,PF,,PATN_FM,,PRIORITY,,BGR,,_Z,,INVENTOR,,_Z,,_Z,,_T,,2022,,30.279301,,A,,1,,0,
DATAFLOW,OECD.STI.PIE:DSD_PATENTS@DF_PATENTS_OECDSPECIFIC(1.0),,I,9P50_3,,A,,PF,,PATN_FM,,PRIORITY,,VEN,,_Z,,INVENTOR,,_Z,,_Z,,_T,,2022,,2.6166999,,A,,1,,0,
DATAFLOW,OECD.STI.PIE:DSD_PATENTS@DF_PATENTS_OECDSPECIFIC(1.0),,I,9P50_3,,A,,PF,,PATN_FM,,PRIORITY,,JOR,,_Z,,INVENTOR,,_Z,,_Z,,_T,,2022,,6.3167,,A,,1,,0,
DATAFLOW,OECD.STI.PIE:DSD_PATENTS@DF_PATENTS_OECDSPECIFIC(1.0),,I,9P50_3,,A,,PF,,PATN_FM,,PRIORITY,,PER,,_Z,,INVENTOR,,_Z,,_Z,,_T,,2022,,4.4956999,,A,,1,,0,
DATAFLOW,OECD.STI.PIE:DSD_PATENTS@DF_PATENTS_OECDSPECIFIC(1.0),,I,9P50_3,,A,,PF,,PATN_FM,,PRIORITY,,TUR,,_Z,,INVENTOR,,_Z,,_Z,,_T,,2022,,254.09599,,A,,1,,0,
DATAFLOW,OECD.STI.PIE:DSD_PATENTS@DF_PATENTS_OECDSPECIFIC(1.0),,I,9P50_3,,A,,PF,,PATN_FM,,PRIORITY,,ITA,,_Z,,INVENTOR,,_Z,,_Z,,_T,,2022,,4280.2822,,A,,1,,0,
DATAFLOW,OECD.STI.PIE:DSD_PATENTS@DF_PATENTS_OECDSPECIFIC(1.0),,I,9P50_3,,A,,PF,,PATN_FM,,PRIORITY,,IDN,,_Z,,INVENTOR,,_Z,,_Z,,_T,,2022,,25.3482,,A,,1,,0,
DATAFLOW,OECD.STI.PIE:DSD_PATENTS@DF_PATENTS_OECDSPECIFIC(1.0),,I,9P50_3,,A,,PF,,PATN_FM,,PRIORITY,,PRT,,_Z,,INVENTOR,,_Z,,_Z,,_T,,2022,,152.5432,,A,,1,,0,
DATAFLOW,OECD.STI.PIE:DSD_PATENTS@DF_PATENTS_OECDSPECIFIC(1.0),,I,9P50_3,,A,,PF,,PATN_FM,,PRIORITY,,AUS,,_Z,,INVENTOR,,_Z,,_Z,,_T,,2022,,929.86768,,A,,1,,0,
DATAFLOW,OECD.STI.PIE:DSD_PATENTS@DF_PATENTS_OECDSPECIFIC(1.0),,I,9P50_3,,A,,PF,,PATN_FM,,PRIORITY,,SGP,,_Z,,INVENTOR,,_Z,,_Z,,_T,,2022,,724.90833,,A,,1,,0,
DATAFLOW,OECD.STI.PIE:DSD_PATENTS@DF_PATENTS_OECDSPECIFIC(1.0),,I,9P50_3,,A,,PF,,PATN_FM,,PRIORITY,,MAR,,_Z,,INVENTOR,,_Z,,_Z,,_T,,2022,,30.903999,,A,,1,,0,
DATAFLOW,OECD.STI.PIE:DSD_PATENTS@DF_PATENTS_OECDSPECIFIC(1.0),,I,9P50_3,,A,,PF,,PATN_FM,,PRIORITY,,ARE,,_Z,,INVENTOR,,_Z,,_Z,,_T,,2022,,59.679298,,A,,1,,0,
DATAFLOW,OECD.STI.PIE:DSD_PATENTS@DF_PATENTS_OECDSPECIFIC(1.0),,I,9P50_3,,A,,PF,,PATN_FM,,PRIORITY,,IRN,,_Z,,INVENTOR,,_Z,,_Z,,_T,,2022,,21.3244,,A,,1,,0,
DATAFLOW,OECD.STI.PIE:DSD_PATENTS@DF_PATENTS_OECDSPECIFIC(1.0),,I,9P50_3,,A,,PF,,PATN_FM,,PRIORITY,,DNK,,_Z,,INVENTOR,,_Z,,_Z,,_T,,2022,,1280.5416,,A,,1,,0,
DATAFLOW,OECD.STI.PIE:DSD_PATENTS@DF_PATENTS_OECDSPECIFIC(1.0),,I,9P50_3,,A,,PF,,PATN_FM,,PRIORITY,,URY,,_Z,,INVENTOR,,_Z,,_Z,,_T,,2022,,9.9940004,,A,,1,,0,
DATAFLOW,OECD.STI.PIE:DSD_PATENTS@DF_PATENTS_OECDSPECIFIC(1.0),,I,9P50_3,,A,,PF,,PATN_FM,,PRIORITY,,PRK,,_Z,,INVENTOR,,_Z,,_Z,,_T,,2022,,0.39289999,,A,,1,,0,
DATAFLOW,OECD.STI.PIE:DSD_PATENTS@DF_PATENTS_OECDSPECIFIC(1.0),,I,9P50_3,,A,,PF,,PATN_FM,,PRIORITY,,EST,,_Z,,INVENTOR,,_Z,,_Z,,_T,,2022,,27.9911,,A,,1,,0,
DATAFLOW,OECD.STI.PIE:DSD_PATENTS@DF_PATENTS_OECDSPECIFIC(1.0),,I,9P50_3,,A,,PF,,PATN_FM,,PRIORITY,,MKD,,_Z,,INVENTOR,,_Z,,_Z,,_T,,2022,,2.0908999,,A,,1,,0,
DATAFLOW,OECD.STI.PIE:DSD_PATENTS@DF_PATENTS_OECDSPECIFIC(1.0),,I,9P50_3,,A,,PF,,PATN_FM,,PRIORITY,,DEU,,_Z,,INVENTOR,,_Z,,_Z,,_T,,2022,,21175.859,,A,,1,,0,
DATAFLOW,OECD.STI.PIE:DSD_PATENTS@DF_PATENTS_OECDSPECIFIC(1.0),,I,9P50_3,,A,,PF,,PATN_FM,,PRIORITY,,PHL,,_Z,,INVENTOR,,_Z,,_Z,,_T,,2022,,60.008701,,A,,1,,0,
DATAFLOW,OECD.STI.PIE:DSD_PATENTS@DF_PATENTS_OECDSPECIFIC(1.0),,I,9P50_3,,A,,PF,,PATN_FM,,PRIORITY,,ECU,,_Z,,INVENTOR,,_Z,,_Z,,_T,,2022,,1.4167,,A,,1,,0,
DATAFLOW,OECD.STI.PIE:DSD_PATENTS@DF_PATENTS_OECDSPECIFIC(1.0),,I,9P50_3,,A,,PF,,PATN_FM,,PRIORITY,,COL,,_Z,,INVENTOR,,_Z,,_Z,,_T,,2022,,27.797899,,A,,1,,0,
DATAFLOW,OECD.STI.PIE:DSD_PATENTS@DF_PATENTS_OECDSPECIFIC(1.0),,I,9P50_3,,A,,PF,,PATN_FM,,PRIORITY,,W,,_Z,,INVENTOR,,_Z,,_Z,,_T,,2022,,252898,,A,,1,,0,
DATAFLOW,OECD.STI.PIE:DSD_PATENTS@DF_PATENTS_OECDSPECIFIC(1.0),,I,9P50_3,,A,,PF,,PATN_FM,,PRIORITY,,NZL,,_Z,,INVENTOR,,_Z,,_Z,,_T,,2022,,136.6385,,A,,1,,0,
DATAFLOW,OECD.STI.PIE:DSD_PATENTS@DF_PATENTS_OECDSPECIFIC(1.0),,I,9P50_3,,A,,PF,,PATN_FM,,PRIORITY,,LIE,,_Z,,INVENTOR,,_Z,,_Z,,_T,,2022,,22.3025,,A,,1,,0,
DATAFLOW,OECD.STI.PIE:DSD_PATENTS@DF_PATENTS_OECDSPECIFIC(1.0),,I,9P50_3,,A,,PF,,PATN_FM,,PRIORITY,,BRA,,_Z,,INVENTOR,,_Z,,_Z,,_T,,2022,,329.56381,,A,,1,,0,
DATAFLOW,OECD.STI.PIE:DSD_PATENTS@DF_PATENTS_OECDSPECIFIC(1.0),,I,9P50_3,,A,,PF,,PATN_FM,,PRIORITY,,NLD,,_Z,,INVENTOR,,_Z,,_Z,,_T,,2022,,3143.3779,,A,,1,,0,
DATAFLOW,OECD.STI.PIE:DSD_PATENTS@DF_PATENTS_OECDSPECIFIC(1.0),,I,9P50_3,,A,,PF,,PATN_FM,,PRIORITY,,BEL,,_Z,,INVENTOR,,_Z,,_Z,,_T,,2022,,1323.2981,,A,,1,,0,
DATAFLOW,OECD.STI.PIE:DSD_PATENTS@DF_PATENTS_OECDSPECIFIC(1.0),,I,9P50_3,,A,,PF,,PATN_FM,,PRIORITY,,MYS,,_Z,,INVENTOR,,_Z,,_Z,,_T,,2022,,154.2437,,A,,1,,0,
DATAFLOW,OECD.STI.PIE:DSD_PATENTS@DF_PATENTS_OECDSPECIFIC(1.0),,I,9P50_3,,A,,PF,,PATN_FM,,PRIORITY,,UKR,,_Z,,INVENTOR,,_Z,,_Z,,_T,,2022,,66.260002,,A,,1,,0,
DATAFLOW,OECD.STI.PIE:DSD_PATENTS@DF_PATENTS_OECDSPECIFIC(1.0),,I,9P50_3,,A,,PF,,PATN_FM,,PRIORITY,,CRI,,_Z,,INVENTOR,,_Z,,_Z,,_T,,2022,,16.8479,,A,,1,,0,
DATAFLOW,OECD.STI.PIE:DSD_PATENTS@DF_PATENTS_OECDSPECIFIC(1.0),,I,9P50_3,,A,,PF,,PATN_FM,,PRIORITY,,RUS,,_Z,,INVENTOR,,_Z,,_Z,,_T,,2022,,181.6778,,A,,1,,0,
DATAFLOW,OECD.STI.PIE:DSD_PATENTS@DF_PATENTS_OECDSPECIFIC(1.0),,I,9P50_3,,A,,PF,,PATN_FM,,PRIORITY,,HUN,,_Z,,INVENTOR,,_Z,,_Z,,_T,,2022,,194.2484,,A,,1,,0,
DATAFLOW,OECD.STI.PIE:DSD_PATENTS@DF_PATENTS_OECDSPECIFIC(1.0),,I,9P50_3,,A,,PF,,PATN_FM,,PRIORITY,,ESP,,_Z,,INVENTOR,,_Z,,_Z,,_T,,2022,,1213.5959,,A,,1,,0,
DATAFLOW,OECD.STI.PIE:DSD_PATENTS@DF_PATENTS_OECDSPECIFIC(1.0),,I,9P50_3,,A,,PF,,PATN_FM,,PRIORITY,,OECD,,_Z,,INVENTOR,,_Z,,_Z,,_T,,2022,,191050.17,,A,,1,,0,
DATAFLOW,OECD.STI.PIE:DSD_PATENTS@DF_PATENTS_OECDSPECIFIC(1.0),,I,9P50_3,,A,,PF,,PATN_FM,,PRIORITY,,TWN,,_Z,,INVENTOR,,_Z,,_Z,,_T,,2022,,10696.626,,A,,1,,0,
DATAFLOW,OECD.STI.PIE:DSD_PATENTS@DF_PATENTS_OECDSPECIFIC(1.0),,I,9P50_3,,A,,PF,,PATN_FM,,PRIORITY,,ARM,,_Z,,INVENTOR,,_Z,,_Z,,_T,,2022,,5.5833001,,A,,1,,0,
DATAFLOW,OECD.STI.PIE:DSD_PATENTS@DF_PATENTS_OECDSPECIFIC(1.0),,I,9P50_3,,A,,PF,,PATN_FM,,PRIORITY,,MLT,,_Z,,INVENTOR,,_Z,,_Z,,_T,,2022,,18.988701,,A,,1,,0,
DATAFLOW,OECD.STI.PIE:DSD_PATENTS@DF_PATENTS_OECDSPECIFIC(1.0),,I,9P50_3,,A,,PF,,PATN_FM,,PRIORITY,,BIH,,_Z,,INVENTOR,,_Z,,_Z,,_T,,2022,,1.9111,,A,,1,,0,
DATAFLOW,OECD.STI.PIE:DSD_PATENTS@DF_PATENTS_OECDSPECIFIC(1.0),,I,9P50_3,,A,,PF,,PATN_FM,,PRIORITY,,THA,,_Z,,INVENTOR,,_Z,,_Z,,_T,,2022,,66.376198,,A,,1,,0,
DATAFLOW,OECD.STI.PIE:DSD_PATENTS@DF_PATENTS_OECDSPECIFIC(1.0),,I,9P50_3,,A,,PF,,PATN_FM,,PRIORITY,,ZAF,,_Z,,INVENTOR,,_Z,,_Z,,_T,,2022,,77.751602,,A,,1,,0,
DATAFLOW,OECD.STI.PIE:DSD_PATENTS@DF_PATENTS_OECDSPECIFIC(1.0),,I,9P50_3,,A,,PF,,PATN_FM,,PRIORITY,,PRI,,_Z,,INVENTOR,,_Z,,_Z,,_T,,2022,,2.6761999,,A,,1,,0,
DATAFLOW,OECD.STI.PIE:DSD_PATENTS@DF_PATENTS_OECDSPECIFIC(1.0),,I,9P50_3,,A,,PF,,PATN_FM,,PRIORITY,,ISR,,_Z,,INVENTOR,,_Z,,_Z,,_T,,2022,,1812.9208,,A,,1,,0,
DATAFLOW,OECD.STI.PIE:DSD_PATENTS@DF_PATENTS_OECDSPECIFIC(1.0),,I,9P50_3,,A,,PF,,PATN_FM,,PRIORITY,,SVK,,_Z,,INVENTOR,,_Z,,_Z,,_T,,2022,,65.039703,,A,,1,,0,
DATAFLOW,OECD.STI.PIE:DSD_PATENTS@DF_PATENTS_OECDSPECIFIC(1.0),,I,9P50_3,,A,,PF,,PATN_FM,,PRIORITY,,CYP,,_Z,,INVENTOR,,_Z,,_Z,,_T,,2022,,15.7333,,A,,1,,0,
DATAFLOW,OECD.STI.PIE:DSD_PATENTS@DF_PATENTS_OECDSPECIFIC(1.0),,I,9P50_3,,A,,PF,,PATN_FM,,PRIORITY,,GBR,,_Z,,INVENTOR,,_Z,,_Z,,_T,,2022,,5616.4209,,A,,1,,0,
DATAFLOW,OECD.STI.PIE:DSD_PATENTS@DF_PATENTS_OECDSPECIFIC(1.0),,I,9P50_3,,A,,PF,,PATN_FM,,PRIORITY,,SAU,,_Z,,INVENTOR,,_Z,,_Z,,_T,,2022,,243.5108,,A,,1,,0,
DATAFLOW,OECD.STI.PIE:DSD_PATENTS@DF_PATENTS_OECDSPECIFIC(1.0),,I,9P50_3,,A,,PF,,PATN_FM,,PRIORITY,,EGY,,_Z,,INVENTOR,,_Z,,_Z,,_T,,2022,,20.737301,,A,,1,,0,
DATAFLOW,OECD.STI.PIE:DSD_PATENTS@DF_PATENTS_OECDSPECIFIC(1.0),,I,9P50_3,,A,,PF,,PATN_FM,,PRIORITY,,GTM,,_Z,,INVENTOR,,_Z,,_Z,,_T,,2022,,1.1667,,A,,1,,0,
DATAFLOW,OECD.STI.PIE:DSD_PATENTS@DF_PATENTS_OECDSPECIFIC(1.0),,I,9P50_3,,A,,PF,,PATN_FM,,PRIORITY,,LBN,,_Z,,INVENTOR,,_Z,,_Z,,_T,,2022,,5.8639002,,A,,1,,0,
DATAFLOW,OECD.STI.PIE:DSD_PATENTS@DF_PATENTS_OECDSPECIFIC(1.0),,I,9P50_3,,A,,PF,,PATN_FM,,PRIORITY,,AUT,,_Z,,INVENTOR,,_Z,,_Z,,_T,,2022,,1674.0532,,A,,1,,0,
DATAFLOW,OECD.STI.PIE:DSD_PATENTS@DF_PATENTS_OECDSPECIFIC(1.0),,I,9P50_3,,A,,PF,,PATN_FM,,PRIORITY,,KOR,,_Z,,INVENTOR,,_Z,,_Z,,_T,,2022,,28544.801,,A,,1,,0,
DATAFLOW,OECD.STI.PIE:DSD_PATENTS@DF_PATENTS_OECDSPECIFIC(1.0),,I,9P50_3,,A,,PF,,PATN_FM,,PRIORITY,,ARG,,_Z,,INVENTOR,,_Z,,_Z,,_T,,2022,,41.214298,,A,,1,,0,
DATAFLOW,OECD.STI.PIE:DSD_PATENTS@DF_PATENTS_OECDSPECIFIC(1.0),,I,9P50_3,,A,,PF,,PATN_FM,,PRIORITY,,IND,,_Z,,INVENTOR,,_Z,,_Z,,_T,,2022,,3184.4167,,A,,1,,0,
DATAFLOW,OECD.STI.PIE:DSD_PATENTS@DF_PATENTS_OECDSPECIFIC(1.0),,I,9P50_3,,A,,PF,,PATN_FM,,PRIORITY,,CHE,,_Z,,INVENTOR,,_Z,,_Z,,_T,,2022,,2657.5422,,A,,1,,0,
DATAFLOW,OECD.STI.PIE:DSD_PATENTS@DF_PATENTS_OECDSPECIFIC(1.0),,I,9P50_3,,A,,PF,,PATN_FM,,PRIORITY,,FIN,,_Z,,INVENTOR,,_Z,,_Z,,_T,,2022,,1204.7211,,A,,1,,0,
DATAFLOW,OECD.STI.PIE:DSD_PATENTS@DF_PATENTS_OECDSPECIFIC(1.0),,I,9P50_3,,A,,PF,,PATN_FM,,PRIORITY,,LTU,,_Z,,INVENTOR,,_Z,,_Z,,_T,,2022,,42.400002,,A,,1,,0,
DATAFLOW,OECD.STI.PIE:DSD_PATENTS@DF_PATENTS_OECDSPECIFIC(1.0),,I,9P50_3,,A,,PF,,PATN_FM,,PRIORITY,,LKA,,_Z,,INVENTOR,,_Z,,_Z,,_T,,2022,,6.4443998,,A,,1,,0,
DATAFLOW,OECD.STI.PIE:DSD_PATENTS@DF_PATENTS_OECDSPECIFIC(1.0),,I,9P50_3,,A,,PF,,PATN_FM,,PRIORITY,,EU27_2020,,_Z,,INVENTOR,,_Z,,_Z,,_T,,2022,,47796.527,,A,,1,,0,
DATAFLOW,OECD.STI.PIE:DSD_PATENTS@DF_PATENTS_OECDSPECIFIC(1.0),,I,9P50_3,,A,,PF,,PATN_FM,,PRIORITY,,TUN,,_Z,,INVENTOR,,_Z,,_Z,,_T,,2022,,11.1072,,A,,1,,0,
DATAFLOW,OECD.STI.PIE:DSD_PATENTS@DF_PATENTS_OECDSPECIFIC(1.0),,I,9P50_3,,A,,PF,,PATN_FM,,PRIORITY,,GEO,,_Z,,INVENTOR,,_Z,,_Z,,_T,,2022,,2.6166999,,A,,1,,0,
DATAFLOW,OECD.STI.PIE:DSD_PATENTS@DF_PATENTS_OECDSPECIFIC(1.0),,I,9P50_3,,A,,PF,,PATN_FM,,PRIORITY,,CZE,,_Z,,INVENTOR,,_Z,,_Z,,_T,,2022,,273.4924,,A,,1,,0,
DATAFLOW,OECD.STI.PIE:DSD_PATENTS@DF_PATENTS_OECDSPECIFIC(1.0),,I,9P50_3,,A,,PF,,PATN_FM,,PRIORITY,,MNG,,_Z,,INVENTOR,,_Z,,_Z,,_T,,2022,,0.43329999,,A,,1,,0,
DATAFLOW,OECD.STI.PIE:DSD_PATENTS@DF_PATENTS_OECDSPECIFIC(1.0),,I,9P50_3,,A,,PF,,PATN_FM,,PRIORITY,,GRC,,_Z,,INVENTOR,,_Z,,_Z,,_T,,2022,,148.4919,,A,,1,,0,
DATAFLOW,OECD.STI.PIE:DSD_PATENTS@DF_PATENTS_OECDSPECIFIC(1.0),,I,9P50_3,,A,,PF,,PATN_FM,,PRIORITY,,JPN,,_Z,,INVENTOR,,_Z,,_Z,,_T,,2022,,58495.207,,A,,1,,0,
DATAFLOW,OECD.STI.PIE:DSD_PATENTS@DF_PATENTS_OECDSPECIFIC(1.0),,I,9P50_3,,A,,PF,,PATN_FM,,PRIORITY,,DZA,,_Z,,INVENTOR,,_Z,,_Z,,_T,,2022,,3.9690001,,A,,1,,0,
DATAFLOW,OECD.STI.PIE:DSD_PATENTS@DF_PATENTS_OECDSPECIFIC(1.0),,I,9P50_3,,A,,PF,,PATN_FM,,PRIORITY,,IRL,,_Z,,INVENTOR,,_Z,,_Z,,_T,,2022,,396.5936,,A,,1,,0,
DATAFLOW,OECD.STI.PIE:DSD_PATENTS@DF_PATENTS_OECDSPECIFIC(1.0),,I,9P50_3,,A,,PF,,PATN_FM,,PRIORITY,,HRV,,_Z,,INVENTOR,,_Z,,_Z,,_T,,2022,,42.895199,,A,,1,,0,
DATAFLOW,OECD.STI.PIE:DSD_PATENTS@DF_PATENTS_OECDSPECIFIC(1.0),,I,9P50_3,,A,,PF,,PATN_FM,,PRIORITY,,MCO,,_Z,,INVENTOR,,_Z,,_Z,,_T,,2022,,12.0333,,A,,1,,0,
DATAFLOW,OECD.STI.PIE:DSD_PATENTS@DF_PATENTS_OECDSPECIFIC(1.0),,I,9P50_3,,A,,PF,,PATN_FM,,PRIORITY,,DJI,,_Z,,INVENTOR,,_Z,,_Z,,_T,,2022,,0.83329999,,A,,1,,0,
DATAFLOW,OECD.STI.PIE:DSD_PATENTS@DF_PATENTS_OECDSPECIFIC(1.0),,I,9P50_3,,A,,PF,,PATN_FM,,PRIORITY,,KEN,,_Z,,INVENTOR,,_Z,,_Z,,_T,,2022,,0.44440001,,A,,1,,0,
DATAFLOW,OECD.STI.PIE:DSD_PATENTS@DF_PATENTS_OECDSPECIFIC(1.0),,I,9P50_3,,A,,PF,,PATN_FM,,PRIORITY,,FRA,,_Z,,INVENTOR,,_Z,,_Z,,_T,,2022,,7905.7544,,A,,1,,0,
DATAFLOW,OECD.STI.PIE:DSD_PATENTS@DF_PATENTS_OECDSPECIFIC(1.0),,I,9P50_3,,A,,PF,,PATN_FM,,PRIORITY,,PAK,,_Z,,INVENTOR,,_Z,,_Z,,_T,,2022,,11.0857,,A,,1,,0,
DATAFLOW,OECD.STI.PIE:DSD_PATENTS@DF_PATENTS_OECDSPECIFIC(1.0),,I,9P50_3,,A,,PF,,PATN_FM,,PRIORITY,,KAZ,,_Z,,INVENTOR,,_Z,,_Z,,_T,,2022,,1.7361,,A,,1,,0,
DATAFLOW,OECD.STI.PIE:DSD_PATENTS@DF_PATENTS_OECDSPECIFIC(1.0),,I,9P50_3,,A,,PF,,PATN_FM,,PRIORITY,,BLR,,_Z,,INVENTOR,,_Z,,_Z,,_T,,2022,,8.5,,A,,1,,0,
DATAFLOW,OECD.STI.PIE:DSD_PATENTS@DF_PATENTS_OECDSPECIFIC(1.0),,I,9P50_3,,A,,PF,,PATN_FM,,PRIORITY,,NOR,,_Z,,INVENTOR,,_Z,,_Z,,_T,,2022,,536.25513,,A,,1,,0,
DATAFLOW,OECD.STI.PIE:DSD_PATENTS@DF_PATENTS_OECDSPECIFIC(1.0),,I,9P50_3,,A,,PF,,PATN_FM,,PRIORITY,,CHL,,_Z,,INVENTOR,,_Z,,_Z,,_T,,2022,,60.5298,,A,,1,,0,
DATAFLOW,OECD.STI.PIE:DSD_PATENTS@DF_PATENTS_OECDSPECIFIC(1.0),,I,9P50_3,,A,,PF,,PATN_FM,,PRIORITY,,POL,,_Z,,INVENTOR,,_Z,,_Z,,_T,,2022,,610.52222,,A,,1,,0,
DATAFLOW,OECD.STI.PIE:DSD_PATENTS@DF_PATENTS_OECDSPECIFIC(1.0),,I,9P50_3,,A,,PF,,PATN_FM,,PRIORITY,,LUX,,_Z,,INVENTOR,,_Z,,_Z,,_T,,2022,,82.4636,,A,,1,,0,
DATAFLOW,OECD.STI.PIE:DSD_PATENTS@DF_PATENTS_OECDSPECIFIC(1.0),,I,9P50_3,,A,,PF,,PATN_FM,,PRIORITY,,CAN,,_Z,,INVENTOR,,_Z,,_Z,,_T,,2022,,3155.3083,,A,,1,,0,
DATAFLOW,OECD.STI.PIE:DSD_PATENTS@DF_PATENTS_OECDSPECIFIC(1.0),,I,9P50_3,,A,,PF,,PATN_FM,,PRIORITY,,CHN,,_Z,,INVENTOR,,_Z,,_Z,,_T,,2022,,45150.695,,A,,1,,0,
DATAFLOW,OECD.STI.PIE:DSD_PATENTS@DF_PATENTS_OECDSPECIFIC(1.0),,I,9P50_3,,A,,PF,,PATN_FM,,PRIORITY,,PAN,,_Z,,INVENTOR,,_Z,,_Z,,_T,,2022,,1.125,,A,,1,,0,
DATAFLOW,OECD.STI.PIE:DSD_PATENTS@DF_PATENTS_OECDSPECIFIC(1.0),,I,9P50_3,,A,,PF,,PATN_FM,,PRIORITY,,HKG,,_Z,,INVENTOR,,_Z,,_Z,,_T,,2022,,240.1474,,A,,1,,0,
DATAFLOW,OECD.STI.PIE:DSD_PATENTS@DF_PATENTS_OECDSPECIFIC(1.0),,I,9P50_3,,A,,PF,,PATN_FM,,PRIORITY,,MDA,,_Z,,INVENTOR,,_Z,,_Z,,_T,,2022,,1.2083,,A,,1,,0,
DATAFLOW,OECD.STI.PIE:DSD_PATENTS@DF_PATENTS_OECDSPECIFIC(1.0),,I,9P50_3,,A,,PF,,PATN_FM,,PRIORITY,,NGA,,_Z,,INVENTOR,,_Z,,_Z,,_T,,2022,,0.79170001,,A,,1,,0,
DATAFLOW,OECD.STI.PIE:DSD_PATENTS@DF_PATENTS_OECDSPECIFIC(1.0),,I,9P50_3,,A,,PF,,PATN_FM,,PRIORITY,,USA,,_Z,,INVENTOR,,_Z,,_Z,,_T,,2022,,41013.379,,A,,1,,0,
DATAFLOW,OECD.STI.PIE:DSD_PATENTS@DF_PATENTS_OECDSPECIFIC(1.0),,I,9P50_3,,A,,PF,,PATN_FM,,PRIORITY,,SWE,,_Z,,INVENTOR,,_Z,,_Z,,_T,,2022,,2257.9431,,A,,1,,0,
DATAFLOW,OECD.STI.PIE:DSD_PATENTS@DF_PATENTS_OECDSPECIFIC(1.0),,I,9P50_3,,A,,PF,,PATN_FM,,PRIORITY,,CUB,,_Z,,INVENTOR,,_Z,,_Z,,_T,,2022,,4,,A,,1,,0,
DATAFLOW,OECD.STI.PIE:DSD_PATENTS@DF_PATENTS_OECDSPECIFIC(1.0),,I,9P50_3,,A,,PF,,PATN_FM,,PRIORITY,,LVA,,_Z,,INVENTOR,,_Z,,_Z,,_T,,2022,,27.0861,,A,,1,,0,
DATAFLOW,OECD.STI.PIE:DSD_PATENTS@DF_PATENTS_OECDSPECIFIC(1.0),,I,9P50_3,,A,,PF,,PATN_FM,,PRIORITY,,YUG_F,,_Z,,INVENTOR,,_Z,,_Z,,_T,,2019,,0.2,,A,,1,,0,
DATAFLOW,OECD.STI.PIE:DSD_PATENTS@DF_PATENTS_OECDSPECIFIC(1.0),,I,9P50_3,,A,,PF,,PATN_FM,,PRIORITY,,LVA,,_Z,,INVENTOR,,_Z,,_Z,,_T,,2019,,26.038099,,A,,1,,0,
DATAFLOW,OECD.STI.PIE:DSD_PATENTS@DF_PATENTS_OECDSPECIFIC(1.0),,I,9P50_3,,A,,PF,,PATN_FM,,PRIORITY,,CUB,,_Z,,INVENTOR,,_Z,,_Z,,_T,,2019,,8.9687004,,A,,1,,0,
DATAFLOW,OECD.STI.PIE:DSD_PATENTS@DF_PATENTS_OECDSPECIFIC(1.0),,I,9P50_3,,A,,PF,,PATN_FM,,PRIORITY,,SWE,,_Z,,INVENTOR,,_Z,,_Z,,_T,,2019,,3098.0562,,A,,1,,0,
DATAFLOW,OECD.STI.PIE:DSD_PATENTS@DF_PATENTS_OECDSPECIFIC(1.0),,I,9P50_3,,A,,PF,,PATN_FM,,PRIORITY,,USA,,_Z,,INVENTOR,,_Z,,_Z,,_T,,2019,,51770.344,,A,,1,,0,
DATAFLOW,OECD.STI.PIE:DSD_PATENTS@DF_PATENTS_OECDSPECIFIC(1.0),,I,9P50_3,,A,,PF,,PATN_FM,,PRIORITY,,NGA,,_Z,,INVENTOR,,_Z,,_Z,,_T,,2019,,0.55000001,,A,,1,,0,
DATAFLOW,OECD.STI.PIE:DSD_PATENTS@DF_PATENTS_OECDSPECIFIC(1.0),,I,9P50_3,,A,,PF,,PATN_FM,,PRIORITY,,KWT,,_Z,,INVENTOR,,_Z,,_Z,,_T,,2019,,7.0999999,,A,,1,,0,
DATAFLOW,OECD.STI.PIE:DSD_PATENTS@DF_PATENTS_OECDSPECIFIC(1.0),,I,9P50_3,,A,,PF,,PATN_FM,,PRIORITY,,HKG,,_Z,,INVENTOR,,_Z,,_Z,,_T,,2019,,258.83139,,A,,1,,0,
DATAFLOW,OECD.STI.PIE:DSD_PATENTS@DF_PATENTS_OECDSPECIFIC(1.0),,I,9P50_3,,A,,PF,,PATN_FM,,PRIORITY,,PAN,,_Z,,INVENTOR,,_Z,,_Z,,_T,,2019,,2.75,,A,,1,,0,
DATAFLOW,OECD.STI.PIE:DSD_PATENTS@DF_PATENTS_OECDSPECIFIC(1.0),,I,9P50_3,,A,,PF,,PATN_FM,,PRIORITY,,CHN,,_Z,,INVENTOR,,_Z,,_Z,,_T,,2019,,41116.41,,A,,1,,0,
DATAFLOW,OECD.STI.PIE:DSD_PATENTS@DF_PATENTS_OECDSPECIFIC(1.0),,I,9P50_3,,A,,PF,,PATN_FM,,PRIORITY,,CAN,,_Z,,INVENTOR,,_Z,,_Z,,_T,,2019,,4247.3794,,A,,1,,0,
DATAFLOW,OECD.STI.PIE:DSD_PATENTS@DF_PATENTS_OECDSPECIFIC(1.0),,I,9P50_3,,A,,PF,,PATN_FM,,PRIORITY,,LUX,,_Z,,INVENTOR,,_Z,,_Z,,_T,,2019,,104.697,,A,,1,,0,
DATAFLOW,OECD.STI.PIE:DSD_PATENTS@DF_PATENTS_OECDSPECIFIC(1.0),,I,9P50_3,,A,,PF,,PATN_FM,,PRIORITY,,POL,,_Z,,INVENTOR,,_Z,,_Z,,_T,,2019,,522.93878,,A,,1,,0,
DATAFLOW,OECD.STI.PIE:DSD_PATENTS@DF_PATENTS_OECDSPECIFIC(1.0),,I,9P50_3,,A,,PF,,PATN_FM,,PRIORITY,,AND,,_Z,,INVENTOR,,_Z,,_Z,,_T,,2019,,2.5332999,,A,,1,,0,
DATAFLOW,OECD.STI.PIE:DSD_PATENTS@DF_PATENTS_OECDSPECIFIC(1.0),,I,9P50_3,,A,,PF,,PATN_FM,,PRIORITY,,CHL,,_Z,,INVENTOR,,_Z,,_Z,,_T,,2019,,90.394402,,A,,1,,0,
DATAFLOW,OECD.STI.PIE:DSD_PATENTS@DF_PATENTS_OECDSPECIFIC(1.0),,I,9P50_3,,A,,PF,,PATN_FM,,PRIORITY,,NOR,,_Z,,INVENTOR,,_Z,,_Z,,_T,,2019,,571.38519,,A,,1,,0,
DATAFLOW,OECD.STI.PIE:DSD_PATENTS@DF_PATENTS_OECDSPECIFIC(1.0),,I,9P50_3,,A,,PF,,PATN_FM,,PRIORITY,,BLR,,_Z,,INVENTOR,,_Z,,_Z,,_T,,2019,,28.8095,,A,,1,,0,
DATAFLOW,OECD.STI.PIE:DSD_PATENTS@DF_PATENTS_OECDSPECIFIC(1.0),,I,9P50_3,,A,,PF,,PATN_FM,,PRIORITY,,KAZ,,_Z,,INVENTOR,,_Z,,_Z,,_T,,2019,,1.9583,,A,,1,,0,
DATAFLOW,OECD.STI.PIE:DSD_PATENTS@DF_PATENTS_OECDSPECIFIC(1.0),,I,9P50_3,,A,,PF,,PATN_FM,,PRIORITY,,PAK,,_Z,,INVENTOR,,_Z,,_Z,,_T,,2019,,3.7,,A,,1,,0,
DATAFLOW,OECD.STI.PIE:DSD_PATENTS@DF_PATENTS_OECDSPECIFIC(1.0),,I,9P50_3,,A,,PF,,PATN_FM,,PRIORITY,,FRA,,_Z,,INVENTOR,,_Z,,_Z,,_T,,2019,,9589.3652,,A,,1,,0,
DATAFLOW,OECD.STI.PIE:DSD_PATENTS@DF_PATENTS_OECDSPECIFIC(1.0),,I,9P50_3,,A,,PF,,PATN_FM,,PRIORITY,,KEN,,_Z,,INVENTOR,,_Z,,_Z,,_T,,2019,,3.2916999,,A,,1,,0,
DATAFLOW,OECD.STI.PIE:DSD_PATENTS@DF_PATENTS_OECDSPECIFIC(1.0),,I,9P50_3,,A,,PF,,PATN_FM,,PRIORITY,,DJI,,_Z,,INVENTOR,,_Z,,_Z,,_T,,2019,,1.1167001,,A,,1,,0,
DATAFLOW,OECD.STI.PIE:DSD_PATENTS@DF_PATENTS_OECDSPECIFIC(1.0),,I,9P50_3,,A,,PF,,PATN_FM,,PRIORITY,,MCO,,_Z,,INVENTOR,,_Z,,_Z,,_T,,2019,,26.176201,,A,,1,,0,
DATAFLOW,OECD.STI.PIE:DSD_PATENTS@DF_PATENTS_OECDSPECIFIC(1.0),,I,9P50_3,,A,,PF,,PATN_FM,,PRIORITY,,HRV,,_Z,,INVENTOR,,_Z,,_Z,,_T,,2019,,33.761902,,A,,1,,0,
DATAFLOW,OECD.STI.PIE:DSD_PATENTS@DF_PATENTS_OECDSPECIFIC(1.0),,I,9P50_3,,A,,PF,,PATN_FM,,PRIORITY,,IRL,,_Z,,INVENTOR,,_Z,,_Z,,_T,,2019,,494.3764,,A,,1,,0,
DATAFLOW,OECD.STI.PIE:DSD_PATENTS@DF_PATENTS_OECDSPECIFIC(1.0),,I,9P50_3,,A,,PF,,PATN_FM,,PRIORITY,,DZA,,_Z,,INVENTOR,,_Z,,_Z,,_T,,2019,,3.3429,,A,,1,,0,
DATAFLOW,OECD.STI.PIE:DSD_PATENTS@DF_PATENTS_OECDSPECIFIC(1.0),,I,9P50_3,,A,,PF,,PATN_FM,,PRIORITY,,JPN,,_Z,,INVENTOR,,_Z,,_Z,,_T,,2019,,66633.125,,A,,1,,0,
DATAFLOW,OECD.STI.PIE:DSD_PATENTS@DF_PATENTS_OECDSPECIFIC(1.0),,I,9P50_3,,A,,PF,,PATN_FM,,PRIORITY,,GRC,,_Z,,INVENTOR,,_Z,,_Z,,_T,,2019,,117.3399,,A,,1,,0,
DATAFLOW,OECD.STI.PIE:DSD_PATENTS@DF_PATENTS_OECDSPECIFIC(1.0),,I,9P50_3,,A,,PF,,PATN_FM,,PRIORITY,,MNG,,_Z,,INVENTOR,,_Z,,_Z,,_T,,2019,,0.87779999,,A,,1,,0,
DATAFLOW,OECD.STI.PIE:DSD_PATENTS@DF_PATENTS_OECDSPECIFIC(1.0),,I,9P50_3,,A,,PF,,PATN_FM,,PRIORITY,,CZE,,_Z,,INVENTOR,,_Z,,_Z,,_T,,2019,,351.215,,A,,1,,0,
DATAFLOW,OECD.STI.PIE:DSD_PATENTS@DF_PATENTS_OECDSPECIFIC(1.0),,I,9P50_3,,A,,PF,,PATN_FM,,PRIORITY,,GEO,,_Z,,INVENTOR,,_Z,,_Z,,_T,,2019,,0.75,,A,,1,,0,
DATAFLOW,OECD.STI.PIE:DSD_PATENTS@DF_PATENTS_OECDSPECIFIC(1.0),,I,9P50_3,,A,,PF,,PATN_FM,,PRIORITY,,TUN,,_Z,,INVENTOR,,_Z,,_Z,,_T,,2019,,9.3999996,,A,,1,,0,
DATAFLOW,OECD.STI.PIE:DSD_PATENTS@DF_PATENTS_OECDSPECIFIC(1.0),,I,9P50_3,,A,,PF,,PATN_FM,,PRIORITY,,EU27_2020,,_Z,,INVENTOR,,_Z,,_Z,,_T,,2019,,56071.801,,A,,1,,0,
DATAFLOW,OECD.STI.PIE:DSD_PATENTS@DF_PATENTS_OECDSPECIFIC(1.0),,I,9P50_3,,A,,PF,,PATN_FM,,PRIORITY,,LKA,,_Z,,INVENTOR,,_Z,,_Z,,_T,,2019,,12.8345,,A,,1,,0,
DATAFLOW,OECD.STI.PIE:DSD_PATENTS@DF_PATENTS_OECDSPECIFIC(1.0),,I,9P50_3,,A,,PF,,PATN_FM,,PRIORITY,,LTU,,_Z,,INVENTOR,,_Z,,_Z,,_T,,2019,,40.599998,,A,,1,,0,
DATAFLOW,OECD.STI.PIE:DSD_PATENTS@DF_PATENTS_OECDSPECIFIC(1.0),,I,9P50_3,,A,,PF,,PATN_FM,,PRIORITY,,FIN,,_Z,,INVENTOR,,_Z,,_Z,,_T,,2019,,1432.3479,,A,,1,,0,
DATAFLOW,OECD.STI.PIE:DSD_PATENTS@DF_PATENTS_OECDSPECIFIC(1.0),,I,9P50_3,,A,,PF,,PATN_FM,,PRIORITY,,CHE,,_Z,,INVENTOR,,_Z,,_Z,,_T,,2019,,3140.1248,,A,,1,,0,
DATAFLOW,OECD.STI.PIE:DSD_PATENTS@DF_PATENTS_OECDSPECIFIC(1.0),,I,9P50_3,,A,,PF,,PATN_FM,,PRIORITY,,IND,,_Z,,INVENTOR,,_Z,,_Z,,_T,,2019,,2671.9817,,A,,1,,0,
DATAFLOW,OECD.STI.PIE:DSD_PATENTS@DF_PATENTS_OECDSPECIFIC(1.0),,I,9P50_3,,A,,PF,,PATN_FM,,PRIORITY,,ARG,,_Z,,INVENTOR,,_Z,,_Z,,_T,,2019,,76.097397,,A,,1,,0,
DATAFLOW,OECD.STI.PIE:DSD_PATENTS@DF_PATENTS_OECDSPECIFIC(1.0),,I,9P50_3,,A,,PF,,PATN_FM,,PRIORITY,,KOR,,_Z,,INVENTOR,,_Z,,_Z,,_T,,2019,,25443.471,,A,,1,,0,
DATAFLOW,OECD.STI.PIE:DSD_PATENTS@DF_PATENTS_OECDSPECIFIC(1.0),,I,9P50_3,,A,,PF,,PATN_FM,,PRIORITY,,AUT,,_Z,,INVENTOR,,_Z,,_Z,,_T,,2019,,2015.2533,,A,,1,,0,
DATAFLOW,OECD.STI.PIE:DSD_PATENTS@DF_PATENTS_OECDSPECIFIC(1.0),,I,9P50_3,,A,,PF,,PATN_FM,,PRIORITY,,LBN,,_Z,,INVENTOR,,_Z,,_Z,,_T,,2019,,9.0200996,,A,,1,,0,
DATAFLOW,OECD.STI.PIE:DSD_PATENTS@DF_PATENTS_OECDSPECIFIC(1.0),,I,9P50_3,,A,,PF,,PATN_FM,,PRIORITY,,EGY,,_Z,,INVENTOR,,_Z,,_Z,,_T,,2019,,20.631001,,A,,1,,0,
DATAFLOW,OECD.STI.PIE:DSD_PATENTS@DF_PATENTS_OECDSPECIFIC(1.0),,I,9P50_3,,A,,PF,,PATN_FM,,PRIORITY,,SAU,,_Z,,INVENTOR,,_Z,,_Z,,_T,,2019,,506.92819,,A,,1,,0,
DATAFLOW,OECD.STI.PIE:DSD_PATENTS@DF_PATENTS_OECDSPECIFIC(1.0),,I,9P50_3,,A,,PF,,PATN_FM,,PRIORITY,,GBR,,_Z,,INVENTOR,,_Z,,_Z,,_T,,2019,,6676.9619,,A,,1,,0,
DATAFLOW,OECD.STI.PIE:DSD_PATENTS@DF_PATENTS_OECDSPECIFIC(1.0),,I,9P50_3,,A,,PF,,PATN_FM,,PRIORITY,,CYP,,_Z,,INVENTOR,,_Z,,_Z,,_T,,2019,,14.3881,,A,,1,,0,
DATAFLOW,OECD.STI.PIE:DSD_PATENTS@DF_PATENTS_OECDSPECIFIC(1.0),,I,9P50_3,,A,,PF,,PATN_FM,,PRIORITY,,SVK,,_Z,,INVENTOR,,_Z,,_Z,,_T,,2019,,72.198402,,A,,1,,0,
DATAFLOW,OECD.STI.PIE:DSD_PATENTS@DF_PATENTS_OECDSPECIFIC(1.0),,I,9P50_3,,A,,PF,,PATN_FM,,PRIORITY,,ISR,,_Z,,INVENTOR,,_Z,,_Z,,_T,,2019,,2234.6887,,A,,1,,0,
DATAFLOW,OECD.STI.PIE:DSD_PATENTS@DF_PATENTS_OECDSPECIFIC(1.0),,I,9P50_3,,A,,PF,,PATN_FM,,PRIORITY,,PRI,,_Z,,INVENTOR,,_Z,,_Z,,_T,,2019,,3.5833001,,A,,1,,0,
DATAFLOW,OECD.STI.PIE:DSD_PATENTS@DF_PATENTS_OECDSPECIFIC(1.0),,I,9P50_3,,A,,PF,,PATN_FM,,PRIORITY,,ZAF,,_Z,,INVENTOR,,_Z,,_Z,,_T,,2019,,146.27499,,A,,1,,0,
DATAFLOW,OECD.STI.PIE:DSD_PATENTS@DF_PATENTS_OECDSPECIFIC(1.0),,I,9P50_3,,A,,PF,,PATN_FM,,PRIORITY,,THA,,_Z,,INVENTOR,,_Z,,_Z,,_T,,2019,,80.918503,,A,,1,,0,
DATAFLOW,OECD.STI.PIE:DSD_PATENTS@DF_PATENTS_OECDSPECIFIC(1.0),,I,9P50_3,,A,,PF,,PATN_FM,,PRIORITY,,BIH,,_Z,,INVENTOR,,_Z,,_Z,,_T,,2019,,3.2019999,,A,,1,,0,
DATAFLOW,OECD.STI.PIE:DSD_PATENTS@DF_PATENTS_OECDSPECIFIC(1.0),,I,9P50_3,,A,,PF,,PATN_FM,,PRIORITY,,MLT,,_Z,,INVENTOR,,_Z,,_Z,,_T,,2019,,28.1667,,A,,1,,0,
DATAFLOW,OECD.STI.PIE:DSD_PATENTS@DF_PATENTS_OECDSPECIFIC(1.0),,I,9P50_3,,A,,PF,,PATN_FM,,PRIORITY,,ARM,,_Z,,INVENTOR,,_Z,,_Z,,_T,,2019,,5.0179,,A,,1,,0,
DATAFLOW,OECD.STI.PIE:DSD_PATENTS@DF_PATENTS_OECDSPECIFIC(1.0),,I,9P50_3,,A,,PF,,PATN_FM,,PRIORITY,,TWN,,_Z,,INVENTOR,,_Z,,_Z,,_T,,2019,,10527.529,,A,,1,,0,
DATAFLOW,OECD.STI.PIE:DSD_PATENTS@DF_PATENTS_OECDSPECIFIC(1.0),,I,9P50_3,,A,,PF,,PATN_FM,,PRIORITY,,OECD,,_Z,,INVENTOR,,_Z,,_Z,,_T,,2019,,219251.11,,A,,1,,0,
DATAFLOW,OECD.STI.PIE:DSD_PATENTS@DF_PATENTS_OECDSPECIFIC(1.0),,I,9P50_3,,A,,PF,,PATN_FM,,PRIORITY,,ESP,,_Z,,INVENTOR,,_Z,,_Z,,_T,,2019,,1577.3615,,A,,1,,0,
DATAFLOW,OECD.STI.PIE:DSD_PATENTS@DF_PATENTS_OECDSPECIFIC(1.0),,I,9P50_3,,A,,PF,,PATN_FM,,PRIORITY,,HUN,,_Z,,INVENTOR,,_Z,,_Z,,_T,,2019,,226.3513,,A,,1,,0,
DATAFLOW,OECD.STI.PIE:DSD_PATENTS@DF_PATENTS_OECDSPECIFIC(1.0),,I,9P50_3,,A,,PF,,PATN_FM,,PRIORITY,,RUS,,_Z,,INVENTOR,,_Z,,_Z,,_T,,2019,,543.82343,,A,,1,,0,
DATAFLOW,OECD.STI.PIE:DSD_PATENTS@DF_PATENTS_OECDSPECIFIC(1.0),,I,9P50_3,,A,,PF,,PATN_FM,,PRIORITY,,CRI,,_Z,,INVENTOR,,_Z,,_Z,,_T,,2019,,11.181,,A,,1,,0,
DATAFLOW,OECD.STI.PIE:DSD_PATENTS@DF_PATENTS_OECDSPECIFIC(1.0),,I,9P50_3,,A,,PF,,PATN_FM,,PRIORITY,,UKR,,_Z,,INVENTOR,,_Z,,_Z,,_T,,2019,,60.0443,,A,,1,,0,
DATAFLOW,OECD.STI.PIE:DSD_PATENTS@DF_PATENTS_OECDSPECIFIC(1.0),,I,9P50_3,,A,,PF,,PATN_FM,,PRIORITY,,MYS,,_Z,,INVENTOR,,_Z,,_Z,,_T,,2019,,208.88049,,A,,1,,0,
DATAFLOW,OECD.STI.PIE:DSD_PATENTS@DF_PATENTS_OECDSPECIFIC(1.0),,I,9P50_3,,A,,PF,,PATN_FM,,PRIORITY,,BEL,,_Z,,INVENTOR,,_Z,,_Z,,_T,,2019,,1530.0103,,A,,1,,0,
DATAFLOW,OECD.STI.PIE:DSD_PATENTS@DF_PATENTS_OECDSPECIFIC(1.0),,I,9P50_3,,A,,PF,,PATN_FM,,PRIORITY,,NLD,,_Z,,INVENTOR,,_Z,,_Z,,_T,,2019,,3315.532,,A,,1,,0,
DATAFLOW,OECD.STI.PIE:DSD_PATENTS@DF_PATENTS_OECDSPECIFIC(1.0),,I,9P50_3,,A,,PF,,PATN_FM,,PRIORITY,,BRA,,_Z,,INVENTOR,,_Z,,_Z,,_T,,2019,,517.72418,,A,,1,,0,
DATAFLOW,OECD.STI.PIE:DSD_PATENTS@DF_PATENTS_OECDSPECIFIC(1.0),,I,9P50_3,,A,,PF,,PATN_FM,,PRIORITY,,LIE,,_Z,,INVENTOR,,_Z,,_Z,,_T,,2019,,19.383301,,A,,1,,0,
DATAFLOW,OECD.STI.PIE:DSD_PATENTS@DF_PATENTS_OECDSPECIFIC(1.0),,I,9P50_3,,A,,PF,,PATN_FM,,PRIORITY,,BMU,,_Z,,INVENTOR,,_Z,,_Z,,_T,,2019,,1.6667,,A,,1,,0,
DATAFLOW,OECD.STI.PIE:DSD_PATENTS@DF_PATENTS_OECDSPECIFIC(1.0),,I,9P50_3,,A,,PF,,PATN_FM,,PRIORITY,,NZL,,_Z,,INVENTOR,,_Z,,_Z,,_T,,2019,,228.0473,,A,,1,,0,
DATAFLOW,OECD.STI.PIE:DSD_PATENTS@DF_PATENTS_OECDSPECIFIC(1.0),,I,9P50_3,,A,,PF,,PATN_FM,,PRIORITY,,W,,_Z,,INVENTOR,,_Z,,_Z,,_T,,2019,,277573,,A,,1,,0,
DATAFLOW,OECD.STI.PIE:DSD_PATENTS@DF_PATENTS_OECDSPECIFIC(1.0),,I,9P50_3,,A,,PF,,PATN_FM,,PRIORITY,,COL,,_Z,,INVENTOR,,_Z,,_Z,,_T,,2019,,54.551102,,A,,1,,0,
DATAFLOW,OECD.STI.PIE:DSD_PATENTS@DF_PATENTS_OECDSPECIFIC(1.0),,I,9P50_3,,A,,PF,,PATN_FM,,PRIORITY,,ECU,,_Z,,INVENTOR,,_Z,,_Z,,_T,,2019,,3.6429,,A,,1,,0,
DATAFLOW,OECD.STI.PIE:DSD_PATENTS@DF_PATENTS_OECDSPECIFIC(1.0),,I,9P50_3,,A,,PF,,PATN_FM,,PRIORITY,,PHL,,_Z,,INVENTOR,,_Z,,_Z,,_T,,2019,,41.712502,,A,,1,,0,
DATAFLOW,OECD.STI.PIE:DSD_PATENTS@DF_PATENTS_OECDSPECIFIC(1.0),,I,9P50_3,,A,,PF,,PATN_FM,,PRIORITY,,DEU,,_Z,,INVENTOR,,_Z,,_Z,,_T,,2019,,24598.883,,A,,1,,0,
DATAFLOW,OECD.STI.PIE:DSD_PATENTS@DF_PATENTS_OECDSPECIFIC(1.0),,I,9P50_3,,A,,PF,,PATN_FM,,PRIORITY,,MKD,,_Z,,INVENTOR,,_Z,,_Z,,_T,,2019,,0.79170001,,A,,1,,0,
DATAFLOW,OECD.STI.PIE:DSD_PATENTS@DF_PATENTS_OECDSPECIFIC(1.0),,I,9P50_3,,A,,PF,,PATN_FM,,PRIORITY,,EST,,_Z,,INVENTOR,,_Z,,_Z,,_T,,2019,,53.898499,,A,,1,,0,
DATAFLOW,OECD.STI.PIE:DSD_PATENTS@DF_PATENTS_OECDSPECIFIC(1.0),,I,9P50_3,,A,,PF,,PATN_FM,,PRIORITY,,PRK,,_Z,,INVENTOR,,_Z,,_Z,,_T,,2019,,3.6777999,,A,,1,,0,
DATAFLOW,OECD.STI.PIE:DSD_PATENTS@DF_PATENTS_OECDSPECIFIC(1.0),,I,9P50_3,,A,,PF,,PATN_FM,,PRIORITY,,URY,,_Z,,INVENTOR,,_Z,,_Z,,_T,,2019,,8.6524,,A,,1,,0,
DATAFLOW,OECD.STI.PIE:DSD_PATENTS@DF_PATENTS_OECDSPECIFIC(1.0),,I,9P50_3,,A,,PF,,PATN_FM,,PRIORITY,,DNK,,_Z,,INVENTOR,,_Z,,_Z,,_T,,2019,,1377.3956,,A,,1,,0,
DATAFLOW,OECD.STI.PIE:DSD_PATENTS@DF_PATENTS_OECDSPECIFIC(1.0),,I,9P50_3,,A,,PF,,PATN_FM,,PRIORITY,,IRN,,_Z,,INVENTOR,,_Z,,_Z,,_T,,2019,,16.4667,,A,,1,,0,
DATAFLOW,OECD.STI.PIE:DSD_PATENTS@DF_PATENTS_OECDSPECIFIC(1.0),,I,9P50_3,,A,,PF,,PATN_FM,,PRIORITY,,ARE,,_Z,,INVENTOR,,_Z,,_Z,,_T,,2019,,68.125397,,A,,1,,0,
DATAFLOW,OECD.STI.PIE:DSD_PATENTS@DF_PATENTS_OECDSPECIFIC(1.0),,I,9P50_3,,A,,PF,,PATN_FM,,PRIORITY,,MAR,,_Z,,INVENTOR,,_Z,,_Z,,_T,,2019,,12.125,,A,,1,,0,
DATAFLOW,OECD.STI.PIE:DSD_PATENTS@DF_PATENTS_OECDSPECIFIC(1.0),,I,9P50_3,,A,,PF,,PATN_FM,,PRIORITY,,SGP,,_Z,,INVENTOR,,_Z,,_Z,,_T,,2019,,851.83337,,A,,1,,0,
DATAFLOW,OECD.STI.PIE:DSD_PATENTS@DF_PATENTS_OECDSPECIFIC(1.0),,I,9P50_3,,A,,PF,,PATN_FM,,PRIORITY,,AUS,,_Z,,INVENTOR,,_Z,,_Z,,_T,,2019,,1513.9366,,A,,1,,0,
DATAFLOW,OECD.STI.PIE:DSD_PATENTS@DF_PATENTS_OECDSPECIFIC(1.0),,I,9P50_3,,A,,PF,,PATN_FM,,PRIORITY,,PRT,,_Z,,INVENTOR,,_Z,,_Z,,_T,,2019,,198.1748,,A,,1,,0,
DATAFLOW,OECD.STI.PIE:DSD_PATENTS@DF_PATENTS_OECDSPECIFIC(1.0),,I,9P50_3,,A,,PF,,PATN_FM,,PRIORITY,,IDN,,_Z,,INVENTOR,,_Z,,_Z,,_T,,2019,,15.1095,,A,,1,,0,
DATAFLOW,OECD.STI.PIE:DSD_PATENTS@DF_PATENTS_OECDSPECIFIC(1.0),,I,9P50_3,,A,,PF,,PATN_FM,,PRIORITY,,ITA,,_Z,,INVENTOR,,_Z,,_Z,,_T,,2019,,4990.5698,,A,,1,,0,
DATAFLOW,OECD.STI.PIE:DSD_PATENTS@DF_PATENTS_OECDSPECIFIC(1.0),,I,9P50_3,,A,,PF,,PATN_FM,,PRIORITY,,TUR,,_Z,,INVENTOR,,_Z,,_Z,,_T,,2019,,550.82813,,A,,1,,0,
DATAFLOW,OECD.STI.PIE:DSD_PATENTS@DF_PATENTS_OECDSPECIFIC(1.0),,I,9P50_3,,A,,PF,,PATN_FM,,PRIORITY,,PER,,_Z,,INVENTOR,,_Z,,_Z,,_T,,2019,,14.1381,,A,,1,,0,
DATAFLOW,OECD.STI.PIE:DSD_PATENTS@DF_PATENTS_OECDSPECIFIC(1.0),,I,9P50_3,,A,,PF,,PATN_FM,,PRIORITY,,JOR,,_Z,,INVENTOR,,_Z,,_Z,,_T,,2019,,6.4166999,,A,,1,,0,
DATAFLOW,OECD.STI.PIE:DSD_PATENTS@DF_PATENTS_OECDSPECIFIC(1.0),,I,9P50_3,,A,,PF,,PATN_FM,,PRIORITY,,VEN,,_Z,,INVENTOR,,_Z,,_Z,,_T,,2019,,1.5,,A,,1,,0,
DATAFLOW,OECD.STI.PIE:DSD_PATENTS@DF_PATENTS_OECDSPECIFIC(1.0),,I,9P50_3,,A,,PF,,PATN_FM,,PRIORITY,,BGR,,_Z,,INVENTOR,,_Z,,_Z,,_T,,2019,,45.559502,,A,,1,,0,
DATAFLOW,OECD.STI.PIE:DSD_PATENTS@DF_PATENTS_OECDSPECIFIC(1.0),,I,9P50_3,,A,,PF,,PATN_FM,,PRIORITY,,ISL,,_Z,,INVENTOR,,_Z,,_Z,,_T,,2019,,36.0667,,A,,1,,0,
DATAFLOW,OECD.STI.PIE:DSD_PATENTS@DF_PATENTS_OECDSPECIFIC(1.0),,I,9P50_3,,A,,PF,,PATN_FM,,PRIORITY,,MEX,,_Z,,INVENTOR,,_Z,,_Z,,_T,,2019,,180.9238,,A,,1,,0,
DATAFLOW,OECD.STI.PIE:DSD_PATENTS@DF_PATENTS_OECDSPECIFIC(1.0),,I,9P50_3,,A,,PF,,PATN_FM,,PRIORITY,,ROU,,_Z,,INVENTOR,,_Z,,_Z,,_T,,2019,,82.219002,,A,,1,,0,
DATAFLOW,OECD.STI.PIE:DSD_PATENTS@DF_PATENTS_OECDSPECIFIC(1.0),,I,9P50_3,,A,,PF,,PATN_FM,,PRIORITY,,SVN,,_Z,,INVENTOR,,_Z,,_Z,,_T,,2019,,135.1032,,A,,1,,0,
DATAFLOW,OECD.STI.PIE:DSD_PATENTS@DF_PATENTS_OECDSPECIFIC(1.0),,I,9P50_3,,A,,PF,,PATN_FM,,PRIORITY,,CYM,,_Z,,INVENTOR,,_Z,,_Z,,_T,,2019,,5.75,,A,,1,,0,
DATAFLOW,OECD.STI.PIE:DSD_PATENTS@DF_PATENTS_OECDSPECIFIC(1.0),,I,9P50_3,,A,,PF,,PATN_FM,,PRIORITY,,CYM,,_Z,,INVENTOR,,_Z,,_Z,,_T,,2020,,9.2082996,,A,,1,,0,
DATAFLOW,OECD.STI.PIE:DSD_PATENTS@DF_PATENTS_OECDSPECIFIC(1.0),,I,9P50_3,,A,,PF,,PATN_FM,,PRIORITY,,SVN,,_Z,,INVENTOR,,_Z,,_Z,,_T,,2020,,118.6201,,A,,1,,0,
DATAFLOW,OECD.STI.PIE:DSD_PATENTS@DF_PATENTS_OECDSPECIFIC(1.0),,I,9P50_3,,A,,PF,,PATN_FM,,PRIORITY,,ROU,,_Z,,INVENTOR,,_Z,,_Z,,_T,,2020,,87.931503,,A,,1,,0,
DATAFLOW,OECD.STI.PIE:DSD_PATENTS@DF_PATENTS_OECDSPECIFIC(1.0),,I,9P50_3,,A,,PF,,PATN_FM,,PRIORITY,,MEX,,_Z,,INVENTOR,,_Z,,_Z,,_T,,2020,,160.42,,A,,1,,0,
DATAFLOW,OECD.STI.PIE:DSD_PATENTS@DF_PATENTS_OECDSPECIFIC(1.0),,I,9P50_3,,A,,PF,,PATN_FM,,PRIORITY,,ISL,,_Z,,INVENTOR,,_Z,,_Z,,_T,,2020,,24.9,,A,,1,,0,
DATAFLOW,OECD.STI.PIE:DSD_PATENTS@DF_PATENTS_OECDSPECIFIC(1.0),,I,9P50_3,,A,,PF,,PATN_FM,,PRIORITY,,BGR,,_Z,,INVENTOR,,_Z,,_Z,,_T,,2020,,48.495201,,A,,1,,0,
DATAFLOW,OECD.STI.PIE:DSD_PATENTS@DF_PATENTS_OECDSPECIFIC(1.0),,I,9P50_3,,A,,PF,,PATN_FM,,PRIORITY,,VEN,,_Z,,INVENTOR,,_Z,,_Z,,_T,,2020,,1.8583,,A,,1,,0,
DATAFLOW,OECD.STI.PIE:DSD_PATENTS@DF_PATENTS_OECDSPECIFIC(1.0),,I,9P50_3,,A,,PF,,PATN_FM,,PRIORITY,,JOR,,_Z,,INVENTOR,,_Z,,_Z,,_T,,2020,,4.4166999,,A,,1,,0,
DATAFLOW,OECD.STI.PIE:DSD_PATENTS@DF_PATENTS_OECDSPECIFIC(1.0),,I,9P50_3,,A,,PF,,PATN_FM,,PRIORITY,,PER,,_Z,,INVENTOR,,_Z,,_Z,,_T,,2020,,13.1361,,A,,1,,0,
DATAFLOW,OECD.STI.PIE:DSD_PATENTS@DF_PATENTS_OECDSPECIFIC(1.0),,I,9P50_3,,A,,PF,,PATN_FM,,PRIORITY,,TUR,,_Z,,INVENTOR,,_Z,,_Z,,_T,,2020,,653.47998,,A,,1,,0,
DATAFLOW,OECD.STI.PIE:DSD_PATENTS@DF_PATENTS_OECDSPECIFIC(1.0),,I,9P50_3,,A,,PF,,PATN_FM,,PRIORITY,,ITA,,_Z,,INVENTOR,,_Z,,_Z,,_T,,2020,,4755.9829,,A,,1,,0,
DATAFLOW,OECD.STI.PIE:DSD_PATENTS@DF_PATENTS_OECDSPECIFIC(1.0),,I,9P50_3,,A,,PF,,PATN_FM,,PRIORITY,,IDN,,_Z,,INVENTOR,,_Z,,_Z,,_T,,2020,,19.947599,,A,,1,,0,
DATAFLOW,OECD.STI.PIE:DSD_PATENTS@DF_PATENTS_OECDSPECIFIC(1.0),,I,9P50_3,,A,,PF,,PATN_FM,,PRIORITY,,PRT,,_Z,,INVENTOR,,_Z,,_Z,,_T,,2020,,176.34531,,A,,1,,0,
DATAFLOW,OECD.STI.PIE:DSD_PATENTS@DF_PATENTS_OECDSPECIFIC(1.0),,I,9P50_3,,A,,PF,,PATN_FM,,PRIORITY,,AUS,,_Z,,INVENTOR,,_Z,,_Z,,_T,,2020,,1481.6298,,A,,1,,0,
DATAFLOW,OECD.STI.PIE:DSD_PATENTS@DF_PATENTS_OECDSPECIFIC(1.0),,I,9P50_3,,A,,PF,,PATN_FM,,PRIORITY,,SGP,,_Z,,INVENTOR,,_Z,,_Z,,_T,,2020,,920.20331,,A,,1,,0,
DATAFLOW,OECD.STI.PIE:DSD_PATENTS@DF_PATENTS_OECDSPECIFIC(1.0),,I,9P50_3,,A,,PF,,PATN_FM,,PRIORITY,,MAR,,_Z,,INVENTOR,,_Z,,_Z,,_T,,2020,,22.108299,,A,,1,,0,
DATAFLOW,OECD.STI.PIE:DSD_PATENTS@DF_PATENTS_OECDSPECIFIC(1.0),,I,9P50_3,,A,,PF,,PATN_FM,,PRIORITY,,ARE,,_Z,,INVENTOR,,_Z,,_Z,,_T,,2020,,63.722198,,A,,1,,0,
DATAFLOW,OECD.STI.PIE:DSD_PATENTS@DF_PATENTS_OECDSPECIFIC(1.0),,I,9P50_3,,A,,PF,,PATN_FM,,PRIORITY,,IRN,,_Z,,INVENTOR,,_Z,,_Z,,_T,,2020,,18.188499,,A,,1,,0,
DATAFLOW,OECD.STI.PIE:DSD_PATENTS@DF_PATENTS_OECDSPECIFIC(1.0),,I,9P50_3,,A,,PF,,PATN_FM,,PRIORITY,,DNK,,_Z,,INVENTOR,,_Z,,_Z,,_T,,2020,,1490.8243,,A,,1,,0,
DATAFLOW,OECD.STI.PIE:DSD_PATENTS@DF_PATENTS_OECDSPECIFIC(1.0),,I,9P50_3,,A,,PF,,PATN_FM,,PRIORITY,,URY,,_Z,,INVENTOR,,_Z,,_Z,,_T,,2020,,4.3333001,,A,,1,,0,
DATAFLOW,OECD.STI.PIE:DSD_PATENTS@DF_PATENTS_OECDSPECIFIC(1.0),,I,9P50_3,,A,,PF,,PATN_FM,,PRIORITY,,PRK,,_Z,,INVENTOR,,_Z,,_Z,,_T,,2020,,3.7167001,,A,,1,,0,
DATAFLOW,OECD.STI.PIE:DSD_PATENTS@DF_PATENTS_OECDSPECIFIC(1.0),,I,9P50_3,,A,,PF,,PATN_FM,,PRIORITY,,EST,,_Z,,INVENTOR,,_Z,,_Z,,_T,,2020,,47.783298,,A,,1,,0,
DATAFLOW,OECD.STI.PIE:DSD_PATENTS@DF_PATENTS_OECDSPECIFIC(1.0),,I,9P50_3,,A,,PF,,PATN_FM,,PRIORITY,,MKD,,_Z,,INVENTOR,,_Z,,_Z,,_T,,2020,,5,,A,,1,,0,
DATAFLOW,OECD.STI.PIE:DSD_PATENTS@DF_PATENTS_OECDSPECIFIC(1.0),,I,9P50_3,,A,,PF,,PATN_FM,,PRIORITY,,DEU,,_Z,,INVENTOR,,_Z,,_Z,,_T,,2020,,23480.148,,A,,1,,0,
DATAFLOW,OECD.STI.PIE:DSD_PATENTS@DF_PATENTS_OECDSPECIFIC(1.0),,I,9P50_3,,A,,PF,,PATN_FM,,PRIORITY,,PHL,,_Z,,INVENTOR,,_Z,,_Z,,_T,,2020,,44.519501,,A,,1,,0,
DATAFLOW,OECD.STI.PIE:DSD_PATENTS@DF_PATENTS_OECDSPECIFIC(1.0),,I,9P50_3,,A,,PF,,PATN_FM,,PRIORITY,,ECU,,_Z,,INVENTOR,,_Z,,_Z,,_T,,2020,,1.2,,A,,1,,0,
DATAFLOW,OECD.STI.PIE:DSD_PATENTS@DF_PATENTS_OECDSPECIFIC(1.0),,I,9P50_3,,A,,PF,,PATN_FM,,PRIORITY,,COL,,_Z,,INVENTOR,,_Z,,_Z,,_T,,2020,,41.961102,,A,,1,,0,
DATAFLOW,OECD.STI.PIE:DSD_PATENTS@DF_PATENTS_OECDSPECIFIC(1.0),,I,9P50_3,,A,,PF,,PATN_FM,,PRIORITY,,W,,_Z,,INVENTOR,,_Z,,_Z,,_T,,2020,,280532,,A,,1,,0,
DATAFLOW,OECD.STI.PIE:DSD_PATENTS@DF_PATENTS_OECDSPECIFIC(1.0),,I,9P50_3,,A,,PF,,PATN_FM,,PRIORITY,,NZL,,_Z,,INVENTOR,,_Z,,_Z,,_T,,2020,,257.4624,,A,,1,,0,
DATAFLOW,OECD.STI.PIE:DSD_PATENTS@DF_PATENTS_OECDSPECIFIC(1.0),,I,9P50_3,,A,,PF,,PATN_FM,,PRIORITY,,LIE,,_Z,,INVENTOR,,_Z,,_Z,,_T,,2020,,24.6679,,A,,1,,0,
DATAFLOW,OECD.STI.PIE:DSD_PATENTS@DF_PATENTS_OECDSPECIFIC(1.0),,I,9P50_3,,A,,PF,,PATN_FM,,PRIORITY,,BRA,,_Z,,INVENTOR,,_Z,,_Z,,_T,,2020,,503.61539,,A,,1,,0,
DATAFLOW,OECD.STI.PIE:DSD_PATENTS@DF_PATENTS_OECDSPECIFIC(1.0),,I,9P50_3,,A,,PF,,PATN_FM,,PRIORITY,,NLD,,_Z,,INVENTOR,,_Z,,_Z,,_T,,2020,,3300.6052,,A,,1,,0,
DATAFLOW,OECD.STI.PIE:DSD_PATENTS@DF_PATENTS_OECDSPECIFIC(1.0),,I,9P50_3,,A,,PF,,PATN_FM,,PRIORITY,,BEL,,_Z,,INVENTOR,,_Z,,_Z,,_T,,2020,,1596.0525,,A,,1,,0,
DATAFLOW,OECD.STI.PIE:DSD_PATENTS@DF_PATENTS_OECDSPECIFIC(1.0),,I,9P50_3,,A,,PF,,PATN_FM,,PRIORITY,,MYS,,_Z,,INVENTOR,,_Z,,_Z,,_T,,2020,,199.6279,,A,,1,,0,
DATAFLOW,OECD.STI.PIE:DSD_PATENTS@DF_PATENTS_OECDSPECIFIC(1.0),,I,9P50_3,,A,,PF,,PATN_FM,,PRIORITY,,UKR,,_Z,,INVENTOR,,_Z,,_Z,,_T,,2020,,85.599503,,A,,1,,0,
DATAFLOW,OECD.STI.PIE:DSD_PATENTS@DF_PATENTS_OECDSPECIFIC(1.0),,I,9P50_3,,A,,PF,,PATN_FM,,PRIORITY,,CRI,,_Z,,INVENTOR,,_Z,,_Z,,_T,,2020,,18.643299,,A,,1,,0,
DATAFLOW,OECD.STI.PIE:DSD_PATENTS@DF_PATENTS_OECDSPECIFIC(1.0),,I,9P50_3,,A,,PF,,PATN_FM,,PRIORITY,,RUS,,_Z,,INVENTOR,,_Z,,_Z,,_T,,2020,,502.40491,,A,,1,,0,
DATAFLOW,OECD.STI.PIE:DSD_PATENTS@DF_PATENTS_OECDSPECIFIC(1.0),,I,9P50_3,,A,,PF,,PATN_FM,,PRIORITY,,HUN,,_Z,,INVENTOR,,_Z,,_Z,,_T,,2020,,202.85159,,A,,1,,0,
DATAFLOW,OECD.STI.PIE:DSD_PATENTS@DF_PATENTS_OECDSPECIFIC(1.0),,I,9P50_3,,A,,PF,,PATN_FM,,PRIORITY,,ESP,,_Z,,INVENTOR,,_Z,,_Z,,_T,,2020,,1529.7076,,A,,1,,0,
DATAFLOW,OECD.STI.PIE:DSD_PATENTS@DF_PATENTS_OECDSPECIFIC(1.0),,I,9P50_3,,A,,PF,,PATN_FM,,PRIORITY,,OECD,,_Z,,INVENTOR,,_Z,,_Z,,_T,,2020,,216571.03,,A,,1,,0,
DATAFLOW,OECD.STI.PIE:DSD_PATENTS@DF_PATENTS_OECDSPECIFIC(1.0),,I,9P50_3,,A,,PF,,PATN_FM,,PRIORITY,,TWN,,_Z,,INVENTOR,,_Z,,_Z,,_T,,2020,,10692.884,,A,,1,,0,
DATAFLOW,OECD.STI.PIE:DSD_PATENTS@DF_PATENTS_OECDSPECIFIC(1.0),,I,9P50_3,,A,,PF,,PATN_FM,,PRIORITY,,ARM,,_Z,,INVENTOR,,_Z,,_Z,,_T,,2020,,2.8333001,,A,,1,,0,
DATAFLOW,OECD.STI.PIE:DSD_PATENTS@DF_PATENTS_OECDSPECIFIC(1.0),,I,9P50_3,,A,,PF,,PATN_FM,,PRIORITY,,MLT,,_Z,,INVENTOR,,_Z,,_Z,,_T,,2020,,25.5,,A,,1,,0,
DATAFLOW,OECD.STI.PIE:DSD_PATENTS@DF_PATENTS_OECDSPECIFIC(1.0),,I,9P50_3,,A,,PF,,PATN_FM,,PRIORITY,,BIH,,_Z,,INVENTOR,,_Z,,_Z,,_T,,2020,,6.5833001,,A,,1,,0,
DATAFLOW,OECD.STI.PIE:DSD_PATENTS@DF_PATENTS_OECDSPECIFIC(1.0),,I,9P50_3,,A,,PF,,PATN_FM,,PRIORITY,,THA,,_Z,,INVENTOR,,_Z,,_Z,,_T,,2020,,81.209602,,A,,1,,0,
DATAFLOW,OECD.STI.PIE:DSD_PATENTS@DF_PATENTS_OECDSPECIFIC(1.0),,I,9P50_3,,A,,PF,,PATN_FM,,PRIORITY,,ZAF,,_Z,,INVENTOR,,_Z,,_Z,,_T,,2020,,153.5929,,A,,1,,0,
DATAFLOW,OECD.STI.PIE:DSD_PATENTS@DF_PATENTS_OECDSPECIFIC(1.0),,I,9P50_3,,A,,PF,,PATN_FM,,PRIORITY,,PRI,,_Z,,INVENTOR,,_Z,,_Z,,_T,,2020,,2.7214,,A,,1,,0,
DATAFLOW,OECD.STI.PIE:DSD_PATENTS@DF_PATENTS_OECDSPECIFIC(1.0),,I,9P50_3,,A,,PF,,PATN_FM,,PRIORITY,,ISR,,_Z,,INVENTOR,,_Z,,_Z,,_T,,2020,,2485.2241,,A,,1,,0,
DATAFLOW,OECD.STI.PIE:DSD_PATENTS@DF_PATENTS_OECDSPECIFIC(1.0),,I,9P50_3,,A,,PF,,PATN_FM,,PRIORITY,,SVK,,_Z,,INVENTOR,,_Z,,_Z,,_T,,2020,,72.274498,,A,,1,,0,
DATAFLOW,OECD.STI.PIE:DSD_PATENTS@DF_PATENTS_OECDSPECIFIC(1.0),,I,9P50_3,,A,,PF,,PATN_FM,,PRIORITY,,CYP,,_Z,,INVENTOR,,_Z,,_Z,,_T,,2020,,17.9641,,A,,1,,0,
DATAFLOW,OECD.STI.PIE:DSD_PATENTS@DF_PATENTS_OECDSPECIFIC(1.0),,I,9P50_3,,A,,PF,,PATN_FM,,PRIORITY,,GBR,,_Z,,INVENTOR,,_Z,,_Z,,_T,,2020,,6604.7368,,A,,1,,0,
DATAFLOW,OECD.STI.PIE:DSD_PATENTS@DF_PATENTS_OECDSPECIFIC(1.0),,I,9P50_3,,A,,PF,,PATN_FM,,PRIORITY,,SAU,,_Z,,INVENTOR,,_Z,,_Z,,_T,,2020,,598.05328,,A,,1,,0,
DATAFLOW,OECD.STI.PIE:DSD_PATENTS@DF_PATENTS_OECDSPECIFIC(1.0),,I,9P50_3,,A,,PF,,PATN_FM,,PRIORITY,,JAM,,_Z,,INVENTOR,,_Z,,_Z,,_T,,2020,,1.1429,,A,,1,,0,
DATAFLOW,OECD.STI.PIE:DSD_PATENTS@DF_PATENTS_OECDSPECIFIC(1.0),,I,9P50_3,,A,,PF,,PATN_FM,,PRIORITY,,EGY,,_Z,,INVENTOR,,_Z,,_Z,,_T,,2020,,19.9615,,A,,1,,0,
DATAFLOW,OECD.STI.PIE:DSD_PATENTS@DF_PATENTS_OECDSPECIFIC(1.0),,I,9P50_3,,A,,PF,,PATN_FM,,PRIORITY,,UZB,,_Z,,INVENTOR,,_Z,,_Z,,_T,,2020,,0.1111,,A,,1,,0,
DATAFLOW,OECD.STI.PIE:DSD_PATENTS@DF_PATENTS_OECDSPECIFIC(1.0),,I,9P50_3,,A,,PF,,PATN_FM,,PRIORITY,,LBN,,_Z,,INVENTOR,,_Z,,_Z,,_T,,2020,,12.531,,A,,1,,0,
DATAFLOW,OECD.STI.PIE:DSD_PATENTS@DF_PATENTS_OECDSPECIFIC(1.0),,I,9P50_3,,A,,PF,,PATN_FM,,PRIORITY,,AUT,,_Z,,INVENTOR,,_Z,,_Z,,_T,,2020,,2004.5804,,A,,1,,0,
DATAFLOW,OECD.STI.PIE:DSD_PATENTS@DF_PATENTS_OECDSPECIFIC(1.0),,I,9P50_3,,A,,PF,,PATN_FM,,PRIORITY,,KOR,,_Z,,INVENTOR,,_Z,,_Z,,_T,,2020,,27746.234,,A,,1,,0,
DATAFLOW,OECD.STI.PIE:DSD_PATENTS@DF_PATENTS_OECDSPECIFIC(1.0),,I,9P50_3,,A,,PF,,PATN_FM,,PRIORITY,,ARG,,_Z,,INVENTOR,,_Z,,_Z,,_T,,2020,,76.924202,,A,,1,,0,
DATAFLOW,OECD.STI.PIE:DSD_PATENTS@DF_PATENTS_OECDSPECIFIC(1.0),,I,9P50_3,,A,,PF,,PATN_FM,,PRIORITY,,IND,,_Z,,INVENTOR,,_Z,,_Z,,_T,,2020,,3023.4426,,A,,1,,0,
DATAFLOW,OECD.STI.PIE:DSD_PATENTS@DF_PATENTS_OECDSPECIFIC(1.0),,I,9P50_3,,A,,PF,,PATN_FM,,PRIORITY,,CHE,,_Z,,INVENTOR,,_Z,,_Z,,_T,,2020,,3281.4502,,A,,1,,0,
DATAFLOW,OECD.STI.PIE:DSD_PATENTS@DF_PATENTS_OECDSPECIFIC(1.0),,I,9P50_3,,A,,PF,,PATN_FM,,PRIORITY,,FIN,,_Z,,INVENTOR,,_Z,,_Z,,_T,,2020,,1444.2083,,A,,1,,0,
DATAFLOW,OECD.STI.PIE:DSD_PATENTS@DF_PATENTS_OECDSPECIFIC(1.0),,I,9P50_3,,A,,PF,,PATN_FM,,PRIORITY,,LTU,,_Z,,INVENTOR,,_Z,,_Z,,_T,,2020,,55.383301,,A,,1,,0,
DATAFLOW,OECD.STI.PIE:DSD_PATENTS@DF_PATENTS_OECDSPECIFIC(1.0),,I,9P50_3,,A,,PF,,PATN_FM,,PRIORITY,,LKA,,_Z,,INVENTOR,,_Z,,_Z,,_T,,2020,,16.508301,,A,,1,,0,
DATAFLOW,OECD.STI.PIE:DSD_PATENTS@DF_PATENTS_OECDSPECIFIC(1.0),,I,9P50_3,,A,,PF,,PATN_FM,,PRIORITY,,EU27_2020,,_Z,,INVENTOR,,_Z,,_Z,,_T,,2020,,54133.145,,A,,1,,0,
DATAFLOW,OECD.STI.PIE:DSD_PATENTS@DF_PATENTS_OECDSPECIFIC(1.0),,I,9P50_3,,A,,PF,,PATN_FM,,PRIORITY,,TUN,,_Z,,INVENTOR,,_Z,,_Z,,_T,,2020,,7.3428998,,A,,1,,0,
DATAFLOW,OECD.STI.PIE:DSD_PATENTS@DF_PATENTS_OECDSPECIFIC(1.0),,I,9P50_3,,A,,PF,,PATN_FM,,PRIORITY,,GEO,,_Z,,INVENTOR,,_Z,,_Z,,_T,,2020,,3.25,,A,,1,,0,
DATAFLOW,OECD.STI.PIE:DSD_PATENTS@DF_PATENTS_OECDSPECIFIC(1.0),,I,9P50_3,,A,,PF,,PATN_FM,,PRIORITY,,CZE,,_Z,,INVENTOR,,_Z,,_Z,,_T,,2020,,340.86209,,A,,1,,0,
DATAFLOW,OECD.STI.PIE:DSD_PATENTS@DF_PATENTS_OECDSPECIFIC(1.0),,I,9P50_3,,A,,PF,,PATN_FM,,PRIORITY,,MNG,,_Z,,INVENTOR,,_Z,,_Z,,_T,,2020,,0.91670001,,A,,1,,0,
DATAFLOW,OECD.STI.PIE:DSD_PATENTS@DF_PATENTS_OECDSPECIFIC(1.0),,I,9P50_3,,A,,PF,,PATN_FM,,PRIORITY,,GRC,,_Z,,INVENTOR,,_Z,,_Z,,_T,,2020,,139.4035,,A,,1,,0,
DATAFLOW,OECD.STI.PIE:DSD_PATENTS@DF_PATENTS_OECDSPECIFIC(1.0),,I,9P50_3,,A,,PF,,PATN_FM,,PRIORITY,,JPN,,_Z,,INVENTOR,,_Z,,_Z,,_T,,2020,,62172.16,,A,,1,,0,
DATAFLOW,OECD.STI.PIE:DSD_PATENTS@DF_PATENTS_OECDSPECIFIC(1.0),,I,9P50_3,,A,,PF,,PATN_FM,,PRIORITY,,DZA,,_Z,,INVENTOR,,_Z,,_Z,,_T,,2020,,3.125,,A,,1,,0,
DATAFLOW,OECD.STI.PIE:DSD_PATENTS@DF_PATENTS_OECDSPECIFIC(1.0),,I,9P50_3,,A,,PF,,PATN_FM,,PRIORITY,,IRL,,_Z,,INVENTOR,,_Z,,_Z,,_T,,2020,,583.91333,,A,,1,,0,
DATAFLOW,OECD.STI.PIE:DSD_PATENTS@DF_PATENTS_OECDSPECIFIC(1.0),,I,9P50_3,,A,,PF,,PATN_FM,,PRIORITY,,HRV,,_Z,,INVENTOR,,_Z,,_Z,,_T,,2020,,28.3417,,A,,1,,0,
DATAFLOW,OECD.STI.PIE:DSD_PATENTS@DF_PATENTS_OECDSPECIFIC(1.0),,I,9P50_3,,A,,PF,,PATN_FM,,PRIORITY,,MCO,,_Z,,INVENTOR,,_Z,,_Z,,_T,,2020,,18.1667,,A,,1,,0,
DATAFLOW,OECD.STI.PIE:DSD_PATENTS@DF_PATENTS_OECDSPECIFIC(1.0),,I,9P50_3,,A,,PF,,PATN_FM,,PRIORITY,,DJI,,_Z,,INVENTOR,,_Z,,_Z,,_T,,2020,,1.0595,,A,,1,,0,
DATAFLOW,OECD.STI.PIE:DSD_PATENTS@DF_PATENTS_OECDSPECIFIC(1.0),,I,9P50_3,,A,,PF,,PATN_FM,,PRIORITY,,KEN,,_Z,,INVENTOR,,_Z,,_Z,,_T,,2020,,3.2291999,,A,,1,,0,
DATAFLOW,OECD.STI.PIE:DSD_PATENTS@DF_PATENTS_OECDSPECIFIC(1.0),,I,9P50_3,,A,,PF,,PATN_FM,,PRIORITY,,FRA,,_Z,,INVENTOR,,_Z,,_Z,,_T,,2020,,8820.5928,,A,,1,,0,
DATAFLOW,OECD.STI.PIE:DSD_PATENTS@DF_PATENTS_OECDSPECIFIC(1.0),,I,9P50_3,,A,,PF,,PATN_FM,,PRIORITY,,PAK,,_Z,,INVENTOR,,_Z,,_Z,,_T,,2020,,8.375,,A,,1,,0,
DATAFLOW,OECD.STI.PIE:DSD_PATENTS@DF_PATENTS_OECDSPECIFIC(1.0),,I,9P50_3,,A,,PF,,PATN_FM,,PRIORITY,,KAZ,,_Z,,INVENTOR,,_Z,,_Z,,_T,,2020,,3.6935999,,A,,1,,0,
DATAFLOW,OECD.STI.PIE:DSD_PATENTS@DF_PATENTS_OECDSPECIFIC(1.0),,I,9P50_3,,A,,PF,,PATN_FM,,PRIORITY,,BLR,,_Z,,INVENTOR,,_Z,,_Z,,_T,,2020,,18.234501,,A,,1,,0,
DATAFLOW,OECD.STI.PIE:DSD_PATENTS@DF_PATENTS_OECDSPECIFIC(1.0),,I,9P50_3,,A,,PF,,PATN_FM,,PRIORITY,,NOR,,_Z,,INVENTOR,,_Z,,_Z,,_T,,2020,,592.5506,,A,,1,,0,
DATAFLOW,OECD.STI.PIE:DSD_PATENTS@DF_PATENTS_OECDSPECIFIC(1.0),,I,9P50_3,,A,,PF,,PATN_FM,,PRIORITY,,CHL,,_Z,,INVENTOR,,_Z,,_Z,,_T,,2020,,76.704002,,A,,1,,0,
DATAFLOW,OECD.STI.PIE:DSD_PATENTS@DF_PATENTS_OECDSPECIFIC(1.0),,I,9P50_3,,A,,PF,,PATN_FM,,PRIORITY,,AND,,_Z,,INVENTOR,,_Z,,_Z,,_T,,2020,,2.6666999,,A,,1,,0,
DATAFLOW,OECD.STI.PIE:DSD_PATENTS@DF_PATENTS_OECDSPECIFIC(1.0),,I,9P50_3,,A,,PF,,PATN_FM,,PRIORITY,,POL,,_Z,,INVENTOR,,_Z,,_Z,,_T,,2020,,623.67853,,A,,1,,0,
DATAFLOW,OECD.STI.PIE:DSD_PATENTS@DF_PATENTS_OECDSPECIFIC(1.0),,I,9P50_3,,A,,PF,,PATN_FM,,PRIORITY,,LUX,,_Z,,INVENTOR,,_Z,,_Z,,_T,,2020,,123.0337,,A,,1,,0,
DATAFLOW,OECD.STI.PIE:DSD_PATENTS@DF_PATENTS_OECDSPECIFIC(1.0),,I,9P50_3,,A,,PF,,PATN_FM,,PRIORITY,,CAN,,_Z,,INVENTOR,,_Z,,_Z,,_T,,2020,,4186.248,,A,,1,,0,
DATAFLOW,OECD.STI.PIE:DSD_PATENTS@DF_PATENTS_OECDSPECIFIC(1.0),,I,9P50_3,,A,,PF,,PATN_FM,,PRIORITY,,CHN,,_Z,,INVENTOR,,_Z,,_Z,,_T,,2020,,46107.93,,A,,1,,0,
DATAFLOW,OECD.STI.PIE:DSD_PATENTS@DF_PATENTS_OECDSPECIFIC(1.0),,I,9P50_3,,A,,PF,,PATN_FM,,PRIORITY,,PAN,,_Z,,INVENTOR,,_Z,,_Z,,_T,,2020,,0.58329999,,A,,1,,0,
DATAFLOW,OECD.STI.PIE:DSD_PATENTS@DF_PATENTS_OECDSPECIFIC(1.0),,I,9P50_3,,A,,PF,,PATN_FM,,PRIORITY,,HKG,,_Z,,INVENTOR,,_Z,,_Z,,_T,,2020,,279.73318,,A,,1,,0,
DATAFLOW,OECD.STI.PIE:DSD_PATENTS@DF_PATENTS_OECDSPECIFIC(1.0),,I,9P50_3,,A,,PF,,PATN_FM,,PRIORITY,,SYC,,_Z,,INVENTOR,,_Z,,_Z,,_T,,2020,,2.0667,,A,,1,,0,
DATAFLOW,OECD.STI.PIE:DSD_PATENTS@DF_PATENTS_OECDSPECIFIC(1.0),,I,9P50_3,,A,,PF,,PATN_FM,,PRIORITY,,MDA,,_Z,,INVENTOR,,_Z,,_Z,,_T,,2020,,1.5,,A,,1,,0,
DATAFLOW,OECD.STI.PIE:DSD_PATENTS@DF_PATENTS_OECDSPECIFIC(1.0),,I,9P50_3,,A,,PF,,PATN_FM,,PRIORITY,,KWT,,_Z,,INVENTOR,,_Z,,_Z,,_T,,2020,,0.2,,A,,1,,0,
DATAFLOW,OECD.STI.PIE:DSD_PATENTS@DF_PATENTS_OECDSPECIFIC(1.0),,I,9P50_3,,A,,PF,,PATN_FM,,PRIORITY,,NGA,,_Z,,INVENTOR,,_Z,,_Z,,_T,,2020,,0.83329999,,A,,1,,0,
DATAFLOW,OECD.STI.PIE:DSD_PATENTS@DF_PATENTS_OECDSPECIFIC(1.0),,I,9P50_3,,A,,PF,,PATN_FM,,PRIORITY,,USA,,_Z,,INVENTOR,,_Z,,_Z,,_T,,2020,,52862.313,,A,,1,,0,
DATAFLOW,OECD.STI.PIE:DSD_PATENTS@DF_PATENTS_OECDSPECIFIC(1.0),,I,9P50_3,,A,,PF,,PATN_FM,,PRIORITY,,SWE,,_Z,,INVENTOR,,_Z,,_Z,,_T,,2020,,2991.509,,A,,1,,0,
DATAFLOW,OECD.STI.PIE:DSD_PATENTS@DF_PATENTS_OECDSPECIFIC(1.0),,I,9P50_3,,A,,PF,,PATN_FM,,PRIORITY,,CUB,,_Z,,INVENTOR,,_Z,,_Z,,_T,,2020,,13.9714,,A,,1,,0,
DATAFLOW,OECD.STI.PIE:DSD_PATENTS@DF_PATENTS_OECDSPECIFIC(1.0),,I,9P50_3,,A,,PF,,PATN_FM,,PRIORITY,,LVA,,_Z,,INVENTOR,,_Z,,_Z,,_T,,2020,,26.5513,,A,,1,,0,
DATAFLOW,OECD.STI.PIE:DSD_PATENTS@DF_PATENTS_OECDSPECIFIC(1.0),,I,9P50_3,,A,,PF,,PATN_FM,,PRIORITY,,CYM,,_Z,,INVENTOR,,_Z,,_Z,,_T,,2018,,5.6666999,,A,,1,,0,
DATAFLOW,OECD.STI.PIE:DSD_PATENTS@DF_PATENTS_OECDSPECIFIC(1.0),,I,9P50_3,,A,,PF,,PATN_FM,,PRIORITY,,SVN,,_Z,,INVENTOR,,_Z,,_Z,,_T,,2018,,109.3423,,A,,1,,0,
DATAFLOW,OECD.STI.PIE:DSD_PATENTS@DF_PATENTS_OECDSPECIFIC(1.0),,I,9P50_3,,A,,PF,,PATN_FM,,PRIORITY,,ROU,,_Z,,INVENTOR,,_Z,,_Z,,_T,,2018,,103.0316,,A,,1,,0,
DATAFLOW,OECD.STI.PIE:DSD_PATENTS@DF_PATENTS_OECDSPECIFIC(1.0),,I,9P50_3,,A,,PF,,PATN_FM,,PRIORITY,,MEX,,_Z,,INVENTOR,,_Z,,_Z,,_T,,2018,,203.46919,,A,,1,,0,
DATAFLOW,OECD.STI.PIE:DSD_PATENTS@DF_PATENTS_OECDSPECIFIC(1.0),,I,9P50_3,,A,,PF,,PATN_FM,,PRIORITY,,ISL,,_Z,,INVENTOR,,_Z,,_Z,,_T,,2018,,26.5238,,A,,1,,0,
DATAFLOW,OECD.STI.PIE:DSD_PATENTS@DF_PATENTS_OECDSPECIFIC(1.0),,I,9P50_3,,A,,PF,,PATN_FM,,PRIORITY,,TTO,,_Z,,INVENTOR,,_Z,,_Z,,_T,,2018,,2.9166999,,A,,1,,0,
DATAFLOW,OECD.STI.PIE:DSD_PATENTS@DF_PATENTS_OECDSPECIFIC(1.0),,I,9P50_3,,A,,PF,,PATN_FM,,PRIORITY,,BGR,,_Z,,INVENTOR,,_Z,,_Z,,_T,,2018,,39.809502,,A,,1,,0,
DATAFLOW,OECD.STI.PIE:DSD_PATENTS@DF_PATENTS_OECDSPECIFIC(1.0),,I,9P50_3,,A,,PF,,PATN_FM,,PRIORITY,,VEN,,_Z,,INVENTOR,,_Z,,_Z,,_T,,2018,,3.25,,A,,1,,0,
DATAFLOW,OECD.STI.PIE:DSD_PATENTS@DF_PATENTS_OECDSPECIFIC(1.0),,I,9P50_3,,A,,PF,,PATN_FM,,PRIORITY,,JOR,,_Z,,INVENTOR,,_Z,,_Z,,_T,,2018,,6.1500001,,A,,1,,0,
DATAFLOW,OECD.STI.PIE:DSD_PATENTS@DF_PATENTS_OECDSPECIFIC(1.0),,I,9P50_3,,A,,PF,,PATN_FM,,PRIORITY,,PER,,_Z,,INVENTOR,,_Z,,_Z,,_T,,2018,,11.4276,,A,,1,,0,
DATAFLOW,OECD.STI.PIE:DSD_PATENTS@DF_PATENTS_OECDSPECIFIC(1.0),,I,9P50_3,,A,,PF,,PATN_FM,,PRIORITY,,TUR,,_Z,,INVENTOR,,_Z,,_Z,,_T,,2018,,480.40991,,A,,1,,0,
DATAFLOW,OECD.STI.PIE:DSD_PATENTS@DF_PATENTS_OECDSPECIFIC(1.0),,I,9P50_3,,A,,PF,,PATN_FM,,PRIORITY,,ITA,,_Z,,INVENTOR,,_Z,,_Z,,_T,,2018,,4709.6274,,A,,1,,0,
DATAFLOW,OECD.STI.PIE:DSD_PATENTS@DF_PATENTS_OECDSPECIFIC(1.0),,I,9P50_3,,A,,PF,,PATN_FM,,PRIORITY,,IDN,,_Z,,INVENTOR,,_Z,,_Z,,_T,,2018,,14.9937,,A,,1,,0,
DATAFLOW,OECD.STI.PIE:DSD_PATENTS@DF_PATENTS_OECDSPECIFIC(1.0),,I,9P50_3,,A,,PF,,PATN_FM,,PRIORITY,,PRT,,_Z,,INVENTOR,,_Z,,_Z,,_T,,2018,,190.05119,,A,,1,,0,
DATAFLOW,OECD.STI.PIE:DSD_PATENTS@DF_PATENTS_OECDSPECIFIC(1.0),,I,9P50_3,,A,,PF,,PATN_FM,,PRIORITY,,AUS,,_Z,,INVENTOR,,_Z,,_Z,,_T,,2018,,1508.2427,,A,,1,,0,
DATAFLOW,OECD.STI.PIE:DSD_PATENTS@DF_PATENTS_OECDSPECIFIC(1.0),,I,9P50_3,,A,,PF,,PATN_FM,,PRIORITY,,SGP,,_Z,,INVENTOR,,_Z,,_Z,,_T,,2018,,813.57922,,A,,1,,0,
DATAFLOW,OECD.STI.PIE:DSD_PATENTS@DF_PATENTS_OECDSPECIFIC(1.0),,I,9P50_3,,A,,PF,,PATN_FM,,PRIORITY,,MAR,,_Z,,INVENTOR,,_Z,,_Z,,_T,,2018,,11.625,,A,,1,,0,
DATAFLOW,OECD.STI.PIE:DSD_PATENTS@DF_PATENTS_OECDSPECIFIC(1.0),,I,9P50_3,,A,,PF,,PATN_FM,,PRIORITY,,ARE,,_Z,,INVENTOR,,_Z,,_Z,,_T,,2018,,55.8326,,A,,1,,0,
DATAFLOW,OECD.STI.PIE:DSD_PATENTS@DF_PATENTS_OECDSPECIFIC(1.0),,I,9P50_3,,A,,PF,,PATN_FM,,PRIORITY,,IRN,,_Z,,INVENTOR,,_Z,,_Z,,_T,,2018,,8.6750002,,A,,1,,0,
DATAFLOW,OECD.STI.PIE:DSD_PATENTS@DF_PATENTS_OECDSPECIFIC(1.0),,I,9P50_3,,A,,PF,,PATN_FM,,PRIORITY,,DNK,,_Z,,INVENTOR,,_Z,,_Z,,_T,,2018,,1322.358,,A,,1,,0,
DATAFLOW,OECD.STI.PIE:DSD_PATENTS@DF_PATENTS_OECDSPECIFIC(1.0),,I,9P50_3,,A,,PF,,PATN_FM,,PRIORITY,,URY,,_Z,,INVENTOR,,_Z,,_Z,,_T,,2018,,8.7333002,,A,,1,,0,
DATAFLOW,OECD.STI.PIE:DSD_PATENTS@DF_PATENTS_OECDSPECIFIC(1.0),,I,9P50_3,,A,,PF,,PATN_FM,,PRIORITY,,PRK,,_Z,,INVENTOR,,_Z,,_Z,,_T,,2018,,4.8667002,,A,,1,,0,
DATAFLOW,OECD.STI.PIE:DSD_PATENTS@DF_PATENTS_OECDSPECIFIC(1.0),,I,9P50_3,,A,,PF,,PATN_FM,,PRIORITY,,EST,,_Z,,INVENTOR,,_Z,,_Z,,_T,,2018,,31.6905,,A,,1,,0,
DATAFLOW,OECD.STI.PIE:DSD_PATENTS@DF_PATENTS_OECDSPECIFIC(1.0),,I,9P50_3,,A,,PF,,PATN_FM,,PRIORITY,,MKD,,_Z,,INVENTOR,,_Z,,_Z,,_T,,2018,,4.25,,A,,1,,0,
DATAFLOW,OECD.STI.PIE:DSD_PATENTS@DF_PATENTS_OECDSPECIFIC(1.0),,I,9P50_3,,A,,PF,,PATN_FM,,PRIORITY,,DEU,,_Z,,INVENTOR,,_Z,,_Z,,_T,,2018,,24767.072,,A,,1,,0,
DATAFLOW,OECD.STI.PIE:DSD_PATENTS@DF_PATENTS_OECDSPECIFIC(1.0),,I,9P50_3,,A,,PF,,PATN_FM,,PRIORITY,,PHL,,_Z,,INVENTOR,,_Z,,_Z,,_T,,2018,,49.8381,,A,,1,,0,
DATAFLOW,OECD.STI.PIE:DSD_PATENTS@DF_PATENTS_OECDSPECIFIC(1.0),,I,9P50_3,,A,,PF,,PATN_FM,,PRIORITY,,ECU,,_Z,,INVENTOR,,_Z,,_Z,,_T,,2018,,1.5,,A,,1,,0,
DATAFLOW,OECD.STI.PIE:DSD_PATENTS@DF_PATENTS_OECDSPECIFIC(1.0),,I,9P50_3,,A,,PF,,PATN_FM,,PRIORITY,,COL,,_Z,,INVENTOR,,_Z,,_Z,,_T,,2018,,51.2714,,A,,1,,0,
DATAFLOW,OECD.STI.PIE:DSD_PATENTS@DF_PATENTS_OECDSPECIFIC(1.0),,I,9P50_3,,A,,PF,,PATN_FM,,PRIORITY,,W,,_Z,,INVENTOR,,_Z,,_Z,,_T,,2018,,268184,,A,,1,,0,
DATAFLOW,OECD.STI.PIE:DSD_PATENTS@DF_PATENTS_OECDSPECIFIC(1.0),,I,9P50_3,,A,,PF,,PATN_FM,,PRIORITY,,NZL,,_Z,,INVENTOR,,_Z,,_Z,,_T,,2018,,206.3611,,A,,1,,0,
DATAFLOW,OECD.STI.PIE:DSD_PATENTS@DF_PATENTS_OECDSPECIFIC(1.0),,I,9P50_3,,A,,PF,,PATN_FM,,PRIORITY,,LIE,,_Z,,INVENTOR,,_Z,,_Z,,_T,,2018,,33.1833,,A,,1,,0,
DATAFLOW,OECD.STI.PIE:DSD_PATENTS@DF_PATENTS_OECDSPECIFIC(1.0),,I,9P50_3,,A,,PF,,PATN_FM,,PRIORITY,,BRA,,_Z,,INVENTOR,,_Z,,_Z,,_T,,2018,,472.67441,,A,,1,,0,
DATAFLOW,OECD.STI.PIE:DSD_PATENTS@DF_PATENTS_OECDSPECIFIC(1.0),,I,9P50_3,,A,,PF,,PATN_FM,,PRIORITY,,NLD,,_Z,,INVENTOR,,_Z,,_Z,,_T,,2018,,3125.7175,,A,,1,,0,
DATAFLOW,OECD.STI.PIE:DSD_PATENTS@DF_PATENTS_OECDSPECIFIC(1.0),,I,9P50_3,,A,,PF,,PATN_FM,,PRIORITY,,BEL,,_Z,,INVENTOR,,_Z,,_Z,,_T,,2018,,1545.7292,,A,,1,,0,
DATAFLOW,OECD.STI.PIE:DSD_PATENTS@DF_PATENTS_OECDSPECIFIC(1.0),,I,9P50_3,,A,,PF,,PATN_FM,,PRIORITY,,MYS,,_Z,,INVENTOR,,_Z,,_Z,,_T,,2018,,201.7718,,A,,1,,0,
DATAFLOW,OECD.STI.PIE:DSD_PATENTS@DF_PATENTS_OECDSPECIFIC(1.0),,I,9P50_3,,A,,PF,,PATN_FM,,PRIORITY,,UKR,,_Z,,INVENTOR,,_Z,,_Z,,_T,,2018,,61.3167,,A,,1,,0,
DATAFLOW,OECD.STI.PIE:DSD_PATENTS@DF_PATENTS_OECDSPECIFIC(1.0),,I,9P50_3,,A,,PF,,PATN_FM,,PRIORITY,,CRI,,_Z,,INVENTOR,,_Z,,_Z,,_T,,2018,,15.0504,,A,,1,,0,
DATAFLOW,OECD.STI.PIE:DSD_PATENTS@DF_PATENTS_OECDSPECIFIC(1.0),,I,9P50_3,,A,,PF,,PATN_FM,,PRIORITY,,RUS,,_Z,,INVENTOR,,_Z,,_Z,,_T,,2018,,564.1958,,A,,1,,0,
DATAFLOW,OECD.STI.PIE:DSD_PATENTS@DF_PATENTS_OECDSPECIFIC(1.0),,I,9P50_3,,A,,PF,,PATN_FM,,PRIORITY,,HUN,,_Z,,INVENTOR,,_Z,,_Z,,_T,,2018,,272.48181,,A,,1,,0,
DATAFLOW,OECD.STI.PIE:DSD_PATENTS@DF_PATENTS_OECDSPECIFIC(1.0),,I,9P50_3,,A,,PF,,PATN_FM,,PRIORITY,,ESP,,_Z,,INVENTOR,,_Z,,_Z,,_T,,2018,,1648.1879,,A,,1,,0,
DATAFLOW,OECD.STI.PIE:DSD_PATENTS@DF_PATENTS_OECDSPECIFIC(1.0),,I,9P50_3,,A,,PF,,PATN_FM,,PRIORITY,,OECD,,_Z,,INVENTOR,,_Z,,_Z,,_T,,2018,,214471.66,,A,,1,,0,
DATAFLOW,OECD.STI.PIE:DSD_PATENTS@DF_PATENTS_OECDSPECIFIC(1.0),,I,9P50_3,,A,,PF,,PATN_FM,,PRIORITY,,TWN,,_Z,,INVENTOR,,_Z,,_Z,,_T,,2018,,11156.28,,A,,1,,0,
DATAFLOW,OECD.STI.PIE:DSD_PATENTS@DF_PATENTS_OECDSPECIFIC(1.0),,I,9P50_3,,A,,PF,,PATN_FM,,PRIORITY,,ARM,,_Z,,INVENTOR,,_Z,,_Z,,_T,,2018,,1.4222,,A,,1,,0,
DATAFLOW,OECD.STI.PIE:DSD_PATENTS@DF_PATENTS_OECDSPECIFIC(1.0),,I,9P50_3,,A,,PF,,PATN_FM,,PRIORITY,,MLT,,_Z,,INVENTOR,,_Z,,_Z,,_T,,2018,,13.6429,,A,,1,,0,
DATAFLOW,OECD.STI.PIE:DSD_PATENTS@DF_PATENTS_OECDSPECIFIC(1.0),,I,9P50_3,,A,,PF,,PATN_FM,,PRIORITY,,BIH,,_Z,,INVENTOR,,_Z,,_Z,,_T,,2018,,3.7,,A,,1,,0,
DATAFLOW,OECD.STI.PIE:DSD_PATENTS@DF_PATENTS_OECDSPECIFIC(1.0),,I,9P50_3,,A,,PF,,PATN_FM,,PRIORITY,,THA,,_Z,,INVENTOR,,_Z,,_Z,,_T,,2018,,77.277802,,A,,1,,0,
DATAFLOW,OECD.STI.PIE:DSD_PATENTS@DF_PATENTS_OECDSPECIFIC(1.0),,I,9P50_3,,A,,PF,,PATN_FM,,PRIORITY,,ZAF,,_Z,,INVENTOR,,_Z,,_Z,,_T,,2018,,160.0179,,A,,1,,0,
DATAFLOW,OECD.STI.PIE:DSD_PATENTS@DF_PATENTS_OECDSPECIFIC(1.0),,I,9P50_3,,A,,PF,,PATN_FM,,PRIORITY,,PRI,,_Z,,INVENTOR,,_Z,,_Z,,_T,,2018,,2.125,,A,,1,,0,
DATAFLOW,OECD.STI.PIE:DSD_PATENTS@DF_PATENTS_OECDSPECIFIC(1.0),,I,9P50_3,,A,,PF,,PATN_FM,,PRIORITY,,ISR,,_Z,,INVENTOR,,_Z,,_Z,,_T,,2018,,2071.8748,,A,,1,,0,
DATAFLOW,OECD.STI.PIE:DSD_PATENTS@DF_PATENTS_OECDSPECIFIC(1.0),,I,9P50_3,,A,,PF,,PATN_FM,,PRIORITY,,SVK,,_Z,,INVENTOR,,_Z,,_Z,,_T,,2018,,67.424301,,A,,1,,0,
DATAFLOW,OECD.STI.PIE:DSD_PATENTS@DF_PATENTS_OECDSPECIFIC(1.0),,I,9P50_3,,A,,PF,,PATN_FM,,PRIORITY,,CYP,,_Z,,INVENTOR,,_Z,,_Z,,_T,,2018,,8.0404997,,A,,1,,0,
DATAFLOW,OECD.STI.PIE:DSD_PATENTS@DF_PATENTS_OECDSPECIFIC(1.0),,I,9P50_3,,A,,PF,,PATN_FM,,PRIORITY,,GBR,,_Z,,INVENTOR,,_Z,,_Z,,_T,,2018,,6471.5942,,A,,1,,0,
DATAFLOW,OECD.STI.PIE:DSD_PATENTS@DF_PATENTS_OECDSPECIFIC(1.0),,I,9P50_3,,A,,PF,,PATN_FM,,PRIORITY,,SAU,,_Z,,INVENTOR,,_Z,,_Z,,_T,,2018,,427.90869,,A,,1,,0,
DATAFLOW,OECD.STI.PIE:DSD_PATENTS@DF_PATENTS_OECDSPECIFIC(1.0),,I,9P50_3,,A,,PF,,PATN_FM,,PRIORITY,,EGY,,_Z,,INVENTOR,,_Z,,_Z,,_T,,2018,,17.262699,,A,,1,,0,
DATAFLOW,OECD.STI.PIE:DSD_PATENTS@DF_PATENTS_OECDSPECIFIC(1.0),,I,9P50_3,,A,,PF,,PATN_FM,,PRIORITY,,UZB,,_Z,,INVENTOR,,_Z,,_Z,,_T,,2018,,1.5,,A,,1,,0,
DATAFLOW,OECD.STI.PIE:DSD_PATENTS@DF_PATENTS_OECDSPECIFIC(1.0),,I,9P50_3,,A,,PF,,PATN_FM,,PRIORITY,,LBN,,_Z,,INVENTOR,,_Z,,_Z,,_T,,2018,,11.9345,,A,,1,,0,
DATAFLOW,OECD.STI.PIE:DSD_PATENTS@DF_PATENTS_OECDSPECIFIC(1.0),,I,9P50_3,,A,,PF,,PATN_FM,,PRIORITY,,AUT,,_Z,,INVENTOR,,_Z,,_Z,,_T,,2018,,1992.0657,,A,,1,,0,
DATAFLOW,OECD.STI.PIE:DSD_PATENTS@DF_PATENTS_OECDSPECIFIC(1.0),,I,9P50_3,,A,,PF,,PATN_FM,,PRIORITY,,KOR,,_Z,,INVENTOR,,_Z,,_Z,,_T,,2018,,22652.574,,A,,1,,0,
DATAFLOW,OECD.STI.PIE:DSD_PATENTS@DF_PATENTS_OECDSPECIFIC(1.0),,I,9P50_3,,A,,PF,,PATN_FM,,PRIORITY,,ARG,,_Z,,INVENTOR,,_Z,,_Z,,_T,,2018,,69.276199,,A,,1,,0,
DATAFLOW,OECD.STI.PIE:DSD_PATENTS@DF_PATENTS_OECDSPECIFIC(1.0),,I,9P50_3,,A,,PF,,PATN_FM,,PRIORITY,,IND,,_Z,,INVENTOR,,_Z,,_Z,,_T,,2018,,2511.3352,,A,,1,,0,
DATAFLOW,OECD.STI.PIE:DSD_PATENTS@DF_PATENTS_OECDSPECIFIC(1.0),,I,9P50_3,,A,,PF,,PATN_FM,,PRIORITY,,CHE,,_Z,,INVENTOR,,_Z,,_Z,,_T,,2018,,3049.6113,,A,,1,,0,
DATAFLOW,OECD.STI.PIE:DSD_PATENTS@DF_PATENTS_OECDSPECIFIC(1.0),,I,9P50_3,,A,,PF,,PATN_FM,,PRIORITY,,FIN,,_Z,,INVENTOR,,_Z,,_Z,,_T,,2018,,1393.7168,,A,,1,,0,
DATAFLOW,OECD.STI.PIE:DSD_PATENTS@DF_PATENTS_OECDSPECIFIC(1.0),,I,9P50_3,,A,,PF,,PATN_FM,,PRIORITY,,LTU,,_Z,,INVENTOR,,_Z,,_Z,,_T,,2018,,32.861099,,A,,1,,0,
DATAFLOW,OECD.STI.PIE:DSD_PATENTS@DF_PATENTS_OECDSPECIFIC(1.0),,I,9P50_3,,A,,PF,,PATN_FM,,PRIORITY,,LKA,,_Z,,INVENTOR,,_Z,,_Z,,_T,,2018,,6.5602999,,A,,1,,0,
DATAFLOW,OECD.STI.PIE:DSD_PATENTS@DF_PATENTS_OECDSPECIFIC(1.0),,I,9P50_3,,A,,PF,,PATN_FM,,PRIORITY,,EU27_2020,,_Z,,INVENTOR,,_Z,,_Z,,_T,,2018,,55387.203,,A,,1,,0,
DATAFLOW,OECD.STI.PIE:DSD_PATENTS@DF_PATENTS_OECDSPECIFIC(1.0),,I,9P50_3,,A,,PF,,PATN_FM,,PRIORITY,,TUN,,_Z,,INVENTOR,,_Z,,_Z,,_T,,2018,,6.6833,,A,,1,,0,
DATAFLOW,OECD.STI.PIE:DSD_PATENTS@DF_PATENTS_OECDSPECIFIC(1.0),,I,9P50_3,,A,,PF,,PATN_FM,,PRIORITY,,GEO,,_Z,,INVENTOR,,_Z,,_Z,,_T,,2018,,4.5332999,,A,,1,,0,
DATAFLOW,OECD.STI.PIE:DSD_PATENTS@DF_PATENTS_OECDSPECIFIC(1.0),,I,9P50_3,,A,,PF,,PATN_FM,,PRIORITY,,CZE,,_Z,,INVENTOR,,_Z,,_Z,,_T,,2018,,306.828,,A,,1,,0,
DATAFLOW,OECD.STI.PIE:DSD_PATENTS@DF_PATENTS_OECDSPECIFIC(1.0),,I,9P50_3,,A,,PF,,PATN_FM,,PRIORITY,,MNG,,_Z,,INVENTOR,,_Z,,_Z,,_T,,2018,,0.22220001,,A,,1,,0,
DATAFLOW,OECD.STI.PIE:DSD_PATENTS@DF_PATENTS_OECDSPECIFIC(1.0),,I,9P50_3,,A,,PF,,PATN_FM,,PRIORITY,,GRC,,_Z,,INVENTOR,,_Z,,_Z,,_T,,2018,,139.4873,,A,,1,,0,
DATAFLOW,OECD.STI.PIE:DSD_PATENTS@DF_PATENTS_OECDSPECIFIC(1.0),,I,9P50_3,,A,,PF,,PATN_FM,,PRIORITY,,JPN,,_Z,,INVENTOR,,_Z,,_Z,,_T,,2018,,67674.648,,A,,1,,0,
DATAFLOW,OECD.STI.PIE:DSD_PATENTS@DF_PATENTS_OECDSPECIFIC(1.0),,I,9P50_3,,A,,PF,,PATN_FM,,PRIORITY,,DZA,,_Z,,INVENTOR,,_Z,,_Z,,_T,,2018,,1.8269,,A,,1,,0,
DATAFLOW,OECD.STI.PIE:DSD_PATENTS@DF_PATENTS_OECDSPECIFIC(1.0),,I,9P50_3,,A,,PF,,PATN_FM,,PRIORITY,,IRL,,_Z,,INVENTOR,,_Z,,_Z,,_T,,2018,,461.83871,,A,,1,,0,
DATAFLOW,OECD.STI.PIE:DSD_PATENTS@DF_PATENTS_OECDSPECIFIC(1.0),,I,9P50_3,,A,,PF,,PATN_FM,,PRIORITY,,HRV,,_Z,,INVENTOR,,_Z,,_Z,,_T,,2018,,24.366699,,A,,1,,0,
DATAFLOW,OECD.STI.PIE:DSD_PATENTS@DF_PATENTS_OECDSPECIFIC(1.0),,I,9P50_3,,A,,PF,,PATN_FM,,PRIORITY,,MCO,,_Z,,INVENTOR,,_Z,,_Z,,_T,,2018,,13.3452,,A,,1,,0,
DATAFLOW,OECD.STI.PIE:DSD_PATENTS@DF_PATENTS_OECDSPECIFIC(1.0),,I,9P50_3,,A,,PF,,PATN_FM,,PRIORITY,,DJI,,_Z,,INVENTOR,,_Z,,_Z,,_T,,2018,,1.5333,,A,,1,,0,
DATAFLOW,OECD.STI.PIE:DSD_PATENTS@DF_PATENTS_OECDSPECIFIC(1.0),,I,9P50_3,,A,,PF,,PATN_FM,,PRIORITY,,KEN,,_Z,,INVENTOR,,_Z,,_Z,,_T,,2018,,3.2190001,,A,,1,,0,
DATAFLOW,OECD.STI.PIE:DSD_PATENTS@DF_PATENTS_OECDSPECIFIC(1.0),,I,9P50_3,,A,,PF,,PATN_FM,,PRIORITY,,FRA,,_Z,,INVENTOR,,_Z,,_Z,,_T,,2018,,9441.8945,,A,,1,,0,
DATAFLOW,OECD.STI.PIE:DSD_PATENTS@DF_PATENTS_OECDSPECIFIC(1.0),,I,9P50_3,,A,,PF,,PATN_FM,,PRIORITY,,PAK,,_Z,,INVENTOR,,_Z,,_Z,,_T,,2018,,8.2810001,,A,,1,,0,
DATAFLOW,OECD.STI.PIE:DSD_PATENTS@DF_PATENTS_OECDSPECIFIC(1.0),,I,9P50_3,,A,,PF,,PATN_FM,,PRIORITY,,KAZ,,_Z,,INVENTOR,,_Z,,_Z,,_T,,2018,,7.1999998,,A,,1,,0,
DATAFLOW,OECD.STI.PIE:DSD_PATENTS@DF_PATENTS_OECDSPECIFIC(1.0),,I,9P50_3,,A,,PF,,PATN_FM,,PRIORITY,,BLR,,_Z,,INVENTOR,,_Z,,_Z,,_T,,2018,,25.002399,,A,,1,,0,
DATAFLOW,OECD.STI.PIE:DSD_PATENTS@DF_PATENTS_OECDSPECIFIC(1.0),,I,9P50_3,,A,,PF,,PATN_FM,,PRIORITY,,NOR,,_Z,,INVENTOR,,_Z,,_Z,,_T,,2018,,606.99823,,A,,1,,0,
DATAFLOW,OECD.STI.PIE:DSD_PATENTS@DF_PATENTS_OECDSPECIFIC(1.0),,I,9P50_3,,A,,PF,,PATN_FM,,PRIORITY,,CHL,,_Z,,INVENTOR,,_Z,,_Z,,_T,,2018,,86.878998,,A,,1,,0,
DATAFLOW,OECD.STI.PIE:DSD_PATENTS@DF_PATENTS_OECDSPECIFIC(1.0),,I,9P50_3,,A,,PF,,PATN_FM,,PRIORITY,,AND,,_Z,,INVENTOR,,_Z,,_Z,,_T,,2018,,1.25,,A,,1,,0,
DATAFLOW,OECD.STI.PIE:DSD_PATENTS@DF_PATENTS_OECDSPECIFIC(1.0),,I,9P50_3,,A,,PF,,PATN_FM,,PRIORITY,,POL,,_Z,,INVENTOR,,_Z,,_Z,,_T,,2018,,579.83008,,A,,1,,0,
DATAFLOW,OECD.STI.PIE:DSD_PATENTS@DF_PATENTS_OECDSPECIFIC(1.0),,I,9P50_3,,A,,PF,,PATN_FM,,PRIORITY,,LUX,,_Z,,INVENTOR,,_Z,,_Z,,_T,,2018,,82.298798,,A,,1,,0,
DATAFLOW,OECD.STI.PIE:DSD_PATENTS@DF_PATENTS_OECDSPECIFIC(1.0),,I,9P50_3,,A,,PF,,PATN_FM,,PRIORITY,,CAN,,_Z,,INVENTOR,,_Z,,_Z,,_T,,2018,,4173.98,,A,,1,,0,
DATAFLOW,OECD.STI.PIE:DSD_PATENTS@DF_PATENTS_OECDSPECIFIC(1.0),,I,9P50_3,,A,,PF,,PATN_FM,,PRIORITY,,CHN,,_Z,,INVENTOR,,_Z,,_Z,,_T,,2018,,36158.676,,A,,1,,0,
DATAFLOW,OECD.STI.PIE:DSD_PATENTS@DF_PATENTS_OECDSPECIFIC(1.0),,I,9P50_3,,A,,PF,,PATN_FM,,PRIORITY,,PAN,,_Z,,INVENTOR,,_Z,,_Z,,_T,,2018,,4.6666999,,A,,1,,0,
DATAFLOW,OECD.STI.PIE:DSD_PATENTS@DF_PATENTS_OECDSPECIFIC(1.0),,I,9P50_3,,A,,PF,,PATN_FM,,PRIORITY,,HKG,,_Z,,INVENTOR,,_Z,,_Z,,_T,,2018,,317.7663,,A,,1,,0,
DATAFLOW,OECD.STI.PIE:DSD_PATENTS@DF_PATENTS_OECDSPECIFIC(1.0),,I,9P50_3,,A,,PF,,PATN_FM,,PRIORITY,,MDA,,_Z,,INVENTOR,,_Z,,_Z,,_T,,2018,,2.2,,A,,1,,0,
DATAFLOW,OECD.STI.PIE:DSD_PATENTS@DF_PATENTS_OECDSPECIFIC(1.0),,I,9P50_3,,A,,PF,,PATN_FM,,PRIORITY,,KWT,,_Z,,INVENTOR,,_Z,,_Z,,_T,,2018,,8.3332996,,A,,1,,0,
DATAFLOW,OECD.STI.PIE:DSD_PATENTS@DF_PATENTS_OECDSPECIFIC(1.0),,I,9P50_3,,A,,PF,,PATN_FM,,PRIORITY,,NGA,,_Z,,INVENTOR,,_Z,,_Z,,_T,,2018,,1.1742001,,A,,1,,0,
DATAFLOW,OECD.STI.PIE:DSD_PATENTS@DF_PATENTS_OECDSPECIFIC(1.0),,I,9P50_3,,A,,PF,,PATN_FM,,PRIORITY,,USA,,_Z,,INVENTOR,,_Z,,_Z,,_T,,2018,,49993.859,,A,,1,,0,
DATAFLOW,OECD.STI.PIE:DSD_PATENTS@DF_PATENTS_OECDSPECIFIC(1.0),,I,9P50_3,,A,,PF,,PATN_FM,,PRIORITY,,ZWE,,_Z,,INVENTOR,,_Z,,_Z,,_T,,2018,,1.25,,A,,1,,0,
DATAFLOW,OECD.STI.PIE:DSD_PATENTS@DF_PATENTS_OECDSPECIFIC(1.0),,I,9P50_3,,A,,PF,,PATN_FM,,PRIORITY,,SWE,,_Z,,INVENTOR,,_Z,,_Z,,_T,,2018,,2959.8506,,A,,1,,0,
DATAFLOW,OECD.STI.PIE:DSD_PATENTS@DF_PATENTS_OECDSPECIFIC(1.0),,I,9P50_3,,A,,PF,,PATN_FM,,PRIORITY,,CUB,,_Z,,INVENTOR,,_Z,,_Z,,_T,,2018,,7.375,,A,,1,,0,
DATAFLOW,OECD.STI.PIE:DSD_PATENTS@DF_PATENTS_OECDSPECIFIC(1.0),,I,9P50_3,,A,,PF,,PATN_FM,,PRIORITY,,LVA,,_Z,,INVENTOR,,_Z,,_Z,,_T,,2018,,17.9583,,A,,1,,0,
DATAFLOW,OECD.STI.PIE:DSD_PATENTS@DF_PATENTS_OECDSPECIFIC(1.0),,I,9P50_3,,A,,PF,,PATN_FM,,PRIORITY,,LVA,,_Z,,INVENTOR,,_Z,,_Z,,_T,,2021,,27.1,,A,,1,,0,
DATAFLOW,OECD.STI.PIE:DSD_PATENTS@DF_PATENTS_OECDSPECIFIC(1.0),,I,9P50_3,,A,,PF,,PATN_FM,,PRIORITY,,CUB,,_Z,,INVENTOR,,_Z,,_Z,,_T,,2021,,10.6282,,A,,1,,0,
DATAFLOW,OECD.STI.PIE:DSD_PATENTS@DF_PATENTS_OECDSPECIFIC(1.0),,I,9P50_3,,A,,PF,,PATN_FM,,PRIORITY,,SWE,,_Z,,INVENTOR,,_Z,,_Z,,_T,,2021,,3046.2437,,A,,1,,0,
DATAFLOW,OECD.STI.PIE:DSD_PATENTS@DF_PATENTS_OECDSPECIFIC(1.0),,I,9P50_3,,A,,PF,,PATN_FM,,PRIORITY,,ZWE,,_Z,,INVENTOR,,_Z,,_Z,,_T,,2021,,0.66670001,,A,,1,,0,
DATAFLOW,OECD.STI.PIE:DSD_PATENTS@DF_PATENTS_OECDSPECIFIC(1.0),,I,9P50_3,,A,,PF,,PATN_FM,,PRIORITY,,USA,,_Z,,INVENTOR,,_Z,,_Z,,_T,,2021,,50435.863,,A,,1,,0,
DATAFLOW,OECD.STI.PIE:DSD_PATENTS@DF_PATENTS_OECDSPECIFIC(1.0),,I,9P50_3,,A,,PF,,PATN_FM,,PRIORITY,,NGA,,_Z,,INVENTOR,,_Z,,_Z,,_T,,2021,,2.7976,,A,,1,,0,
DATAFLOW,OECD.STI.PIE:DSD_PATENTS@DF_PATENTS_OECDSPECIFIC(1.0),,I,9P50_3,,A,,PF,,PATN_FM,,PRIORITY,,KWT,,_Z,,INVENTOR,,_Z,,_Z,,_T,,2021,,4.3762002,,A,,1,,0,
DATAFLOW,OECD.STI.PIE:DSD_PATENTS@DF_PATENTS_OECDSPECIFIC(1.0),,I,9P50_3,,A,,PF,,PATN_FM,,PRIORITY,,MDA,,_Z,,INVENTOR,,_Z,,_Z,,_T,,2021,,2.5999999,,A,,1,,0,
DATAFLOW,OECD.STI.PIE:DSD_PATENTS@DF_PATENTS_OECDSPECIFIC(1.0),,I,9P50_3,,A,,PF,,PATN_FM,,PRIORITY,,SYC,,_Z,,INVENTOR,,_Z,,_Z,,_T,,2021,,2.0667,,A,,1,,0,
DATAFLOW,OECD.STI.PIE:DSD_PATENTS@DF_PATENTS_OECDSPECIFIC(1.0),,I,9P50_3,,A,,PF,,PATN_FM,,PRIORITY,,HKG,,_Z,,INVENTOR,,_Z,,_Z,,_T,,2021,,267.56039,,A,,1,,0,
DATAFLOW,OECD.STI.PIE:DSD_PATENTS@DF_PATENTS_OECDSPECIFIC(1.0),,I,9P50_3,,A,,PF,,PATN_FM,,PRIORITY,,PAN,,_Z,,INVENTOR,,_Z,,_Z,,_T,,2021,,0.86110002,,A,,1,,0,
DATAFLOW,OECD.STI.PIE:DSD_PATENTS@DF_PATENTS_OECDSPECIFIC(1.0),,I,9P50_3,,A,,PF,,PATN_FM,,PRIORITY,,CHN,,_Z,,INVENTOR,,_Z,,_Z,,_T,,2021,,46989.633,,A,,1,,0,
DATAFLOW,OECD.STI.PIE:DSD_PATENTS@DF_PATENTS_OECDSPECIFIC(1.0),,I,9P50_3,,A,,PF,,PATN_FM,,PRIORITY,,CAN,,_Z,,INVENTOR,,_Z,,_Z,,_T,,2021,,4252.8481,,A,,1,,0,
DATAFLOW,OECD.STI.PIE:DSD_PATENTS@DF_PATENTS_OECDSPECIFIC(1.0),,I,9P50_3,,A,,PF,,PATN_FM,,PRIORITY,,LUX,,_Z,,INVENTOR,,_Z,,_Z,,_T,,2021,,120.0119,,A,,1,,0,
DATAFLOW,OECD.STI.PIE:DSD_PATENTS@DF_PATENTS_OECDSPECIFIC(1.0),,I,9P50_3,,A,,PF,,PATN_FM,,PRIORITY,,POL,,_Z,,INVENTOR,,_Z,,_Z,,_T,,2021,,662.86859,,A,,1,,0,
DATAFLOW,OECD.STI.PIE:DSD_PATENTS@DF_PATENTS_OECDSPECIFIC(1.0),,I,9P50_3,,A,,PF,,PATN_FM,,PRIORITY,,AND,,_Z,,INVENTOR,,_Z,,_Z,,_T,,2021,,1.6111,,A,,1,,0,
DATAFLOW,OECD.STI.PIE:DSD_PATENTS@DF_PATENTS_OECDSPECIFIC(1.0),,I,9P50_3,,A,,PF,,PATN_FM,,PRIORITY,,CHL,,_Z,,INVENTOR,,_Z,,_Z,,_T,,2021,,68.729698,,A,,1,,0,
DATAFLOW,OECD.STI.PIE:DSD_PATENTS@DF_PATENTS_OECDSPECIFIC(1.0),,I,9P50_3,,A,,PF,,PATN_FM,,PRIORITY,,NOR,,_Z,,INVENTOR,,_Z,,_Z,,_T,,2021,,687.48212,,A,,1,,0,
DATAFLOW,OECD.STI.PIE:DSD_PATENTS@DF_PATENTS_OECDSPECIFIC(1.0),,I,9P50_3,,A,,PF,,PATN_FM,,PRIORITY,,BLR,,_Z,,INVENTOR,,_Z,,_Z,,_T,,2021,,21.634501,,A,,1,,0,
DATAFLOW,OECD.STI.PIE:DSD_PATENTS@DF_PATENTS_OECDSPECIFIC(1.0),,I,9P50_3,,A,,PF,,PATN_FM,,PRIORITY,,SLV,,_Z,,INVENTOR,,_Z,,_Z,,_T,,2021,,0.25,,A,,1,,0,
DATAFLOW,OECD.STI.PIE:DSD_PATENTS@DF_PATENTS_OECDSPECIFIC(1.0),,I,9P50_3,,A,,PF,,PATN_FM,,PRIORITY,,KAZ,,_Z,,INVENTOR,,_Z,,_Z,,_T,,2021,,8.125,,A,,1,,0,
DATAFLOW,OECD.STI.PIE:DSD_PATENTS@DF_PATENTS_OECDSPECIFIC(1.0),,I,9P50_3,,A,,PF,,PATN_FM,,PRIORITY,,PAK,,_Z,,INVENTOR,,_Z,,_Z,,_T,,2021,,13.5196,,A,,1,,0,
DATAFLOW,OECD.STI.PIE:DSD_PATENTS@DF_PATENTS_OECDSPECIFIC(1.0),,I,9P50_3,,A,,PF,,PATN_FM,,PRIORITY,,FRA,,_Z,,INVENTOR,,_Z,,_Z,,_T,,2021,,9275.2012,,A,,1,,0,
DATAFLOW,OECD.STI.PIE:DSD_PATENTS@DF_PATENTS_OECDSPECIFIC(1.0),,I,9P50_3,,A,,PF,,PATN_FM,,PRIORITY,,KEN,,_Z,,INVENTOR,,_Z,,_Z,,_T,,2021,,4.8130999,,A,,1,,0,
DATAFLOW,OECD.STI.PIE:DSD_PATENTS@DF_PATENTS_OECDSPECIFIC(1.0),,I,9P50_3,,A,,PF,,PATN_FM,,PRIORITY,,DJI,,_Z,,INVENTOR,,_Z,,_Z,,_T,,2021,,0.33329999,,A,,1,,0,
DATAFLOW,OECD.STI.PIE:DSD_PATENTS@DF_PATENTS_OECDSPECIFIC(1.0),,I,9P50_3,,A,,PF,,PATN_FM,,PRIORITY,,MCO,,_Z,,INVENTOR,,_Z,,_Z,,_T,,2021,,8.8167,,A,,1,,0,
DATAFLOW,OECD.STI.PIE:DSD_PATENTS@DF_PATENTS_OECDSPECIFIC(1.0),,I,9P50_3,,A,,PF,,PATN_FM,,PRIORITY,,HRV,,_Z,,INVENTOR,,_Z,,_Z,,_T,,2021,,31.162399,,A,,1,,0,
DATAFLOW,OECD.STI.PIE:DSD_PATENTS@DF_PATENTS_OECDSPECIFIC(1.0),,I,9P50_3,,A,,PF,,PATN_FM,,PRIORITY,,IRL,,_Z,,INVENTOR,,_Z,,_Z,,_T,,2021,,477.26849,,A,,1,,0,
DATAFLOW,OECD.STI.PIE:DSD_PATENTS@DF_PATENTS_OECDSPECIFIC(1.0),,I,9P50_3,,A,,PF,,PATN_FM,,PRIORITY,,DZA,,_Z,,INVENTOR,,_Z,,_Z,,_T,,2021,,5.8000002,,A,,1,,0,
DATAFLOW,OECD.STI.PIE:DSD_PATENTS@DF_PATENTS_OECDSPECIFIC(1.0),,I,9P50_3,,A,,PF,,PATN_FM,,PRIORITY,,JPN,,_Z,,INVENTOR,,_Z,,_Z,,_T,,2021,,63798.855,,A,,1,,0,
DATAFLOW,OECD.STI.PIE:DSD_PATENTS@DF_PATENTS_OECDSPECIFIC(1.0),,I,9P50_3,,A,,PF,,PATN_FM,,PRIORITY,,GRC,,_Z,,INVENTOR,,_Z,,_Z,,_T,,2021,,162.144,,A,,1,,0,
DATAFLOW,OECD.STI.PIE:DSD_PATENTS@DF_PATENTS_OECDSPECIFIC(1.0),,I,9P50_3,,A,,PF,,PATN_FM,,PRIORITY,,MNG,,_Z,,INVENTOR,,_Z,,_Z,,_T,,2021,,0.39289999,,A,,1,,0,
DATAFLOW,OECD.STI.PIE:DSD_PATENTS@DF_PATENTS_OECDSPECIFIC(1.0),,I,9P50_3,,A,,PF,,PATN_FM,,PRIORITY,,CZE,,_Z,,INVENTOR,,_Z,,_Z,,_T,,2021,,320.5463,,A,,1,,0,
DATAFLOW,OECD.STI.PIE:DSD_PATENTS@DF_PATENTS_OECDSPECIFIC(1.0),,I,9P50_3,,A,,PF,,PATN_FM,,PRIORITY,,GEO,,_Z,,INVENTOR,,_Z,,_Z,,_T,,2021,,4.4166999,,A,,1,,0,
DATAFLOW,OECD.STI.PIE:DSD_PATENTS@DF_PATENTS_OECDSPECIFIC(1.0),,I,9P50_3,,A,,PF,,PATN_FM,,PRIORITY,,TUN,,_Z,,INVENTOR,,_Z,,_Z,,_T,,2021,,8.7749996,,A,,1,,0,
DATAFLOW,OECD.STI.PIE:DSD_PATENTS@DF_PATENTS_OECDSPECIFIC(1.0),,I,9P50_3,,A,,PF,,PATN_FM,,PRIORITY,,EU27_2020,,_Z,,INVENTOR,,_Z,,_Z,,_T,,2021,,55158.207,,A,,1,,0,
DATAFLOW,OECD.STI.PIE:DSD_PATENTS@DF_PATENTS_OECDSPECIFIC(1.0),,I,9P50_3,,A,,PF,,PATN_FM,,PRIORITY,,LKA,,_Z,,INVENTOR,,_Z,,_Z,,_T,,2021,,14.6152,,A,,1,,0,
DATAFLOW,OECD.STI.PIE:DSD_PATENTS@DF_PATENTS_OECDSPECIFIC(1.0),,I,9P50_3,,A,,PF,,PATN_FM,,PRIORITY,,LTU,,_Z,,INVENTOR,,_Z,,_Z,,_T,,2021,,49.009499,,A,,1,,0,
DATAFLOW,OECD.STI.PIE:DSD_PATENTS@DF_PATENTS_OECDSPECIFIC(1.0),,I,9P50_3,,A,,PF,,PATN_FM,,PRIORITY,,FIN,,_Z,,INVENTOR,,_Z,,_Z,,_T,,2021,,1498.4395,,A,,1,,0,
DATAFLOW,OECD.STI.PIE:DSD_PATENTS@DF_PATENTS_OECDSPECIFIC(1.0),,I,9P50_3,,A,,PF,,PATN_FM,,PRIORITY,,CHE,,_Z,,INVENTOR,,_Z,,_Z,,_T,,2021,,3176.6445,,A,,1,,0,
DATAFLOW,OECD.STI.PIE:DSD_PATENTS@DF_PATENTS_OECDSPECIFIC(1.0),,I,9P50_3,,A,,PF,,PATN_FM,,PRIORITY,,IND,,_Z,,INVENTOR,,_Z,,_Z,,_T,,2021,,3262.74,,A,,1,,0,
DATAFLOW,OECD.STI.PIE:DSD_PATENTS@DF_PATENTS_OECDSPECIFIC(1.0),,I,9P50_3,,A,,PF,,PATN_FM,,PRIORITY,,ARG,,_Z,,INVENTOR,,_Z,,_Z,,_T,,2021,,59.988499,,A,,1,,0,
DATAFLOW,OECD.STI.PIE:DSD_PATENTS@DF_PATENTS_OECDSPECIFIC(1.0),,I,9P50_3,,A,,PF,,PATN_FM,,PRIORITY,,KOR,,_Z,,INVENTOR,,_Z,,_Z,,_T,,2021,,29591.877,,A,,1,,0,
DATAFLOW,OECD.STI.PIE:DSD_PATENTS@DF_PATENTS_OECDSPECIFIC(1.0),,I,9P50_3,,A,,PF,,PATN_FM,,PRIORITY,,AUT,,_Z,,INVENTOR,,_Z,,_Z,,_T,,2021,,1886.9183,,A,,1,,0,
DATAFLOW,OECD.STI.PIE:DSD_PATENTS@DF_PATENTS_OECDSPECIFIC(1.0),,I,9P50_3,,A,,PF,,PATN_FM,,PRIORITY,,LBN,,_Z,,INVENTOR,,_Z,,_Z,,_T,,2021,,9.1943998,,A,,1,,0,
DATAFLOW,OECD.STI.PIE:DSD_PATENTS@DF_PATENTS_OECDSPECIFIC(1.0),,I,9P50_3,,A,,PF,,PATN_FM,,PRIORITY,,GTM,,_Z,,INVENTOR,,_Z,,_Z,,_T,,2021,,1.3333,,A,,1,,0,
DATAFLOW,OECD.STI.PIE:DSD_PATENTS@DF_PATENTS_OECDSPECIFIC(1.0),,I,9P50_3,,A,,PF,,PATN_FM,,PRIORITY,,EGY,,_Z,,INVENTOR,,_Z,,_Z,,_T,,2021,,22.644899,,A,,1,,0,
DATAFLOW,OECD.STI.PIE:DSD_PATENTS@DF_PATENTS_OECDSPECIFIC(1.0),,I,9P50_3,,A,,PF,,PATN_FM,,PRIORITY,,SAU,,_Z,,INVENTOR,,_Z,,_Z,,_T,,2021,,515.4707,,A,,1,,0,
DATAFLOW,OECD.STI.PIE:DSD_PATENTS@DF_PATENTS_OECDSPECIFIC(1.0),,I,9P50_3,,A,,PF,,PATN_FM,,PRIORITY,,GBR,,_Z,,INVENTOR,,_Z,,_Z,,_T,,2021,,6327.0767,,A,,1,,0,
DATAFLOW,OECD.STI.PIE:DSD_PATENTS@DF_PATENTS_OECDSPECIFIC(1.0),,I,9P50_3,,A,,PF,,PATN_FM,,PRIORITY,,CYP,,_Z,,INVENTOR,,_Z,,_Z,,_T,,2021,,19.879801,,A,,1,,0,
DATAFLOW,OECD.STI.PIE:DSD_PATENTS@DF_PATENTS_OECDSPECIFIC(1.0),,I,9P50_3,,A,,PF,,PATN_FM,,PRIORITY,,SVK,,_Z,,INVENTOR,,_Z,,_Z,,_T,,2021,,88.915497,,A,,1,,0,
DATAFLOW,OECD.STI.PIE:DSD_PATENTS@DF_PATENTS_OECDSPECIFIC(1.0),,I,9P50_3,,A,,PF,,PATN_FM,,PRIORITY,,ISR,,_Z,,INVENTOR,,_Z,,_Z,,_T,,2021,,2294.2131,,A,,1,,0,
DATAFLOW,OECD.STI.PIE:DSD_PATENTS@DF_PATENTS_OECDSPECIFIC(1.0),,I,9P50_3,,A,,PF,,PATN_FM,,PRIORITY,,PRI,,_Z,,INVENTOR,,_Z,,_Z,,_T,,2021,,2.1666999,,A,,1,,0,
DATAFLOW,OECD.STI.PIE:DSD_PATENTS@DF_PATENTS_OECDSPECIFIC(1.0),,I,9P50_3,,A,,PF,,PATN_FM,,PRIORITY,,ZAF,,_Z,,INVENTOR,,_Z,,_Z,,_T,,2021,,110.6421,,A,,1,,0,
DATAFLOW,OECD.STI.PIE:DSD_PATENTS@DF_PATENTS_OECDSPECIFIC(1.0),,I,9P50_3,,A,,PF,,PATN_FM,,PRIORITY,,THA,,_Z,,INVENTOR,,_Z,,_Z,,_T,,2021,,71.724701,,A,,1,,0,
DATAFLOW,OECD.STI.PIE:DSD_PATENTS@DF_PATENTS_OECDSPECIFIC(1.0),,I,9P50_3,,A,,PF,,PATN_FM,,PRIORITY,,BIH,,_Z,,INVENTOR,,_Z,,_Z,,_T,,2021,,1.9,,A,,1,,0,
DATAFLOW,OECD.STI.PIE:DSD_PATENTS@DF_PATENTS_OECDSPECIFIC(1.0),,I,9P50_3,,A,,PF,,PATN_FM,,PRIORITY,,MLT,,_Z,,INVENTOR,,_Z,,_Z,,_T,,2021,,24.65,,A,,1,,0,
DATAFLOW,OECD.STI.PIE:DSD_PATENTS@DF_PATENTS_OECDSPECIFIC(1.0),,I,9P50_3,,A,,PF,,PATN_FM,,PRIORITY,,ARM,,_Z,,INVENTOR,,_Z,,_Z,,_T,,2021,,8.0916996,,A,,1,,0,
DATAFLOW,OECD.STI.PIE:DSD_PATENTS@DF_PATENTS_OECDSPECIFIC(1.0),,I,9P50_3,,A,,PF,,PATN_FM,,PRIORITY,,TWN,,_Z,,INVENTOR,,_Z,,_Z,,_T,,2021,,11312.337,,A,,1,,0,
DATAFLOW,OECD.STI.PIE:DSD_PATENTS@DF_PATENTS_OECDSPECIFIC(1.0),,I,9P50_3,,A,,PF,,PATN_FM,,PRIORITY,,OECD,,_Z,,INVENTOR,,_Z,,_Z,,_T,,2021,,217902.17,,A,,1,,0,
DATAFLOW,OECD.STI.PIE:DSD_PATENTS@DF_PATENTS_OECDSPECIFIC(1.0),,I,9P50_3,,A,,PF,,PATN_FM,,PRIORITY,,ESP,,_Z,,INVENTOR,,_Z,,_Z,,_T,,2021,,1426.2894,,A,,1,,0,
DATAFLOW,OECD.STI.PIE:DSD_PATENTS@DF_PATENTS_OECDSPECIFIC(1.0),,I,9P50_3,,A,,PF,,PATN_FM,,PRIORITY,,HUN,,_Z,,INVENTOR,,_Z,,_Z,,_T,,2021,,221.5126,,A,,1,,0,
DATAFLOW,OECD.STI.PIE:DSD_PATENTS@DF_PATENTS_OECDSPECIFIC(1.0),,I,9P50_3,,A,,PF,,PATN_FM,,PRIORITY,,RUS,,_Z,,INVENTOR,,_Z,,_Z,,_T,,2021,,414.0592,,A,,1,,0,
DATAFLOW,OECD.STI.PIE:DSD_PATENTS@DF_PATENTS_OECDSPECIFIC(1.0),,I,9P50_3,,A,,PF,,PATN_FM,,PRIORITY,,CRI,,_Z,,INVENTOR,,_Z,,_Z,,_T,,2021,,11.7857,,A,,1,,0,
DATAFLOW,OECD.STI.PIE:DSD_PATENTS@DF_PATENTS_OECDSPECIFIC(1.0),,I,9P50_3,,A,,PF,,PATN_FM,,PRIORITY,,UKR,,_Z,,INVENTOR,,_Z,,_Z,,_T,,2021,,62.963001,,A,,1,,0,
DATAFLOW,OECD.STI.PIE:DSD_PATENTS@DF_PATENTS_OECDSPECIFIC(1.0),,I,9P50_3,,A,,PF,,PATN_FM,,PRIORITY,,MYS,,_Z,,INVENTOR,,_Z,,_Z,,_T,,2021,,194.5246,,A,,1,,0,
DATAFLOW,OECD.STI.PIE:DSD_PATENTS@DF_PATENTS_OECDSPECIFIC(1.0),,I,9P50_3,,A,,PF,,PATN_FM,,PRIORITY,,BEL,,_Z,,INVENTOR,,_Z,,_Z,,_T,,2021,,1564.3276,,A,,1,,0,
DATAFLOW,OECD.STI.PIE:DSD_PATENTS@DF_PATENTS_OECDSPECIFIC(1.0),,I,9P50_3,,A,,PF,,PATN_FM,,PRIORITY,,NLD,,_Z,,INVENTOR,,_Z,,_Z,,_T,,2021,,3490.4473,,A,,1,,0,
DATAFLOW,OECD.STI.PIE:DSD_PATENTS@DF_PATENTS_OECDSPECIFIC(1.0),,I,9P50_3,,A,,PF,,PATN_FM,,PRIORITY,,BRA,,_Z,,INVENTOR,,_Z,,_Z,,_T,,2021,,462.46201,,A,,1,,0,
DATAFLOW,OECD.STI.PIE:DSD_PATENTS@DF_PATENTS_OECDSPECIFIC(1.0),,I,9P50_3,,A,,PF,,PATN_FM,,PRIORITY,,LIE,,_Z,,INVENTOR,,_Z,,_Z,,_T,,2021,,30.0135,,A,,1,,0,
DATAFLOW,OECD.STI.PIE:DSD_PATENTS@DF_PATENTS_OECDSPECIFIC(1.0),,I,9P50_3,,A,,PF,,PATN_FM,,PRIORITY,,BMU,,_Z,,INVENTOR,,_Z,,_Z,,_T,,2021,,6.4166999,,A,,1,,0,
DATAFLOW,OECD.STI.PIE:DSD_PATENTS@DF_PATENTS_OECDSPECIFIC(1.0),,I,9P50_3,,A,,PF,,PATN_FM,,PRIORITY,,NZL,,_Z,,INVENTOR,,_Z,,_Z,,_T,,2021,,256.42249,,A,,1,,0,
DATAFLOW,OECD.STI.PIE:DSD_PATENTS@DF_PATENTS_OECDSPECIFIC(1.0),,I,9P50_3,,A,,PF,,PATN_FM,,PRIORITY,,W,,_Z,,INVENTOR,,_Z,,_Z,,_T,,2021,,283331,,A,,1,,0,
DATAFLOW,OECD.STI.PIE:DSD_PATENTS@DF_PATENTS_OECDSPECIFIC(1.0),,I,9P50_3,,A,,PF,,PATN_FM,,PRIORITY,,COL,,_Z,,INVENTOR,,_Z,,_Z,,_T,,2021,,36.924198,,A,,1,,0,
DATAFLOW,OECD.STI.PIE:DSD_PATENTS@DF_PATENTS_OECDSPECIFIC(1.0),,I,9P50_3,,A,,PF,,PATN_FM,,PRIORITY,,ECU,,_Z,,INVENTOR,,_Z,,_Z,,_T,,2021,,0.79170001,,A,,1,,0,
DATAFLOW,OECD.STI.PIE:DSD_PATENTS@DF_PATENTS_OECDSPECIFIC(1.0),,I,9P50_3,,A,,PF,,PATN_FM,,PRIORITY,,PHL,,_Z,,INVENTOR,,_Z,,_Z,,_T,,2021,,45.197701,,A,,1,,0,
DATAFLOW,OECD.STI.PIE:DSD_PATENTS@DF_PATENTS_OECDSPECIFIC(1.0),,I,9P50_3,,A,,PF,,PATN_FM,,PRIORITY,,DEU,,_Z,,INVENTOR,,_Z,,_Z,,_T,,2021,,23717.207,,A,,1,,0,
DATAFLOW,OECD.STI.PIE:DSD_PATENTS@DF_PATENTS_OECDSPECIFIC(1.0),,I,9P50_3,,A,,PF,,PATN_FM,,PRIORITY,,MKD,,_Z,,INVENTOR,,_Z,,_Z,,_T,,2021,,1.0667,,A,,1,,0,
DATAFLOW,OECD.STI.PIE:DSD_PATENTS@DF_PATENTS_OECDSPECIFIC(1.0),,I,9P50_3,,A,,PF,,PATN_FM,,PRIORITY,,EST,,_Z,,INVENTOR,,_Z,,_Z,,_T,,2021,,37.288502,,A,,1,,0,
DATAFLOW,OECD.STI.PIE:DSD_PATENTS@DF_PATENTS_OECDSPECIFIC(1.0),,I,9P50_3,,A,,PF,,PATN_FM,,PRIORITY,,PRK,,_Z,,INVENTOR,,_Z,,_Z,,_T,,2021,,1.625,,A,,1,,0,
DATAFLOW,OECD.STI.PIE:DSD_PATENTS@DF_PATENTS_OECDSPECIFIC(1.0),,I,9P50_3,,A,,PF,,PATN_FM,,PRIORITY,,URY,,_Z,,INVENTOR,,_Z,,_Z,,_T,,2021,,8.5642996,,A,,1,,0,
DATAFLOW,OECD.STI.PIE:DSD_PATENTS@DF_PATENTS_OECDSPECIFIC(1.0),,I,9P50_3,,A,,PF,,PATN_FM,,PRIORITY,,DNK,,_Z,,INVENTOR,,_Z,,_Z,,_T,,2021,,1467.0144,,A,,1,,0,
DATAFLOW,OECD.STI.PIE:DSD_PATENTS@DF_PATENTS_OECDSPECIFIC(1.0),,I,9P50_3,,A,,PF,,PATN_FM,,PRIORITY,,IRN,,_Z,,INVENTOR,,_Z,,_Z,,_T,,2021,,14.4774,,A,,1,,0,
DATAFLOW,OECD.STI.PIE:DSD_PATENTS@DF_PATENTS_OECDSPECIFIC(1.0),,I,9P50_3,,A,,PF,,PATN_FM,,PRIORITY,,ARE,,_Z,,INVENTOR,,_Z,,_Z,,_T,,2021,,50.065498,,A,,1,,0,
DATAFLOW,OECD.STI.PIE:DSD_PATENTS@DF_PATENTS_OECDSPECIFIC(1.0),,I,9P50_3,,A,,PF,,PATN_FM,,PRIORITY,,MAR,,_Z,,INVENTOR,,_Z,,_Z,,_T,,2021,,39.916698,,A,,1,,0,
DATAFLOW,OECD.STI.PIE:DSD_PATENTS@DF_PATENTS_OECDSPECIFIC(1.0),,I,9P50_3,,A,,PF,,PATN_FM,,PRIORITY,,SGP,,_Z,,INVENTOR,,_Z,,_Z,,_T,,2021,,992.62598,,A,,1,,0,
DATAFLOW,OECD.STI.PIE:DSD_PATENTS@DF_PATENTS_OECDSPECIFIC(1.0),,I,9P50_3,,A,,PF,,PATN_FM,,PRIORITY,,AUS,,_Z,,INVENTOR,,_Z,,_Z,,_T,,2021,,1409.509,,A,,1,,0,
DATAFLOW,OECD.STI.PIE:DSD_PATENTS@DF_PATENTS_OECDSPECIFIC(1.0),,I,9P50_3,,A,,PF,,PATN_FM,,PRIORITY,,PRT,,_Z,,INVENTOR,,_Z,,_Z,,_T,,2021,,199.5258,,A,,1,,0,
DATAFLOW,OECD.STI.PIE:DSD_PATENTS@DF_PATENTS_OECDSPECIFIC(1.0),,I,9P50_3,,A,,PF,,PATN_FM,,PRIORITY,,IDN,,_Z,,INVENTOR,,_Z,,_Z,,_T,,2021,,19.0804,,A,,1,,0,
DATAFLOW,OECD.STI.PIE:DSD_PATENTS@DF_PATENTS_OECDSPECIFIC(1.0),,I,9P50_3,,A,,PF,,PATN_FM,,PRIORITY,,ITA,,_Z,,INVENTOR,,_Z,,_Z,,_T,,2021,,5133.6597,,A,,1,,0,
DATAFLOW,OECD.STI.PIE:DSD_PATENTS@DF_PATENTS_OECDSPECIFIC(1.0),,I,9P50_3,,A,,PF,,PATN_FM,,PRIORITY,,TUR,,_Z,,INVENTOR,,_Z,,_Z,,_T,,2021,,386.49661,,A,,1,,0,
DATAFLOW,OECD.STI.PIE:DSD_PATENTS@DF_PATENTS_OECDSPECIFIC(1.0),,I,9P50_3,,A,,PF,,PATN_FM,,PRIORITY,,PER,,_Z,,INVENTOR,,_Z,,_Z,,_T,,2021,,5.8000002,,A,,1,,0,
DATAFLOW,OECD.STI.PIE:DSD_PATENTS@DF_PATENTS_OECDSPECIFIC(1.0),,I,9P50_3,,A,,PF,,PATN_FM,,PRIORITY,,JOR,,_Z,,INVENTOR,,_Z,,_Z,,_T,,2021,,7.8333001,,A,,1,,0,
DATAFLOW,OECD.STI.PIE:DSD_PATENTS@DF_PATENTS_OECDSPECIFIC(1.0),,I,9P50_3,,A,,PF,,PATN_FM,,PRIORITY,,VEN,,_Z,,INVENTOR,,_Z,,_Z,,_T,,2021,,1.4048001,,A,,1,,0,
DATAFLOW,OECD.STI.PIE:DSD_PATENTS@DF_PATENTS_OECDSPECIFIC(1.0),,I,9P50_3,,A,,PF,,PATN_FM,,PRIORITY,,BGR,,_Z,,INVENTOR,,_Z,,_Z,,_T,,2021,,36.616001,,A,,1,,0,
DATAFLOW,OECD.STI.PIE:DSD_PATENTS@DF_PATENTS_OECDSPECIFIC(1.0),,I,9P50_3,,A,,PF,,PATN_FM,,PRIORITY,,ISL,,_Z,,INVENTOR,,_Z,,_Z,,_T,,2021,,29.3083,,A,,1,,0,
DATAFLOW,OECD.STI.PIE:DSD_PATENTS@DF_PATENTS_OECDSPECIFIC(1.0),,I,9P50_3,,A,,PF,,PATN_FM,,PRIORITY,,MEX,,_Z,,INVENTOR,,_Z,,_Z,,_T,,2021,,170.29601,,A,,1,,0,
DATAFLOW,OECD.STI.PIE:DSD_PATENTS@DF_PATENTS_OECDSPECIFIC(1.0),,I,9P50_3,,A,,PF,,PATN_FM,,PRIORITY,,ROU,,_Z,,INVENTOR,,_Z,,_Z,,_T,,2021,,78.059303,,A,,1,,0,
DATAFLOW,OECD.STI.PIE:DSD_PATENTS@DF_PATENTS_OECDSPECIFIC(1.0),,I,9P50_3,,A,,PF,,PATN_FM,,PRIORITY,,SVN,,_Z,,INVENTOR,,_Z,,_Z,,_T,,2021,,95.898399,,A,,1,,0,
DATAFLOW,OECD.STI.PIE:DSD_PATENTS@DF_PATENTS_OECDSPECIFIC(1.0),,I,9P50_3,,A,,PF,,PATN_FM,,PRIORITY,,CYM,,_Z,,INVENTOR,,_Z,,_Z,,_T,,2021,,2.5,,A,,1,,0,
DATAFLOW,OECD.STI.PIE:DSD_PATENTS@DF_PATENTS_OECDSPECIFIC(1.0),,I,9P50_3,,A,,PF,,PATN_FM,,PRIORITY,,GTM,,_Z,,INVENTOR,,_Z,,_Z,,_T,,2018,,0.5,,A,,1,,0,
DATAFLOW,OECD.STI.PIE:DSD_PATENTS@DF_PATENTS_OECDSPECIFIC(1.0),,I,9P50_3,,A,,PF,,PATN_FM,,PRIORITY,,YUG_F,,_Z,,INVENTOR,,_Z,,_Z,,_T,,2018,,0.5,,A,,1,,0,
DATAFLOW,OECD.STI.PIE:DSD_PATENTS@DF_PATENTS_OECDSPECIFIC(1.0),,I,9P50_3,,A,,PF,,PATN_FM,,PRIORITY,,ZWE,,_Z,,INVENTOR,,_Z,,_Z,,_T,,2019,,0.5,,A,,1,,0,
DATAFLOW,OECD.STI.PIE:DSD_PATENTS@DF_PATENTS_OECDSPECIFIC(1.0),,I,9P50_3,,A,,PF,,PATN_FM,,PRIORITY,,GTM,,_Z,,INVENTOR,,_Z,,_Z,,_T,,2019,,0.5,,A,,1,,0,
DATAFLOW,OECD.STI.PIE:DSD_PATENTS@DF_PATENTS_OECDSPECIFIC(1.0),,I,9P50_3,,A,,PF,,PATN_FM,,PRIORITY,,AND,,_Z,,INVENTOR,,_Z,,_Z,,_T,,2022,,0.5,,A,,1,,0,
DATAFLOW,OECD.STI.PIE:DSD_PATENTS@DF_PATENTS_OECDSPECIFIC(1.0),,I,6F0,,A,,AP,,PATN,,PRIORITY,,ZWE,,_Z,,INVENTOR,,_Z,,_Z,,_T,,2018,,0,,A,,1,,0,
DATAFLOW,OECD.STI.PIE:DSD_PATENTS@DF_PATENTS_OECDSPECIFIC(1.0),,I,6F0,,A,,AP,,PATN,,PRIORITY,,SLV,,_Z,,INVENTOR,,_Z,,_Z,,_T,,2018,,0,,A,,1,,0,
DATAFLOW,OECD.STI.PIE:DSD_PATENTS@DF_PATENTS_OECDSPECIFIC(1.0),,I,6F0,,A,,AP,,PATN,,PRIORITY,,YUG_F,,_Z,,INVENTOR,,_Z,,_Z,,_T,,2018,,0,,A,,1,,0,
DATAFLOW,OECD.STI.PIE:DSD_PATENTS@DF_PATENTS_OECDSPECIFIC(1.0),,I,6F0,,A,,AP,,PATN,,PRIORITY,,GTM,,_Z,,INVENTOR,,_Z,,_Z,,_T,,2018,,0,,A,,1,,0,
DATAFLOW,OECD.STI.PIE:DSD_PATENTS@DF_PATENTS_OECDSPECIFIC(1.0),,I,6F0,,A,,AP,,PATN,,PRIORITY,,SYC,,_Z,,INVENTOR,,_Z,,_Z,,_T,,2018,,0,,A,,1,,0,
DATAFLOW,OECD.STI.PIE:DSD_PATENTS@DF_PATENTS_OECDSPECIFIC(1.0),,I,6F0,,A,,AP,,PATN,,PRIORITY,,JAM,,_Z,,INVENTOR,,_Z,,_Z,,_T,,2018,,0,,A,,1,,0,
DATAFLOW,OECD.STI.PIE:DSD_PATENTS@DF_PATENTS_OECDSPECIFIC(1.0),,I,6F0,,A,,AP,,PATN,,PRIORITY,,ECU,,_Z,,INVENTOR,,_Z,,_Z,,_T,,2018,,0,,A,,1,,0,
DATAFLOW,OECD.STI.PIE:DSD_PATENTS@DF_PATENTS_OECDSPECIFIC(1.0),,I,6F0,,A,,AP,,PATN,,PRIORITY,,DJI,,_Z,,INVENTOR,,_Z,,_Z,,_T,,2018,,0,,A,,1,,0,
DATAFLOW,OECD.STI.PIE:DSD_PATENTS@DF_PATENTS_OECDSPECIFIC(1.0),,I,6F0,,A,,AP,,PATN,,PRIORITY,,TTO,,_Z,,INVENTOR,,_Z,,_Z,,_T,,2019,,0,,A,,1,,0,
DATAFLOW,OECD.STI.PIE:DSD_PATENTS@DF_PATENTS_OECDSPECIFIC(1.0),,I,6F0,,A,,AP,,PATN,,PRIORITY,,DJI,,_Z,,INVENTOR,,_Z,,_Z,,_T,,2019,,0,,A,,1,,0,
DATAFLOW,OECD.STI.PIE:DSD_PATENTS@DF_PATENTS_OECDSPECIFIC(1.0),,I,6F0,,A,,AP,,PATN,,PRIORITY,,UZB,,_Z,,INVENTOR,,_Z,,_Z,,_T,,2019,,0,,A,,1,,0,
DATAFLOW,OECD.STI.PIE:DSD_PATENTS@DF_PATENTS_OECDSPECIFIC(1.0),,I,6F0,,A,,AP,,PATN,,PRIORITY,,JAM,,_Z,,INVENTOR,,_Z,,_Z,,_T,,2019,,0,,A,,1,,0,
DATAFLOW,OECD.STI.PIE:DSD_PATENTS@DF_PATENTS_OECDSPECIFIC(1.0),,I,6F0,,A,,AP,,PATN,,PRIORITY,,KEN,,_Z,,INVENTOR,,_Z,,_Z,,_T,,2019,,0,,A,,1,,0,
DATAFLOW,OECD.STI.PIE:DSD_PATENTS@DF_PATENTS_OECDSPECIFIC(1.0),,I,6F0,,A,,AP,,PATN,,PRIORITY,,GTM,,_Z,,INVENTOR,,_Z,,_Z,,_T,,2019,,0,,A,,1,,0,
DATAFLOW,OECD.STI.PIE:DSD_PATENTS@DF_PATENTS_OECDSPECIFIC(1.0),,I,6F0,,A,,AP,,PATN,,PRIORITY,,MDA,,_Z,,INVENTOR,,_Z,,_Z,,_T,,2019,,0,,A,,1,,0,
DATAFLOW,OECD.STI.PIE:DSD_PATENTS@DF_PATENTS_OECDSPECIFIC(1.0),,I,6F0,,A,,AP,,PATN,,PRIORITY,,YUG_F,,_Z,,INVENTOR,,_Z,,_Z,,_T,,2019,,0,,A,,1,,0,
DATAFLOW,OECD.STI.PIE:DSD_PATENTS@DF_PATENTS_OECDSPECIFIC(1.0),,I,6F0,,A,,AP,,PATN,,PRIORITY,,SLV,,_Z,,INVENTOR,,_Z,,_Z,,_T,,2019,,0,,A,,1,,0,
DATAFLOW,OECD.STI.PIE:DSD_PATENTS@DF_PATENTS_OECDSPECIFIC(1.0),,I,6F0,,A,,AP,,PATN,,PRIORITY,,NGA,,_Z,,INVENTOR,,_Z,,_Z,,_T,,2019,,0,,A,,1,,0,
DATAFLOW,OECD.STI.PIE:DSD_PATENTS@DF_PATENTS_OECDSPECIFIC(1.0),,I,6F0,,A,,AP,,PATN,,PRIORITY,,BMU,,_Z,,INVENTOR,,_Z,,_Z,,_T,,2019,,0,,A,,1,,0,
DATAFLOW,OECD.STI.PIE:DSD_PATENTS@DF_PATENTS_OECDSPECIFIC(1.0),,I,6F0,,A,,AP,,PATN,,PRIORITY,,ZWE,,_Z,,INVENTOR,,_Z,,_Z,,_T,,2020,,0,,A,,1,,0,
DATAFLOW,OECD.STI.PIE:DSD_PATENTS@DF_PATENTS_OECDSPECIFIC(1.0),,I,6F0,,A,,AP,,PATN,,PRIORITY,,NGA,,_Z,,INVENTOR,,_Z,,_Z,,_T,,2020,,0,,A,,1,,0,
DATAFLOW,OECD.STI.PIE:DSD_PATENTS@DF_PATENTS_OECDSPECIFIC(1.0),,I,6F0,,A,,AP,,PATN,,PRIORITY,,SLV,,_Z,,INVENTOR,,_Z,,_Z,,_T,,2020,,0,,A,,1,,0,
DATAFLOW,OECD.STI.PIE:DSD_PATENTS@DF_PATENTS_OECDSPECIFIC(1.0),,I,6F0,,A,,AP,,PATN,,PRIORITY,,YUG_F,,_Z,,INVENTOR,,_Z,,_Z,,_T,,2020,,0,,A,,1,,0,
DATAFLOW,OECD.STI.PIE:DSD_PATENTS@DF_PATENTS_OECDSPECIFIC(1.0),,I,6F0,,A,,AP,,PATN,,PRIORITY,,KEN,,_Z,,INVENTOR,,_Z,,_Z,,_T,,2020,,0,,A,,1,,0,
DATAFLOW,OECD.STI.PIE:DSD_PATENTS@DF_PATENTS_OECDSPECIFIC(1.0),,I,6F0,,A,,AP,,PATN,,PRIORITY,,DJI,,_Z,,INVENTOR,,_Z,,_Z,,_T,,2020,,0,,A,,1,,0,
DATAFLOW,OECD.STI.PIE:DSD_PATENTS@DF_PATENTS_OECDSPECIFIC(1.0),,I,6F0,,A,,AP,,PATN,,PRIORITY,,TTO,,_Z,,INVENTOR,,_Z,,_Z,,_T,,2020,,0,,A,,1,,0,
DATAFLOW,OECD.STI.PIE:DSD_PATENTS@DF_PATENTS_OECDSPECIFIC(1.0),,I,6F0,,A,,AP,,PATN,,PRIORITY,,TTO,,_Z,,INVENTOR,,_Z,,_Z,,_T,,2021,,0,,A,,1,,0,
DATAFLOW,OECD.STI.PIE:DSD_PATENTS@DF_PATENTS_OECDSPECIFIC(1.0),,I,6F0,,A,,AP,,PATN,,PRIORITY,,MNG,,_Z,,INVENTOR,,_Z,,_Z,,_T,,2021,,0,,A,,1,,0,
DATAFLOW,OECD.STI.PIE:DSD_PATENTS@DF_PATENTS_OECDSPECIFIC(1.0),,I,6F0,,A,,AP,,PATN,,PRIORITY,,DJI,,_Z,,INVENTOR,,_Z,,_Z,,_T,,2021,,0,,A,,1,,0,
DATAFLOW,OECD.STI.PIE:DSD_PATENTS@DF_PATENTS_OECDSPECIFIC(1.0),,I,6F0,,A,,AP,,PATN,,PRIORITY,,UZB,,_Z,,INVENTOR,,_Z,,_Z,,_T,,2021,,0,,A,,1,,0,
DATAFLOW,OECD.STI.PIE:DSD_PATENTS@DF_PATENTS_OECDSPECIFIC(1.0),,I,6F0,,A,,AP,,PATN,,PRIORITY,,JAM,,_Z,,INVENTOR,,_Z,,_Z,,_T,,2021,,0,,A,,1,,0,
DATAFLOW,OECD.STI.PIE:DSD_PATENTS@DF_PATENTS_OECDSPECIFIC(1.0),,I,6F0,,A,,AP,,PATN,,PRIORITY,,YUG_F,,_Z,,INVENTOR,,_Z,,_Z,,_T,,2021,,0,,A,,1,,0,
DATAFLOW,OECD.STI.PIE:DSD_PATENTS@DF_PATENTS_OECDSPECIFIC(1.0),,I,6F0,,A,,AP,,PATN,,PRIORITY,,ZWE,,_Z,,INVENTOR,,_Z,,_Z,,_T,,2021,,0,,A,,1,,0,
DATAFLOW,OECD.STI.PIE:DSD_PATENTS@DF_PATENTS_OECDSPECIFIC(1.0),,I,6F0,,A,,AP,,PATN,,PRIORITY,,KWT,,_Z,,INVENTOR,,_Z,,_Z,,_T,,2022,,0,,A,,1,,0,
DATAFLOW,OECD.STI.PIE:DSD_PATENTS@DF_PATENTS_OECDSPECIFIC(1.0),,I,6F0,,A,,AP,,PATN,,PRIORITY,,ZWE,,_Z,,INVENTOR,,_Z,,_Z,,_T,,2022,,0,,A,,1,,0,
DATAFLOW,OECD.STI.PIE:DSD_PATENTS@DF_PATENTS_OECDSPECIFIC(1.0),,I,6F0,,A,,AP,,PATN,,PRIORITY,,SLV,,_Z,,INVENTOR,,_Z,,_Z,,_T,,2022,,0,,A,,1,,0,
DATAFLOW,OECD.STI.PIE:DSD_PATENTS@DF_PATENTS_OECDSPECIFIC(1.0),,I,6F0,,A,,AP,,PATN,,PRIORITY,,YUG_F,,_Z,,INVENTOR,,_Z,,_Z,,_T,,2022,,0,,A,,1,,0,
DATAFLOW,OECD.STI.PIE:DSD_PATENTS@DF_PATENTS_OECDSPECIFIC(1.0),,I,6F0,,A,,AP,,PATN,,PRIORITY,,JAM,,_Z,,INVENTOR,,_Z,,_Z,,_T,,2022,,0,,A,,1,,0,
DATAFLOW,OECD.STI.PIE:DSD_PATENTS@DF_PATENTS_OECDSPECIFIC(1.0),,I,6F0,,A,,AP,,PATN,,PRIORITY,,UZB,,_Z,,INVENTOR,,_Z,,_Z,,_T,,2022,,0,,A,,1,,0,
DATAFLOW,OECD.STI.PIE:DSD_PATENTS@DF_PATENTS_OECDSPECIFIC(1.0),,I,6F0,,A,,AP,,PATN,,PRIORITY,,ECU,,_Z,,INVENTOR,,_Z,,_Z,,_T,,2022,,0,,A,,1,,0,
DATAFLOW,OECD.STI.PIE:DSD_PATENTS@DF_PATENTS_OECDSPECIFIC(1.0),,I,6F0,,A,,AP,,PATN,,PRIORITY,,DJI,,_Z,,INVENTOR,,_Z,,_Z,,_T,,2022,,0,,A,,1,,0,
DATAFLOW,OECD.STI.PIE:DSD_PATENTS@DF_PATENTS_OECDSPECIFIC(1.0),,I,6F0,,A,,AP,,PATN,,PRIORITY,,TTO,,_Z,,INVENTOR,,_Z,,_Z,,_T,,2022,,0,,A,,1,,0,
DATAFLOW,OECD.STI.PIE:DSD_PATENTS@DF_PATENTS_OECDSPECIFIC(1.0),,I,6F0,,A,,GR,,PATN,,PRIORITY,,GTM,,_Z,,INVENTOR,,_Z,,_Z,,_T,,2018,,0,,A,,1,,0,
DATAFLOW,OECD.STI.PIE:DSD_PATENTS@DF_PATENTS_OECDSPECIFIC(1.0),,I,6F0,,A,,GR,,PATN,,PRIORITY,,SYC,,_Z,,INVENTOR,,_Z,,_Z,,_T,,2018,,0,,A,,1,,0,
DATAFLOW,OECD.STI.PIE:DSD_PATENTS@DF_PATENTS_OECDSPECIFIC(1.0),,I,6F0,,A,,GR,,PATN,,PRIORITY,,ARM,,_Z,,INVENTOR,,_Z,,_Z,,_T,,2018,,0,,A,,1,,0,
DATAFLOW,OECD.STI.PIE:DSD_PATENTS@DF_PATENTS_OECDSPECIFIC(1.0),,I,6F0,,A,,GR,,PATN,,PRIORITY,,DJI,,_Z,,INVENTOR,,_Z,,_Z,,_T,,2018,,0,,A,,1,,0,
DATAFLOW,OECD.STI.PIE:DSD_PATENTS@DF_PATENTS_OECDSPECIFIC(1.0),,I,6F0,,A,,GR,,PATN,,PRIORITY,,ECU,,_Z,,INVENTOR,,_Z,,_Z,,_T,,2018,,0,,A,,1,,0,
DATAFLOW,OECD.STI.PIE:DSD_PATENTS@DF_PATENTS_OECDSPECIFIC(1.0),,I,6F0,,A,,GR,,PATN,,PRIORITY,,JAM,,_Z,,INVENTOR,,_Z,,_Z,,_T,,2018,,0,,A,,1,,0,
DATAFLOW,OECD.STI.PIE:DSD_PATENTS@DF_PATENTS_OECDSPECIFIC(1.0),,I,6F0,,A,,GR,,PATN,,PRIORITY,,KEN,,_Z,,INVENTOR,,_Z,,_Z,,_T,,2018,,0,,A,,1,,0,
DATAFLOW,OECD.STI.PIE:DSD_PATENTS@DF_PATENTS_OECDSPECIFIC(1.0),,I,6F0,,A,,GR,,PATN,,PRIORITY,,MNG,,_Z,,INVENTOR,,_Z,,_Z,,_T,,2018,,0,,A,,1,,0,
DATAFLOW,OECD.STI.PIE:DSD_PATENTS@DF_PATENTS_OECDSPECIFIC(1.0),,I,6F0,,A,,GR,,PATN,,PRIORITY,,YUG_F,,_Z,,INVENTOR,,_Z,,_Z,,_T,,2018,,0,,A,,1,,0,
DATAFLOW,OECD.STI.PIE:DSD_PATENTS@DF_PATENTS_OECDSPECIFIC(1.0),,I,6F0,,A,,GR,,PATN,,PRIORITY,,SLV,,_Z,,INVENTOR,,_Z,,_Z,,_T,,2018,,0,,A,,1,,0,
DATAFLOW,OECD.STI.PIE:DSD_PATENTS@DF_PATENTS_OECDSPECIFIC(1.0),,I,6F0,,A,,GR,,PATN,,PRIORITY,,ZWE,,_Z,,INVENTOR,,_Z,,_Z,,_T,,2018,,0,,A,,1,,0,
DATAFLOW,OECD.STI.PIE:DSD_PATENTS@DF_PATENTS_OECDSPECIFIC(1.0),,I,6F0,,A,,GR,,PATN,,PRIORITY,,BMU,,_Z,,INVENTOR,,_Z,,_Z,,_T,,2019,,0,,A,,1,,0,
DATAFLOW,OECD.STI.PIE:DSD_PATENTS@DF_PATENTS_OECDSPECIFIC(1.0),,I,6F0,,A,,GR,,PATN,,PRIORITY,,ZWE,,_Z,,INVENTOR,,_Z,,_Z,,_T,,2019,,0,,A,,1,,0,
DATAFLOW,OECD.STI.PIE:DSD_PATENTS@DF_PATENTS_OECDSPECIFIC(1.0),,I,6F0,,A,,GR,,PATN,,PRIORITY,,CUB,,_Z,,INVENTOR,,_Z,,_Z,,_T,,2019,,0,,A,,1,,0,
DATAFLOW,OECD.STI.PIE:DSD_PATENTS@DF_PATENTS_OECDSPECIFIC(1.0),,I,6F0,,A,,GR,,PATN,,PRIORITY,,SLV,,_Z,,INVENTOR,,_Z,,_Z,,_T,,2019,,0,,A,,1,,0,
DATAFLOW,OECD.STI.PIE:DSD_PATENTS@DF_PATENTS_OECDSPECIFIC(1.0),,I,6F0,,A,,GR,,PATN,,PRIORITY,,YUG_F,,_Z,,INVENTOR,,_Z,,_Z,,_T,,2019,,0,,A,,1,,0,
DATAFLOW,OECD.STI.PIE:DSD_PATENTS@DF_PATENTS_OECDSPECIFIC(1.0),,I,6F0,,A,,GR,,PATN,,PRIORITY,,UZB,,_Z,,INVENTOR,,_Z,,_Z,,_T,,2019,,0,,A,,1,,0,
DATAFLOW,OECD.STI.PIE:DSD_PATENTS@DF_PATENTS_OECDSPECIFIC(1.0),,I,6F0,,A,,GR,,PATN,,PRIORITY,,PAN,,_Z,,INVENTOR,,_Z,,_Z,,_T,,2019,,0,,A,,1,,0,
DATAFLOW,OECD.STI.PIE:DSD_PATENTS@DF_PATENTS_OECDSPECIFIC(1.0),,I,6F0,,A,,GR,,PATN,,PRIORITY,,KEN,,_Z,,INVENTOR,,_Z,,_Z,,_T,,2019,,0,,A,,1,,0,
DATAFLOW,OECD.STI.PIE:DSD_PATENTS@DF_PATENTS_OECDSPECIFIC(1.0),,I,6F0,,A,,GR,,PATN,,PRIORITY,,JAM,,_Z,,INVENTOR,,_Z,,_Z,,_T,,2019,,0,,A,,1,,0,
DATAFLOW,OECD.STI.PIE:DSD_PATENTS@DF_PATENTS_OECDSPECIFIC(1.0),,I,6F0,,A,,GR,,PATN,,PRIORITY,,DJI,,_Z,,INVENTOR,,_Z,,_Z,,_T,,2019,,0,,A,,1,,0,
DATAFLOW,OECD.STI.PIE:DSD_PATENTS@DF_PATENTS_OECDSPECIFIC(1.0),,I,6F0,,A,,GR,,PATN,,PRIORITY,,MDA,,_Z,,INVENTOR,,_Z,,_Z,,_T,,2019,,0,,A,,1,,0,
DATAFLOW,OECD.STI.PIE:DSD_PATENTS@DF_PATENTS_OECDSPECIFIC(1.0),,I,6F0,,A,,GR,,PATN,,PRIORITY,,PAK,,_Z,,INVENTOR,,_Z,,_Z,,_T,,2019,,0,,A,,1,,0,
DATAFLOW,OECD.STI.PIE:DSD_PATENTS@DF_PATENTS_OECDSPECIFIC(1.0),,I,6F0,,A,,GR,,PATN,,PRIORITY,,BIH,,_Z,,INVENTOR,,_Z,,_Z,,_T,,2019,,0,,A,,1,,0,
DATAFLOW,OECD.STI.PIE:DSD_PATENTS@DF_PATENTS_OECDSPECIFIC(1.0),,I,6F0,,A,,GR,,PATN,,PRIORITY,,VEN,,_Z,,INVENTOR,,_Z,,_Z,,_T,,2019,,0,,A,,1,,0,
DATAFLOW,OECD.STI.PIE:DSD_PATENTS@DF_PATENTS_OECDSPECIFIC(1.0),,I,6F0,,A,,GR,,PATN,,PRIORITY,,GTM,,_Z,,INVENTOR,,_Z,,_Z,,_T,,2019,,0,,A,,1,,0,
DATAFLOW,OECD.STI.PIE:DSD_PATENTS@DF_PATENTS_OECDSPECIFIC(1.0),,I,6F0,,A,,GR,,PATN,,PRIORITY,,TTO,,_Z,,INVENTOR,,_Z,,_Z,,_T,,2019,,0,,A,,1,,0,
DATAFLOW,OECD.STI.PIE:DSD_PATENTS@DF_PATENTS_OECDSPECIFIC(1.0),,I,6F0,,A,,GR,,PATN,,PRIORITY,,NGA,,_Z,,INVENTOR,,_Z,,_Z,,_T,,2019,,0,,A,,1,,0,
DATAFLOW,OECD.STI.PIE:DSD_PATENTS@DF_PATENTS_OECDSPECIFIC(1.0),,I,6F0,,A,,GR,,PATN,,PRIORITY,,KAZ,,_Z,,INVENTOR,,_Z,,_Z,,_T,,2020,,0,,A,,1,,0,
DATAFLOW,OECD.STI.PIE:DSD_PATENTS@DF_PATENTS_OECDSPECIFIC(1.0),,I,6F0,,A,,GR,,PATN,,PRIORITY,,NGA,,_Z,,INVENTOR,,_Z,,_Z,,_T,,2020,,0,,A,,1,,0,
DATAFLOW,OECD.STI.PIE:DSD_PATENTS@DF_PATENTS_OECDSPECIFIC(1.0),,I,6F0,,A,,GR,,PATN,,PRIORITY,,TTO,,_Z,,INVENTOR,,_Z,,_Z,,_T,,2020,,0,,A,,1,,0,
DATAFLOW,OECD.STI.PIE:DSD_PATENTS@DF_PATENTS_OECDSPECIFIC(1.0),,I,6F0,,A,,GR,,PATN,,PRIORITY,,GTM,,_Z,,INVENTOR,,_Z,,_Z,,_T,,2020,,0,,A,,1,,0,
DATAFLOW,OECD.STI.PIE:DSD_PATENTS@DF_PATENTS_OECDSPECIFIC(1.0),,I,6F0,,A,,GR,,PATN,,PRIORITY,,DJI,,_Z,,INVENTOR,,_Z,,_Z,,_T,,2020,,0,,A,,1,,0,
DATAFLOW,OECD.STI.PIE:DSD_PATENTS@DF_PATENTS_OECDSPECIFIC(1.0),,I,6F0,,A,,GR,,PATN,,PRIORITY,,DZA,,_Z,,INVENTOR,,_Z,,_Z,,_T,,2020,,0,,A,,1,,0,
DATAFLOW,OECD.STI.PIE:DSD_PATENTS@DF_PATENTS_OECDSPECIFIC(1.0),,I,6F0,,A,,GR,,PATN,,PRIORITY,,ECU,,_Z,,INVENTOR,,_Z,,_Z,,_T,,2020,,0,,A,,1,,0,
DATAFLOW,OECD.STI.PIE:DSD_PATENTS@DF_PATENTS_OECDSPECIFIC(1.0),,I,6F0,,A,,GR,,PATN,,PRIORITY,,JAM,,_Z,,INVENTOR,,_Z,,_Z,,_T,,2020,,0,,A,,1,,0,
DATAFLOW,OECD.STI.PIE:DSD_PATENTS@DF_PATENTS_OECDSPECIFIC(1.0),,I,6F0,,A,,GR,,PATN,,PRIORITY,,KEN,,_Z,,INVENTOR,,_Z,,_Z,,_T,,2020,,0,,A,,1,,0,
DATAFLOW,OECD.STI.PIE:DSD_PATENTS@DF_PATENTS_OECDSPECIFIC(1.0),,I,6F0,,A,,GR,,PATN,,PRIORITY,,PAN,,_Z,,INVENTOR,,_Z,,_Z,,_T,,2020,,0,,A,,1,,0,
DATAFLOW,OECD.STI.PIE:DSD_PATENTS@DF_PATENTS_OECDSPECIFIC(1.0),,I,6F0,,A,,GR,,PATN,,PRIORITY,,MNG,,_Z,,INVENTOR,,_Z,,_Z,,_T,,2020,,0,,A,,1,,0,
DATAFLOW,OECD.STI.PIE:DSD_PATENTS@DF_PATENTS_OECDSPECIFIC(1.0),,I,6F0,,A,,GR,,PATN,,PRIORITY,,YUG_F,,_Z,,INVENTOR,,_Z,,_Z,,_T,,2020,,0,,A,,1,,0,
DATAFLOW,OECD.STI.PIE:DSD_PATENTS@DF_PATENTS_OECDSPECIFIC(1.0),,I,6F0,,A,,GR,,PATN,,PRIORITY,,SLV,,_Z,,INVENTOR,,_Z,,_Z,,_T,,2020,,0,,A,,1,,0,
DATAFLOW,OECD.STI.PIE:DSD_PATENTS@DF_PATENTS_OECDSPECIFIC(1.0),,I,6F0,,A,,GR,,PATN,,PRIORITY,,CUB,,_Z,,INVENTOR,,_Z,,_Z,,_T,,2020,,0,,A,,1,,0,
DATAFLOW,OECD.STI.PIE:DSD_PATENTS@DF_PATENTS_OECDSPECIFIC(1.0),,I,6F0,,A,,GR,,PATN,,PRIORITY,,ZWE,,_Z,,INVENTOR,,_Z,,_Z,,_T,,2020,,0,,A,,1,,0,
DATAFLOW,OECD.STI.PIE:DSD_PATENTS@DF_PATENTS_OECDSPECIFIC(1.0),,I,6F0,,A,,GR,,PATN,,PRIORITY,,PER,,_Z,,INVENTOR,,_Z,,_Z,,_T,,2021,,0,,A,,1,,0,
DATAFLOW,OECD.STI.PIE:DSD_PATENTS@DF_PATENTS_OECDSPECIFIC(1.0),,I,6F0,,A,,GR,,PATN,,PRIORITY,,ZWE,,_Z,,INVENTOR,,_Z,,_Z,,_T,,2021,,0,,A,,1,,0,
DATAFLOW,OECD.STI.PIE:DSD_PATENTS@DF_PATENTS_OECDSPECIFIC(1.0),,I,6F0,,A,,GR,,PATN,,PRIORITY,,SLV,,_Z,,INVENTOR,,_Z,,_Z,,_T,,2021,,0,,A,,1,,0,
DATAFLOW,OECD.STI.PIE:DSD_PATENTS@DF_PATENTS_OECDSPECIFIC(1.0),,I,6F0,,A,,GR,,PATN,,PRIORITY,,YUG_F,,_Z,,INVENTOR,,_Z,,_Z,,_T,,2021,,0,,A,,1,,0,
DATAFLOW,OECD.STI.PIE:DSD_PATENTS@DF_PATENTS_OECDSPECIFIC(1.0),,I,6F0,,A,,GR,,PATN,,PRIORITY,,UZB,,_Z,,INVENTOR,,_Z,,_Z,,_T,,2021,,0,,A,,1,,0,
DATAFLOW,OECD.STI.PIE:DSD_PATENTS@DF_PATENTS_OECDSPECIFIC(1.0),,I,6F0,,A,,GR,,PATN,,PRIORITY,,MNG,,_Z,,INVENTOR,,_Z,,_Z,,_T,,2021,,0,,A,,1,,0,
DATAFLOW,OECD.STI.PIE:DSD_PATENTS@DF_PATENTS_OECDSPECIFIC(1.0),,I,6F0,,A,,GR,,PATN,,PRIORITY,,PAN,,_Z,,INVENTOR,,_Z,,_Z,,_T,,2021,,0,,A,,1,,0,
DATAFLOW,OECD.STI.PIE:DSD_PATENTS@DF_PATENTS_OECDSPECIFIC(1.0),,I,6F0,,A,,GR,,PATN,,PRIORITY,,JAM,,_Z,,INVENTOR,,_Z,,_Z,,_T,,2021,,0,,A,,1,,0,
DATAFLOW,OECD.STI.PIE:DSD_PATENTS@DF_PATENTS_OECDSPECIFIC(1.0),,I,6F0,,A,,GR,,PATN,,PRIORITY,,ECU,,_Z,,INVENTOR,,_Z,,_Z,,_T,,2021,,0,,A,,1,,0,
DATAFLOW,OECD.STI.PIE:DSD_PATENTS@DF_PATENTS_OECDSPECIFIC(1.0),,I,6F0,,A,,GR,,PATN,,PRIORITY,,DZA,,_Z,,INVENTOR,,_Z,,_Z,,_T,,2021,,0,,A,,1,,0,
DATAFLOW,OECD.STI.PIE:DSD_PATENTS@DF_PATENTS_OECDSPECIFIC(1.0),,I,6F0,,A,,GR,,PATN,,PRIORITY,,DJI,,_Z,,INVENTOR,,_Z,,_Z,,_T,,2021,,0,,A,,1,,0,
DATAFLOW,OECD.STI.PIE:DSD_PATENTS@DF_PATENTS_OECDSPECIFIC(1.0),,I,6F0,,A,,GR,,PATN,,PRIORITY,,MDA,,_Z,,INVENTOR,,_Z,,_Z,,_T,,2021,,0,,A,,1,,0,
DATAFLOW,OECD.STI.PIE:DSD_PATENTS@DF_PATENTS_OECDSPECIFIC(1.0),,I,6F0,,A,,GR,,PATN,,PRIORITY,,MKD,,_Z,,INVENTOR,,_Z,,_Z,,_T,,2021,,0,,A,,1,,0,
DATAFLOW,OECD.STI.PIE:DSD_PATENTS@DF_PATENTS_OECDSPECIFIC(1.0),,I,6F0,,A,,GR,,PATN,,PRIORITY,,BIH,,_Z,,INVENTOR,,_Z,,_Z,,_T,,2021,,0,,A,,1,,0,
DATAFLOW,OECD.STI.PIE:DSD_PATENTS@DF_PATENTS_OECDSPECIFIC(1.0),,I,6F0,,A,,GR,,PATN,,PRIORITY,,JOR,,_Z,,INVENTOR,,_Z,,_Z,,_T,,2021,,0,,A,,1,,0,
DATAFLOW,OECD.STI.PIE:DSD_PATENTS@DF_PATENTS_OECDSPECIFIC(1.0),,I,6F0,,A,,GR,,PATN,,PRIORITY,,CYM,,_Z,,INVENTOR,,_Z,,_Z,,_T,,2021,,0,,A,,1,,0,
DATAFLOW,OECD.STI.PIE:DSD_PATENTS@DF_PATENTS_OECDSPECIFIC(1.0),,I,6F0,,A,,GR,,PATN,,PRIORITY,,URY,,_Z,,INVENTOR,,_Z,,_Z,,_T,,2021,,0,,A,,1,,0,
DATAFLOW,OECD.STI.PIE:DSD_PATENTS@DF_PATENTS_OECDSPECIFIC(1.0),,I,6F0,,A,,GR,,PATN,,PRIORITY,,GTM,,_Z,,INVENTOR,,_Z,,_Z,,_T,,2021,,0,,A,,1,,0,
DATAFLOW,OECD.STI.PIE:DSD_PATENTS@DF_PATENTS_OECDSPECIFIC(1.0),,I,6F0,,A,,GR,,PATN,,PRIORITY,,TTO,,_Z,,INVENTOR,,_Z,,_Z,,_T,,2021,,0,,A,,1,,0,
DATAFLOW,OECD.STI.PIE:DSD_PATENTS@DF_PATENTS_OECDSPECIFIC(1.0),,I,6F0,,A,,GR,,PATN,,PRIORITY,,PRK,,_Z,,INVENTOR,,_Z,,_Z,,_T,,2021,,0,,A,,1,,0,
DATAFLOW,OECD.STI.PIE:DSD_PATENTS@DF_PATENTS_OECDSPECIFIC(1.0),,I,6F0,,A,,GR,,PATN,,PRIORITY,,KAZ,,_Z,,INVENTOR,,_Z,,_Z,,_T,,2021,,0,,A,,1,,0,
DATAFLOW,OECD.STI.PIE:DSD_PATENTS@DF_PATENTS_OECDSPECIFIC(1.0),,I,9P50_1,,A,,AP,,PATN,,PRIORITY,,ZWE,,_Z,,INVENTOR,,_Z,,_Z,,_T,,2018,,0,,A,,1,,0,
DATAFLOW,OECD.STI.PIE:DSD_PATENTS@DF_PATENTS_OECDSPECIFIC(1.0),,I,9P50_1,,A,,AP,,PATN,,PRIORITY,,SYC,,_Z,,INVENTOR,,_Z,,_Z,,_T,,2018,,0,,A,,1,,0,
DATAFLOW,OECD.STI.PIE:DSD_PATENTS@DF_PATENTS_OECDSPECIFIC(1.0),,I,9P50_1,,A,,AP,,PATN,,PRIORITY,,GTM,,_Z,,INVENTOR,,_Z,,_Z,,_T,,2018,,0,,A,,1,,0,
DATAFLOW,OECD.STI.PIE:DSD_PATENTS@DF_PATENTS_OECDSPECIFIC(1.0),,I,9P50_1,,A,,AP,,PATN,,PRIORITY,,YUG_F,,_Z,,INVENTOR,,_Z,,_Z,,_T,,2018,,0,,A,,1,,0,
DATAFLOW,OECD.STI.PIE:DSD_PATENTS@DF_PATENTS_OECDSPECIFIC(1.0),,I,9P50_1,,A,,AP,,PATN,,PRIORITY,,DJI,,_Z,,INVENTOR,,_Z,,_Z,,_T,,2018,,0,,A,,1,,0,
DATAFLOW,OECD.STI.PIE:DSD_PATENTS@DF_PATENTS_OECDSPECIFIC(1.0),,I,9P50_1,,A,,AP,,PATN,,PRIORITY,,DJI,,_Z,,INVENTOR,,_Z,,_Z,,_T,,2019,,0,,A,,1,,0,
DATAFLOW,OECD.STI.PIE:DSD_PATENTS@DF_PATENTS_OECDSPECIFIC(1.0),,I,9P50_1,,A,,AP,,PATN,,PRIORITY,,TTO,,_Z,,INVENTOR,,_Z,,_Z,,_T,,2019,,0,,A,,1,,0,
DATAFLOW,OECD.STI.PIE:DSD_PATENTS@DF_PATENTS_OECDSPECIFIC(1.0),,I,9P50_1,,A,,AP,,PATN,,PRIORITY,,YUG_F,,_Z,,INVENTOR,,_Z,,_Z,,_T,,2019,,0,,A,,1,,0,
DATAFLOW,OECD.STI.PIE:DSD_PATENTS@DF_PATENTS_OECDSPECIFIC(1.0),,I,9P50_1,,A,,AP,,PATN,,PRIORITY,,JAM,,_Z,,INVENTOR,,_Z,,_Z,,_T,,2019,,0,,A,,1,,0,
DATAFLOW,OECD.STI.PIE:DSD_PATENTS@DF_PATENTS_OECDSPECIFIC(1.0),,I,9P50_1,,A,,AP,,PATN,,PRIORITY,,SLV,,_Z,,INVENTOR,,_Z,,_Z,,_T,,2019,,0,,A,,1,,0,
DATAFLOW,OECD.STI.PIE:DSD_PATENTS@DF_PATENTS_OECDSPECIFIC(1.0),,I,9P50_1,,A,,AP,,PATN,,PRIORITY,,BMU,,_Z,,INVENTOR,,_Z,,_Z,,_T,,2019,,0,,A,,1,,0,
DATAFLOW,OECD.STI.PIE:DSD_PATENTS@DF_PATENTS_OECDSPECIFIC(1.0),,I,9P50_1,,A,,AP,,PATN,,PRIORITY,,SLV,,_Z,,INVENTOR,,_Z,,_Z,,_T,,2020,,0,,A,,1,,0,
DATAFLOW,OECD.STI.PIE:DSD_PATENTS@DF_PATENTS_OECDSPECIFIC(1.0),,I,9P50_1,,A,,AP,,PATN,,PRIORITY,,YUG_F,,_Z,,INVENTOR,,_Z,,_Z,,_T,,2020,,0,,A,,1,,0,
DATAFLOW,OECD.STI.PIE:DSD_PATENTS@DF_PATENTS_OECDSPECIFIC(1.0),,I,9P50_1,,A,,AP,,PATN,,PRIORITY,,DJI,,_Z,,INVENTOR,,_Z,,_Z,,_T,,2020,,0,,A,,1,,0,
DATAFLOW,OECD.STI.PIE:DSD_PATENTS@DF_PATENTS_OECDSPECIFIC(1.0),,I,9P50_1,,A,,AP,,PATN,,PRIORITY,,DJI,,_Z,,INVENTOR,,_Z,,_Z,,_T,,2021,,0,,A,,1,,0,
DATAFLOW,OECD.STI.PIE:DSD_PATENTS@DF_PATENTS_OECDSPECIFIC(1.0),,I,9P50_1,,A,,AP,,PATN,,PRIORITY,,YUG_F,,_Z,,INVENTOR,,_Z,,_Z,,_T,,2021,,0,,A,,1,,0,
DATAFLOW,OECD.STI.PIE:DSD_PATENTS@DF_PATENTS_OECDSPECIFIC(1.0),,I,9P50_1,,A,,AP,,PATN,,PRIORITY,,MNG,,_Z,,INVENTOR,,_Z,,_Z,,_T,,2021,,0,,A,,1,,0,
DATAFLOW,OECD.STI.PIE:DSD_PATENTS@DF_PATENTS_OECDSPECIFIC(1.0),,I,9P50_1,,A,,AP,,PATN,,PRIORITY,,ZWE,,_Z,,INVENTOR,,_Z,,_Z,,_T,,2021,,0,,A,,1,,0,
DATAFLOW,OECD.STI.PIE:DSD_PATENTS@DF_PATENTS_OECDSPECIFIC(1.0),,I,9P50_1,,A,,AP,,PATN,,PRIORITY,,SLV,,_Z,,INVENTOR,,_Z,,_Z,,_T,,2022,,0,,A,,1,,0,
DATAFLOW,OECD.STI.PIE:DSD_PATENTS@DF_PATENTS_OECDSPECIFIC(1.0),,I,9P50_1,,A,,AP,,PATN,,PRIORITY,,ZWE,,_Z,,INVENTOR,,_Z,,_Z,,_T,,2022,,0,,A,,1,,0,
DATAFLOW,OECD.STI.PIE:DSD_PATENTS@DF_PATENTS_OECDSPECIFIC(1.0),,I,9P50_1,,A,,AP,,PATN,,PRIORITY,,SYC,,_Z,,INVENTOR,,_Z,,_Z,,_T,,2022,,0,,A,,1,,0,
DATAFLOW,OECD.STI.PIE:DSD_PATENTS@DF_PATENTS_OECDSPECIFIC(1.0),,I,9P50_1,,A,,AP,,PATN,,PRIORITY,,YUG_F,,_Z,,INVENTOR,,_Z,,_Z,,_T,,2022,,0,,A,,1,,0,
DATAFLOW,OECD.STI.PIE:DSD_PATENTS@DF_PATENTS_OECDSPECIFIC(1.0),,I,9P50_1,,A,,AP,,PATN,,PRIORITY,,DJI,,_Z,,INVENTOR,,_Z,,_Z,,_T,,2022,,0,,A,,1,,0,
DATAFLOW,OECD.STI.PIE:DSD_PATENTS@DF_PATENTS_OECDSPECIFIC(1.0),,I,9P50_1,,A,,AP,,PATN,,PRIORITY,,DJI,,_Z,,INVENTOR,,_Z,,_Z,,_T,,2023,,0,,A,,1,,0,
DATAFLOW,OECD.STI.PIE:DSD_PATENTS@DF_PATENTS_OECDSPECIFIC(1.0),,I,9P50_1,,A,,AP,,PATN,,PRIORITY,,YUG_F,,_Z,,INVENTOR,,_Z,,_Z,,_T,,2023,,0,,A,,1,,0,
DATAFLOW,OECD.STI.PIE:DSD_PATENTS@DF_PATENTS_OECDSPECIFIC(1.0),,I,9P50_1,,A,,AP,,PATN,,PRIORITY,,ZWE,,_Z,,INVENTOR,,_Z,,_Z,,_T,,2023,,0,,A,,1,,0,
DATAFLOW,OECD.STI.PIE:DSD_PATENTS@DF_PATENTS_OECDSPECIFIC(1.0),,I,9P50_1,,A,,AP,,PATN,,PRIORITY,,ZWE,,_Z,,INVENTOR,,_Z,,_Z,,_T,,2024,,0,,A,,1,,0,
DATAFLOW,OECD.STI.PIE:DSD_PATENTS@DF_PATENTS_OECDSPECIFIC(1.0),,I,9P50_1,,A,,AP,,PATN,,PRIORITY,,YUG_F,,_Z,,INVENTOR,,_Z,,_Z,,_T,,2024,,0,,A,,1,,0,
DATAFLOW,OECD.STI.PIE:DSD_PATENTS@DF_PATENTS_OECDSPECIFIC(1.0),,I,9P50_1,,A,,AP,,PATN,,PRIORITY,,DJI,,_Z,,INVENTOR,,_Z,,_Z,,_T,,2024,,0,,A,,1,,0,
DATAFLOW,OECD.STI.PIE:DSD_PATENTS@DF_PATENTS_OECDSPECIFIC(1.0),,I,6F0,,A,,AP,,PATN,,PRIORITY,,BMU,,_Z,,INVENTOR,,_Z,,_Z,,_T,,2018,,1,,A,,1,,0,
DATAFLOW,OECD.STI.PIE:DSD_PATENTS@DF_PATENTS_OECDSPECIFIC(1.0),,I,6F0,,A,,AP,,PATN,,PRIORITY,,DZA,,_Z,,INVENTOR,,_Z,,_Z,,_T,,2018,,1,,A,,1,,0,
DATAFLOW,OECD.STI.PIE:DSD_PATENTS@DF_PATENTS_OECDSPECIFIC(1.0),,I,6F0,,A,,AP,,PATN,,PRIORITY,,UZB,,_Z,,INVENTOR,,_Z,,_Z,,_T,,2018,,1,,A,,1,,0,
DATAFLOW,OECD.STI.PIE:DSD_PATENTS@DF_PATENTS_OECDSPECIFIC(1.0),,I,6F0,,A,,AP,,PATN,,PRIORITY,,JOR,,_Z,,INVENTOR,,_Z,,_Z,,_T,,2018,,1,,A,,1,,0,
DATAFLOW,OECD.STI.PIE:DSD_PATENTS@DF_PATENTS_OECDSPECIFIC(1.0),,I,6F0,,A,,AP,,PATN,,PRIORITY,,PAN,,_Z,,INVENTOR,,_Z,,_Z,,_T,,2020,,1,,A,,1,,0,
DATAFLOW,OECD.STI.PIE:DSD_PATENTS@DF_PATENTS_OECDSPECIFIC(1.0),,I,6F0,,A,,AP,,PATN,,PRIORITY,,SYC,,_Z,,INVENTOR,,_Z,,_Z,,_T,,2020,,1,,A,,1,,0,
DATAFLOW,OECD.STI.PIE:DSD_PATENTS@DF_PATENTS_OECDSPECIFIC(1.0),,I,6F0,,A,,AP,,PATN,,PRIORITY,,MNG,,_Z,,INVENTOR,,_Z,,_Z,,_T,,2020,,1,,A,,1,,0,
DATAFLOW,OECD.STI.PIE:DSD_PATENTS@DF_PATENTS_OECDSPECIFIC(1.0),,I,6F0,,A,,AP,,PATN,,PRIORITY,,GEO,,_Z,,INVENTOR,,_Z,,_Z,,_T,,2022,,1,,A,,1,,0,
DATAFLOW,OECD.STI.PIE:DSD_PATENTS@DF_PATENTS_OECDSPECIFIC(1.0),,I,6F0,,A,,AP,,PATN,,PRIORITY,,SYC,,_Z,,INVENTOR,,_Z,,_Z,,_T,,2022,,1,,A,,1,,0,
DATAFLOW,OECD.STI.PIE:DSD_PATENTS@DF_PATENTS_OECDSPECIFIC(1.0),,I,6F0,,A,,GR,,PATN,,PRIORITY,,KAZ,,_Z,,INVENTOR,,_Z,,_Z,,_T,,2018,,1,,A,,1,,0,
DATAFLOW,OECD.STI.PIE:DSD_PATENTS@DF_PATENTS_OECDSPECIFIC(1.0),,I,6F0,,A,,GR,,PATN,,PRIORITY,,PRI,,_Z,,INVENTOR,,_Z,,_Z,,_T,,2018,,1,,A,,1,,0,
DATAFLOW,OECD.STI.PIE:DSD_PATENTS@DF_PATENTS_OECDSPECIFIC(1.0),,I,6F0,,A,,GR,,PATN,,PRIORITY,,PRK,,_Z,,INVENTOR,,_Z,,_Z,,_T,,2018,,1,,A,,1,,0,
DATAFLOW,OECD.STI.PIE:DSD_PATENTS@DF_PATENTS_OECDSPECIFIC(1.0),,I,6F0,,A,,GR,,PATN,,PRIORITY,,JOR,,_Z,,INVENTOR,,_Z,,_Z,,_T,,2018,,1,,A,,1,,0,
DATAFLOW,OECD.STI.PIE:DSD_PATENTS@DF_PATENTS_OECDSPECIFIC(1.0),,I,6F0,,A,,GR,,PATN,,PRIORITY,,DZA,,_Z,,INVENTOR,,_Z,,_Z,,_T,,2018,,1,,A,,1,,0,
DATAFLOW,OECD.STI.PIE:DSD_PATENTS@DF_PATENTS_OECDSPECIFIC(1.0),,I,6F0,,A,,GR,,PATN,,PRIORITY,,UZB,,_Z,,INVENTOR,,_Z,,_Z,,_T,,2018,,1,,A,,1,,0,
DATAFLOW,OECD.STI.PIE:DSD_PATENTS@DF_PATENTS_OECDSPECIFIC(1.0),,I,6F0,,A,,GR,,PATN,,PRIORITY,,CUB,,_Z,,INVENTOR,,_Z,,_Z,,_T,,2018,,1,,A,,1,,0,
DATAFLOW,OECD.STI.PIE:DSD_PATENTS@DF_PATENTS_OECDSPECIFIC(1.0),,I,6F0,,A,,GR,,PATN,,PRIORITY,,BMU,,_Z,,INVENTOR,,_Z,,_Z,,_T,,2018,,1,,A,,1,,0,
DATAFLOW,OECD.STI.PIE:DSD_PATENTS@DF_PATENTS_OECDSPECIFIC(1.0),,I,6F0,,A,,GR,,PATN,,PRIORITY,,IRN,,_Z,,INVENTOR,,_Z,,_Z,,_T,,2018,,1,,A,,1,,0,
DATAFLOW,OECD.STI.PIE:DSD_PATENTS@DF_PATENTS_OECDSPECIFIC(1.0),,I,6F0,,A,,GR,,PATN,,PRIORITY,,KWT,,_Z,,INVENTOR,,_Z,,_Z,,_T,,2019,,1,,A,,1,,0,
DATAFLOW,OECD.STI.PIE:DSD_PATENTS@DF_PATENTS_OECDSPECIFIC(1.0),,I,6F0,,A,,GR,,PATN,,PRIORITY,,GEO,,_Z,,INVENTOR,,_Z,,_Z,,_T,,2019,,1,,A,,1,,0,
DATAFLOW,OECD.STI.PIE:DSD_PATENTS@DF_PATENTS_OECDSPECIFIC(1.0),,I,6F0,,A,,GR,,PATN,,PRIORITY,,KAZ,,_Z,,INVENTOR,,_Z,,_Z,,_T,,2019,,1,,A,,1,,0,
DATAFLOW,OECD.STI.PIE:DSD_PATENTS@DF_PATENTS_OECDSPECIFIC(1.0),,I,6F0,,A,,GR,,PATN,,PRIORITY,,GEO,,_Z,,INVENTOR,,_Z,,_Z,,_T,,2020,,1,,A,,1,,0,
DATAFLOW,OECD.STI.PIE:DSD_PATENTS@DF_PATENTS_OECDSPECIFIC(1.0),,I,6F0,,A,,GR,,PATN,,PRIORITY,,SYC,,_Z,,INVENTOR,,_Z,,_Z,,_T,,2020,,1,,A,,1,,0,
DATAFLOW,OECD.STI.PIE:DSD_PATENTS@DF_PATENTS_OECDSPECIFIC(1.0),,I,6F0,,A,,GR,,PATN,,PRIORITY,,CYM,,_Z,,INVENTOR,,_Z,,_Z,,_T,,2020,,1,,A,,1,,0,
DATAFLOW,OECD.STI.PIE:DSD_PATENTS@DF_PATENTS_OECDSPECIFIC(1.0),,I,6F0,,A,,GR,,PATN,,PRIORITY,,MLT,,_Z,,INVENTOR,,_Z,,_Z,,_T,,2020,,1,,A,,1,,0,
DATAFLOW,OECD.STI.PIE:DSD_PATENTS@DF_PATENTS_OECDSPECIFIC(1.0),,I,6F0,,A,,GR,,PATN,,PRIORITY,,MKD,,_Z,,INVENTOR,,_Z,,_Z,,_T,,2020,,1,,A,,1,,0,
DATAFLOW,OECD.STI.PIE:DSD_PATENTS@DF_PATENTS_OECDSPECIFIC(1.0),,I,6F0,,A,,GR,,PATN,,PRIORITY,,BMU,,_Z,,INVENTOR,,_Z,,_Z,,_T,,2020,,1,,A,,1,,0,
DATAFLOW,OECD.STI.PIE:DSD_PATENTS@DF_PATENTS_OECDSPECIFIC(1.0),,I,6F0,,A,,GR,,PATN,,PRIORITY,,IRN,,_Z,,INVENTOR,,_Z,,_Z,,_T,,2020,,1,,A,,1,,0,
DATAFLOW,OECD.STI.PIE:DSD_PATENTS@DF_PATENTS_OECDSPECIFIC(1.0),,I,6F0,,A,,GR,,PATN,,PRIORITY,,BMU,,_Z,,INVENTOR,,_Z,,_Z,,_T,,2021,,1,,A,,1,,0,
DATAFLOW,OECD.STI.PIE:DSD_PATENTS@DF_PATENTS_OECDSPECIFIC(1.0),,I,6F0,,A,,GR,,PATN,,PRIORITY,,CUB,,_Z,,INVENTOR,,_Z,,_Z,,_T,,2021,,1,,A,,1,,0,
DATAFLOW,OECD.STI.PIE:DSD_PATENTS@DF_PATENTS_OECDSPECIFIC(1.0),,I,6F0,,A,,GR,,PATN,,PRIORITY,,PHL,,_Z,,INVENTOR,,_Z,,_Z,,_T,,2021,,1,,A,,1,,0,
DATAFLOW,OECD.STI.PIE:DSD_PATENTS@DF_PATENTS_OECDSPECIFIC(1.0),,I,6F0,,A,,GR,,PATN,,PRIORITY,,VEN,,_Z,,INVENTOR,,_Z,,_Z,,_T,,2021,,1,,A,,1,,0,
DATAFLOW,OECD.STI.PIE:DSD_PATENTS@DF_PATENTS_OECDSPECIFIC(1.0),,I,9P50_1,,A,,AP,,PATN,,PRIORITY,,UZB,,_Z,,INVENTOR,,_Z,,_Z,,_T,,2018,,1,,A,,1,,0,
DATAFLOW,OECD.STI.PIE:DSD_PATENTS@DF_PATENTS_OECDSPECIFIC(1.0),,I,9P50_1,,A,,AP,,PATN,,PRIORITY,,VEN,,_Z,,INVENTOR,,_Z,,_Z,,_T,,2019,,1,,A,,1,,0,
DATAFLOW,OECD.STI.PIE:DSD_PATENTS@DF_PATENTS_OECDSPECIFIC(1.0),,I,9P50_1,,A,,AP,,PATN,,PRIORITY,,UZB,,_Z,,INVENTOR,,_Z,,_Z,,_T,,2019,,1,,A,,1,,0,
DATAFLOW,OECD.STI.PIE:DSD_PATENTS@DF_PATENTS_OECDSPECIFIC(1.0),,I,9P50_1,,A,,AP,,PATN,,PRIORITY,,MNG,,_Z,,INVENTOR,,_Z,,_Z,,_T,,2020,,1,,A,,1,,0,
DATAFLOW,OECD.STI.PIE:DSD_PATENTS@DF_PATENTS_OECDSPECIFIC(1.0),,I,9P50_1,,A,,AP,,PATN,,PRIORITY,,TTO,,_Z,,INVENTOR,,_Z,,_Z,,_T,,2020,,1,,A,,1,,0,
DATAFLOW,OECD.STI.PIE:DSD_PATENTS@DF_PATENTS_OECDSPECIFIC(1.0),,I,9P50_1,,A,,AP,,PATN,,PRIORITY,,JAM,,_Z,,INVENTOR,,_Z,,_Z,,_T,,2021,,1,,A,,1,,0,
DATAFLOW,OECD.STI.PIE:DSD_PATENTS@DF_PATENTS_OECDSPECIFIC(1.0),,I,9P50_1,,A,,AP,,PATN,,PRIORITY,,UZB,,_Z,,INVENTOR,,_Z,,_Z,,_T,,2021,,1,,A,,1,,0,
DATAFLOW,OECD.STI.PIE:DSD_PATENTS@DF_PATENTS_OECDSPECIFIC(1.0),,I,9P50_1,,A,,AP,,PATN,,PRIORITY,,SYC,,_Z,,INVENTOR,,_Z,,_Z,,_T,,2021,,1,,A,,1,,0,
DATAFLOW,OECD.STI.PIE:DSD_PATENTS@DF_PATENTS_OECDSPECIFIC(1.0),,I,9P50_1,,A,,AP,,PATN,,PRIORITY,,VEN,,_Z,,INVENTOR,,_Z,,_Z,,_T,,2022,,1,,A,,1,,0,
DATAFLOW,OECD.STI.PIE:DSD_PATENTS@DF_PATENTS_OECDSPECIFIC(1.0),,I,9P50_1,,A,,AP,,PATN,,PRIORITY,,LIE,,_Z,,INVENTOR,,_Z,,_Z,,_T,,2018,,33.633335,,A,,1,,0,
DATAFLOW,OECD.STI.PIE:DSD_PATENTS@DF_PATENTS_OECDSPECIFIC(1.0),,I,9P50_1,,A,,AP,,PATN,,PRIORITY,,BMU,,_Z,,INVENTOR,,_Z,,_Z,,_T,,2018,,4,,A,,1,,0,
DATAFLOW,OECD.STI.PIE:DSD_PATENTS@DF_PATENTS_OECDSPECIFIC(1.0),,I,9P50_1,,A,,AP,,PATN,,PRIORITY,,BEL,,_Z,,INVENTOR,,_Z,,_Z,,_T,,2018,,1300.0673,,A,,1,,0,
DATAFLOW,OECD.STI.PIE:DSD_PATENTS@DF_PATENTS_OECDSPECIFIC(1.0),,I,9P50_1,,A,,AP,,PATN,,PRIORITY,,CAN,,_Z,,INVENTOR,,_Z,,_Z,,_T,,2018,,3204.1328,,A,,1,,0,
DATAFLOW,OECD.STI.PIE:DSD_PATENTS@DF_PATENTS_OECDSPECIFIC(1.0),,I,9P50_1,,A,,AP,,PATN,,PRIORITY,,JPN,,_Z,,INVENTOR,,_Z,,_Z,,_T,,2018,,48463.504,,A,,1,,0,
DATAFLOW,OECD.STI.PIE:DSD_PATENTS@DF_PATENTS_OECDSPECIFIC(1.0),,I,9P50_1,,A,,AP,,PATN,,PRIORITY,,ARM,,_Z,,INVENTOR,,_Z,,_Z,,_T,,2018,,5.2317462,,A,,1,,0,
DATAFLOW,OECD.STI.PIE:DSD_PATENTS@DF_PATENTS_OECDSPECIFIC(1.0),,I,9P50_1,,A,,AP,,PATN,,PRIORITY,,ISL,,_Z,,INVENTOR,,_Z,,_Z,,_T,,2018,,36.315475,,A,,1,,0,
DATAFLOW,OECD.STI.PIE:DSD_PATENTS@DF_PATENTS_OECDSPECIFIC(1.0),,I,9P50_1,,A,,AP,,PATN,,PRIORITY,,MEX,,_Z,,INVENTOR,,_Z,,_Z,,_T,,2018,,251.40759,,A,,1,,0,
DATAFLOW,OECD.STI.PIE:DSD_PATENTS@DF_PATENTS_OECDSPECIFIC(1.0),,I,9P50_1,,A,,AP,,PATN,,PRIORITY,,BLR,,_Z,,INVENTOR,,_Z,,_Z,,_T,,2018,,25.460257,,A,,1,,0,
DATAFLOW,OECD.STI.PIE:DSD_PATENTS@DF_PATENTS_OECDSPECIFIC(1.0),,I,9P50_1,,A,,AP,,PATN,,PRIORITY,,IND,,_Z,,INVENTOR,,_Z,,_Z,,_T,,2018,,3026.7573,,A,,1,,0,
DATAFLOW,OECD.STI.PIE:DSD_PATENTS@DF_PATENTS_OECDSPECIFIC(1.0),,I,9P50_1,,A,,AP,,PATN,,PRIORITY,,ESP,,_Z,,INVENTOR,,_Z,,_Z,,_T,,2018,,1868.4913,,A,,1,,0,
DATAFLOW,OECD.STI.PIE:DSD_PATENTS@DF_PATENTS_OECDSPECIFIC(1.0),,I,9P50_1,,A,,AP,,PATN,,PRIORITY,,ARG,,_Z,,INVENTOR,,_Z,,_Z,,_T,,2018,,60.992859,,A,,1,,0,
DATAFLOW,OECD.STI.PIE:DSD_PATENTS@DF_PATENTS_OECDSPECIFIC(1.0),,I,9P50_1,,A,,AP,,PATN,,PRIORITY,,NOR,,_Z,,INVENTOR,,_Z,,_Z,,_T,,2018,,773.06049,,A,,1,,0,
DATAFLOW,OECD.STI.PIE:DSD_PATENTS@DF_PATENTS_OECDSPECIFIC(1.0),,I,9P50_1,,A,,AP,,PATN,,PRIORITY,,MCO,,_Z,,INVENTOR,,_Z,,_Z,,_T,,2018,,20.345238,,A,,1,,0,
DATAFLOW,OECD.STI.PIE:DSD_PATENTS@DF_PATENTS_OECDSPECIFIC(1.0),,I,9P50_1,,A,,AP,,PATN,,PRIORITY,,PRK,,_Z,,INVENTOR,,_Z,,_Z,,_T,,2018,,2.2,,A,,1,,0,
DATAFLOW,OECD.STI.PIE:DSD_PATENTS@DF_PATENTS_OECDSPECIFIC(1.0),,I,9P50_1,,A,,AP,,PATN,,PRIORITY,,ROU,,_Z,,INVENTOR,,_Z,,_Z,,_T,,2018,,70.896141,,A,,1,,0,
DATAFLOW,OECD.STI.PIE:DSD_PATENTS@DF_PATENTS_OECDSPECIFIC(1.0),,I,9P50_1,,A,,AP,,PATN,,PRIORITY,,CYM,,_Z,,INVENTOR,,_Z,,_Z,,_T,,2018,,14.5,,A,,1,,0,
DATAFLOW,OECD.STI.PIE:DSD_PATENTS@DF_PATENTS_OECDSPECIFIC(1.0),,I,9P50_1,,A,,AP,,PATN,,PRIORITY,,KWT,,_Z,,INVENTOR,,_Z,,_Z,,_T,,2018,,7.8333335,,A,,1,,0,
DATAFLOW,OECD.STI.PIE:DSD_PATENTS@DF_PATENTS_OECDSPECIFIC(1.0),,I,9P50_1,,A,,AP,,PATN,,PRIORITY,,SLV,,_Z,,INVENTOR,,_Z,,_Z,,_T,,2018,,1.8,,A,,1,,0,
DATAFLOW,OECD.STI.PIE:DSD_PATENTS@DF_PATENTS_OECDSPECIFIC(1.0),,I,9P50_1,,A,,AP,,PATN,,PRIORITY,,PAN,,_Z,,INVENTOR,,_Z,,_Z,,_T,,2018,,141,,A,,1,,0,
DATAFLOW,OECD.STI.PIE:DSD_PATENTS@DF_PATENTS_OECDSPECIFIC(1.0),,I,9P50_1,,A,,AP,,PATN,,PRIORITY,,LKA,,_Z,,INVENTOR,,_Z,,_Z,,_T,,2018,,16.319048,,A,,1,,0,
DATAFLOW,OECD.STI.PIE:DSD_PATENTS@DF_PATENTS_OECDSPECIFIC(1.0),,I,9P50_1,,A,,AP,,PATN,,PRIORITY,,PHL,,_Z,,INVENTOR,,_Z,,_Z,,_T,,2018,,30.148809,,A,,1,,0,
DATAFLOW,OECD.STI.PIE:DSD_PATENTS@DF_PATENTS_OECDSPECIFIC(1.0),,I,9P50_1,,A,,AP,,PATN,,PRIORITY,,PRI,,_Z,,INVENTOR,,_Z,,_Z,,_T,,2018,,4.7857141,,A,,1,,0,
DATAFLOW,OECD.STI.PIE:DSD_PATENTS@DF_PATENTS_OECDSPECIFIC(1.0),,I,9P50_1,,A,,AP,,PATN,,PRIORITY,,MKD,,_Z,,INVENTOR,,_Z,,_Z,,_T,,2018,,7.4166665,,A,,1,,0,
DATAFLOW,OECD.STI.PIE:DSD_PATENTS@DF_PATENTS_OECDSPECIFIC(1.0),,I,9P50_1,,A,,AP,,PATN,,PRIORITY,,OECD,,_Z,,INVENTOR,,_Z,,_Z,,_T,,2018,,187893.94,,A,,1,,0,
DATAFLOW,OECD.STI.PIE:DSD_PATENTS@DF_PATENTS_OECDSPECIFIC(1.0),,I,9P50_1,,A,,AP,,PATN,,PRIORITY,,THA,,_Z,,INVENTOR,,_Z,,_Z,,_T,,2018,,111.12706,,A,,1,,0,
DATAFLOW,OECD.STI.PIE:DSD_PATENTS@DF_PATENTS_OECDSPECIFIC(1.0),,I,9P50_1,,A,,AP,,PATN,,PRIORITY,,SVN,,_Z,,INVENTOR,,_Z,,_Z,,_T,,2018,,89.837555,,A,,1,,0,
DATAFLOW,OECD.STI.PIE:DSD_PATENTS@DF_PATENTS_OECDSPECIFIC(1.0),,I,9P50_1,,A,,AP,,PATN,,PRIORITY,,USA,,_Z,,INVENTOR,,_Z,,_Z,,_T,,2018,,55023.73,,A,,1,,0,
DATAFLOW,OECD.STI.PIE:DSD_PATENTS@DF_PATENTS_OECDSPECIFIC(1.0),,I,9P50_1,,A,,AP,,PATN,,PRIORITY,,JOR,,_Z,,INVENTOR,,_Z,,_Z,,_T,,2018,,19.666666,,A,,1,,0,
DATAFLOW,OECD.STI.PIE:DSD_PATENTS@DF_PATENTS_OECDSPECIFIC(1.0),,I,9P50_1,,A,,AP,,PATN,,PRIORITY,,RUS,,_Z,,INVENTOR,,_Z,,_Z,,_T,,2018,,1121.9326,,A,,1,,0,
DATAFLOW,OECD.STI.PIE:DSD_PATENTS@DF_PATENTS_OECDSPECIFIC(1.0),,I,9P50_1,,A,,AP,,PATN,,PRIORITY,,UKR,,_Z,,INVENTOR,,_Z,,_Z,,_T,,2018,,197.26746,,A,,1,,0,
DATAFLOW,OECD.STI.PIE:DSD_PATENTS@DF_PATENTS_OECDSPECIFIC(1.0),,I,9P50_1,,A,,AP,,PATN,,PRIORITY,,ARE,,_Z,,INVENTOR,,_Z,,_Z,,_T,,2018,,101.58654,,A,,1,,0,
DATAFLOW,OECD.STI.PIE:DSD_PATENTS@DF_PATENTS_OECDSPECIFIC(1.0),,I,9P50_1,,A,,AP,,PATN,,PRIORITY,,CYP,,_Z,,INVENTOR,,_Z,,_Z,,_T,,2018,,13.523809,,A,,1,,0,
DATAFLOW,OECD.STI.PIE:DSD_PATENTS@DF_PATENTS_OECDSPECIFIC(1.0),,I,9P50_1,,A,,AP,,PATN,,PRIORITY,,URY,,_Z,,INVENTOR,,_Z,,_Z,,_T,,2018,,11.044444,,A,,1,,0,
DATAFLOW,OECD.STI.PIE:DSD_PATENTS@DF_PATENTS_OECDSPECIFIC(1.0),,I,9P50_1,,A,,AP,,PATN,,PRIORITY,,KOR,,_Z,,INVENTOR,,_Z,,_Z,,_T,,2018,,17385.867,,A,,1,,0,
DATAFLOW,OECD.STI.PIE:DSD_PATENTS@DF_PATENTS_OECDSPECIFIC(1.0),,I,9P50_1,,A,,AP,,PATN,,PRIORITY,,TUR,,_Z,,INVENTOR,,_Z,,_Z,,_T,,2018,,1529.2373,,A,,1,,0,
DATAFLOW,OECD.STI.PIE:DSD_PATENTS@DF_PATENTS_OECDSPECIFIC(1.0),,I,9P50_1,,A,,AP,,PATN,,PRIORITY,,VEN,,_Z,,INVENTOR,,_Z,,_Z,,_T,,2018,,2.0999999,,A,,1,,0,
DATAFLOW,OECD.STI.PIE:DSD_PATENTS@DF_PATENTS_OECDSPECIFIC(1.0),,I,9P50_1,,A,,AP,,PATN,,PRIORITY,,KAZ,,_Z,,INVENTOR,,_Z,,_Z,,_T,,2018,,24.357143,,A,,1,,0,
DATAFLOW,OECD.STI.PIE:DSD_PATENTS@DF_PATENTS_OECDSPECIFIC(1.0),,I,9P50_1,,A,,AP,,PATN,,PRIORITY,,AUS,,_Z,,INVENTOR,,_Z,,_Z,,_T,,2018,,1879.5342,,A,,1,,0,
DATAFLOW,OECD.STI.PIE:DSD_PATENTS@DF_PATENTS_OECDSPECIFIC(1.0),,I,9P50_1,,A,,AP,,PATN,,PRIORITY,,CHL,,_Z,,INVENTOR,,_Z,,_Z,,_T,,2018,,210.82063,,A,,1,,0,
DATAFLOW,OECD.STI.PIE:DSD_PATENTS@DF_PATENTS_OECDSPECIFIC(1.0),,I,9P50_1,,A,,AP,,PATN,,PRIORITY,,NZL,,_Z,,INVENTOR,,_Z,,_Z,,_T,,2018,,272.05667,,A,,1,,0,
DATAFLOW,OECD.STI.PIE:DSD_PATENTS@DF_PATENTS_OECDSPECIFIC(1.0),,I,9P50_1,,A,,AP,,PATN,,PRIORITY,,HUN,,_Z,,INVENTOR,,_Z,,_Z,,_T,,2018,,312.12289,,A,,1,,0,
DATAFLOW,OECD.STI.PIE:DSD_PATENTS@DF_PATENTS_OECDSPECIFIC(1.0),,I,9P50_1,,A,,AP,,PATN,,PRIORITY,,CRI,,_Z,,INVENTOR,,_Z,,_Z,,_T,,2018,,12.764286,,A,,1,,0,
DATAFLOW,OECD.STI.PIE:DSD_PATENTS@DF_PATENTS_OECDSPECIFIC(1.0),,I,9P50_1,,A,,AP,,PATN,,PRIORITY,,CHN,,_Z,,INVENTOR,,_Z,,_Z,,_T,,2018,,52910.793,,A,,1,,0,
DATAFLOW,OECD.STI.PIE:DSD_PATENTS@DF_PATENTS_OECDSPECIFIC(1.0),,I,9P50_1,,A,,AP,,PATN,,PRIORITY,,IRL,,_Z,,INVENTOR,,_Z,,_Z,,_T,,2018,,392.56143,,A,,1,,0,
DATAFLOW,OECD.STI.PIE:DSD_PATENTS@DF_PATENTS_OECDSPECIFIC(1.0),,I,9P50_1,,A,,AP,,PATN,,PRIORITY,,ECU,,_Z,,INVENTOR,,_Z,,_Z,,_T,,2018,,26.128969,,A,,1,,0,
DATAFLOW,OECD.STI.PIE:DSD_PATENTS@DF_PATENTS_OECDSPECIFIC(1.0),,I,9P50_1,,A,,AP,,PATN,,PRIORITY,,GRC,,_Z,,INVENTOR,,_Z,,_Z,,_T,,2018,,149.4615,,A,,1,,0,
DATAFLOW,OECD.STI.PIE:DSD_PATENTS@DF_PATENTS_OECDSPECIFIC(1.0),,I,9P50_1,,A,,AP,,PATN,,PRIORITY,,AUT,,_Z,,INVENTOR,,_Z,,_Z,,_T,,2018,,1580.5026,,A,,1,,0,
DATAFLOW,OECD.STI.PIE:DSD_PATENTS@DF_PATENTS_OECDSPECIFIC(1.0),,I,9P50_1,,A,,AP,,PATN,,PRIORITY,,PER,,_Z,,INVENTOR,,_Z,,_Z,,_T,,2018,,42.849998,,A,,1,,0,
DATAFLOW,OECD.STI.PIE:DSD_PATENTS@DF_PATENTS_OECDSPECIFIC(1.0),,I,9P50_1,,A,,AP,,PATN,,PRIORITY,,ITA,,_Z,,INVENTOR,,_Z,,_Z,,_T,,2018,,3777.4731,,A,,1,,0,
DATAFLOW,OECD.STI.PIE:DSD_PATENTS@DF_PATENTS_OECDSPECIFIC(1.0),,I,9P50_1,,A,,AP,,PATN,,PRIORITY,,EU27_2020,,_Z,,INVENTOR,,_Z,,_Z,,_T,,2018,,47385.965,,A,,1,,0,
DATAFLOW,OECD.STI.PIE:DSD_PATENTS@DF_PATENTS_OECDSPECIFIC(1.0),,I,9P50_1,,A,,AP,,PATN,,PRIORITY,,SVK,,_Z,,INVENTOR,,_Z,,_Z,,_T,,2018,,60.345886,,A,,1,,0,
DATAFLOW,OECD.STI.PIE:DSD_PATENTS@DF_PATENTS_OECDSPECIFIC(1.0),,I,9P50_1,,A,,AP,,PATN,,PRIORITY,,MLT,,_Z,,INVENTOR,,_Z,,_Z,,_T,,2018,,16.976191,,A,,1,,0,
DATAFLOW,OECD.STI.PIE:DSD_PATENTS@DF_PATENTS_OECDSPECIFIC(1.0),,I,9P50_1,,A,,AP,,PATN,,PRIORITY,,BGR,,_Z,,INVENTOR,,_Z,,_Z,,_T,,2018,,53.754761,,A,,1,,0,
DATAFLOW,OECD.STI.PIE:DSD_PATENTS@DF_PATENTS_OECDSPECIFIC(1.0),,I,9P50_1,,A,,AP,,PATN,,PRIORITY,,EST,,_Z,,INVENTOR,,_Z,,_Z,,_T,,2018,,45.190475,,A,,1,,0,
DATAFLOW,OECD.STI.PIE:DSD_PATENTS@DF_PATENTS_OECDSPECIFIC(1.0),,I,9P50_1,,A,,AP,,PATN,,PRIORITY,,PRT,,_Z,,INVENTOR,,_Z,,_Z,,_T,,2018,,243.31706,,A,,1,,0,
DATAFLOW,OECD.STI.PIE:DSD_PATENTS@DF_PATENTS_OECDSPECIFIC(1.0),,I,9P50_1,,A,,AP,,PATN,,PRIORITY,,TUN,,_Z,,INVENTOR,,_Z,,_Z,,_T,,2018,,15.233334,,A,,1,,0,
DATAFLOW,OECD.STI.PIE:DSD_PATENTS@DF_PATENTS_OECDSPECIFIC(1.0),,I,9P50_1,,A,,AP,,PATN,,PRIORITY,,EGY,,_Z,,INVENTOR,,_Z,,_Z,,_T,,2018,,47.904762,,A,,1,,0,
DATAFLOW,OECD.STI.PIE:DSD_PATENTS@DF_PATENTS_OECDSPECIFIC(1.0),,I,9P50_1,,A,,AP,,PATN,,PRIORITY,,IRN,,_Z,,INVENTOR,,_Z,,_Z,,_T,,2018,,151,,A,,1,,0,
DATAFLOW,OECD.STI.PIE:DSD_PATENTS@DF_PATENTS_OECDSPECIFIC(1.0),,I,9P50_1,,A,,AP,,PATN,,PRIORITY,,BIH,,_Z,,INVENTOR,,_Z,,_Z,,_T,,2018,,2.45,,A,,1,,0,
DATAFLOW,OECD.STI.PIE:DSD_PATENTS@DF_PATENTS_OECDSPECIFIC(1.0),,I,9P50_1,,A,,AP,,PATN,,PRIORITY,,MDA,,_Z,,INVENTOR,,_Z,,_Z,,_T,,2018,,8.166667,,A,,1,,0,
DATAFLOW,OECD.STI.PIE:DSD_PATENTS@DF_PATENTS_OECDSPECIFIC(1.0),,I,9P50_1,,A,,AP,,PATN,,PRIORITY,,MNG,,_Z,,INVENTOR,,_Z,,_Z,,_T,,2018,,1.4145594,,A,,1,,0,
DATAFLOW,OECD.STI.PIE:DSD_PATENTS@DF_PATENTS_OECDSPECIFIC(1.0),,I,9P50_1,,A,,AP,,PATN,,PRIORITY,,SGP,,_Z,,INVENTOR,,_Z,,_Z,,_T,,2018,,957.25507,,A,,1,,0,
DATAFLOW,OECD.STI.PIE:DSD_PATENTS@DF_PATENTS_OECDSPECIFIC(1.0),,I,9P50_1,,A,,AP,,PATN,,PRIORITY,,W,,_Z,,INVENTOR,,_Z,,_Z,,_T,,2018,,253664,,A,,1,,0,
DATAFLOW,OECD.STI.PIE:DSD_PATENTS@DF_PATENTS_OECDSPECIFIC(1.0),,I,9P50_1,,A,,AP,,PATN,,PRIORITY,,COL,,_Z,,INVENTOR,,_Z,,_Z,,_T,,2018,,130.63928,,A,,1,,0,
DATAFLOW,OECD.STI.PIE:DSD_PATENTS@DF_PATENTS_OECDSPECIFIC(1.0),,I,9P50_1,,A,,AP,,PATN,,PRIORITY,,TWN,,_Z,,INVENTOR,,_Z,,_Z,,_T,,2018,,932.26062,,A,,1,,0,
DATAFLOW,OECD.STI.PIE:DSD_PATENTS@DF_PATENTS_OECDSPECIFIC(1.0),,I,9P50_1,,A,,AP,,PATN,,PRIORITY,,LBN,,_Z,,INVENTOR,,_Z,,_Z,,_T,,2018,,20.309525,,A,,1,,0,
DATAFLOW,OECD.STI.PIE:DSD_PATENTS@DF_PATENTS_OECDSPECIFIC(1.0),,I,9P50_1,,A,,AP,,PATN,,PRIORITY,,POL,,_Z,,INVENTOR,,_Z,,_Z,,_T,,2018,,424.49649,,A,,1,,0,
DATAFLOW,OECD.STI.PIE:DSD_PATENTS@DF_PATENTS_OECDSPECIFIC(1.0),,I,9P50_1,,A,,AP,,PATN,,PRIORITY,,MYS,,_Z,,INVENTOR,,_Z,,_Z,,_T,,2018,,235.81468,,A,,1,,0,
DATAFLOW,OECD.STI.PIE:DSD_PATENTS@DF_PATENTS_OECDSPECIFIC(1.0),,I,9P50_1,,A,,AP,,PATN,,PRIORITY,,ISR,,_Z,,INVENTOR,,_Z,,_Z,,_T,,2018,,2194.175,,A,,1,,0,
DATAFLOW,OECD.STI.PIE:DSD_PATENTS@DF_PATENTS_OECDSPECIFIC(1.0),,I,9P50_1,,A,,AP,,PATN,,PRIORITY,,GEO,,_Z,,INVENTOR,,_Z,,_Z,,_T,,2018,,8.5,,A,,1,,0,
DATAFLOW,OECD.STI.PIE:DSD_PATENTS@DF_PATENTS_OECDSPECIFIC(1.0),,I,9P50_1,,A,,AP,,PATN,,PRIORITY,,DEU,,_Z,,INVENTOR,,_Z,,_Z,,_T,,2018,,19106.129,,A,,1,,0,
DATAFLOW,OECD.STI.PIE:DSD_PATENTS@DF_PATENTS_OECDSPECIFIC(1.0),,I,9P50_1,,A,,AP,,PATN,,PRIORITY,,FIN,,_Z,,INVENTOR,,_Z,,_Z,,_T,,2018,,1400.6776,,A,,1,,0,
DATAFLOW,OECD.STI.PIE:DSD_PATENTS@DF_PATENTS_OECDSPECIFIC(1.0),,I,9P50_1,,A,,AP,,PATN,,PRIORITY,,SWE,,_Z,,INVENTOR,,_Z,,_Z,,_T,,2018,,3431.3555,,A,,1,,0,
DATAFLOW,OECD.STI.PIE:DSD_PATENTS@DF_PATENTS_OECDSPECIFIC(1.0),,I,9P50_1,,A,,AP,,PATN,,PRIORITY,,CHE,,_Z,,INVENTOR,,_Z,,_Z,,_T,,2018,,2901.7715,,A,,1,,0,
DATAFLOW,OECD.STI.PIE:DSD_PATENTS@DF_PATENTS_OECDSPECIFIC(1.0),,I,9P50_1,,A,,AP,,PATN,,PRIORITY,,MAR,,_Z,,INVENTOR,,_Z,,_Z,,_T,,2018,,37.674999,,A,,1,,0,
DATAFLOW,OECD.STI.PIE:DSD_PATENTS@DF_PATENTS_OECDSPECIFIC(1.0),,I,9P50_1,,A,,AP,,PATN,,PRIORITY,,NLD,,_Z,,INVENTOR,,_Z,,_Z,,_T,,2018,,3374.7285,,A,,1,,0,
DATAFLOW,OECD.STI.PIE:DSD_PATENTS@DF_PATENTS_OECDSPECIFIC(1.0),,I,9P50_1,,A,,AP,,PATN,,PRIORITY,,AND,,_Z,,INVENTOR,,_Z,,_Z,,_T,,2018,,3.8333333,,A,,1,,0,
DATAFLOW,OECD.STI.PIE:DSD_PATENTS@DF_PATENTS_OECDSPECIFIC(1.0),,I,9P50_1,,A,,AP,,PATN,,PRIORITY,,DNK,,_Z,,INVENTOR,,_Z,,_Z,,_T,,2018,,1344.0548,,A,,1,,0,
DATAFLOW,OECD.STI.PIE:DSD_PATENTS@DF_PATENTS_OECDSPECIFIC(1.0),,I,9P50_1,,A,,AP,,PATN,,PRIORITY,,BRA,,_Z,,INVENTOR,,_Z,,_Z,,_T,,2018,,781.73035,,A,,1,,0,
DATAFLOW,OECD.STI.PIE:DSD_PATENTS@DF_PATENTS_OECDSPECIFIC(1.0),,I,9P50_1,,A,,AP,,PATN,,PRIORITY,,KEN,,_Z,,INVENTOR,,_Z,,_Z,,_T,,2018,,5.7809525,,A,,1,,0,
DATAFLOW,OECD.STI.PIE:DSD_PATENTS@DF_PATENTS_OECDSPECIFIC(1.0),,I,9P50_1,,A,,AP,,PATN,,PRIORITY,,CUB,,_Z,,INVENTOR,,_Z,,_Z,,_T,,2018,,10.253968,,A,,1,,0,
DATAFLOW,OECD.STI.PIE:DSD_PATENTS@DF_PATENTS_OECDSPECIFIC(1.0),,I,9P50_1,,A,,AP,,PATN,,PRIORITY,,LUX,,_Z,,INVENTOR,,_Z,,_Z,,_T,,2018,,75.086113,,A,,1,,0,
DATAFLOW,OECD.STI.PIE:DSD_PATENTS@DF_PATENTS_OECDSPECIFIC(1.0),,I,9P50_1,,A,,AP,,PATN,,PRIORITY,,LVA,,_Z,,INVENTOR,,_Z,,_Z,,_T,,2018,,33.576923,,A,,1,,0,
DATAFLOW,OECD.STI.PIE:DSD_PATENTS@DF_PATENTS_OECDSPECIFIC(1.0),,I,9P50_1,,A,,AP,,PATN,,PRIORITY,,SAU,,_Z,,INVENTOR,,_Z,,_Z,,_T,,2018,,550.70593,,A,,1,,0,
DATAFLOW,OECD.STI.PIE:DSD_PATENTS@DF_PATENTS_OECDSPECIFIC(1.0),,I,9P50_1,,A,,AP,,PATN,,PRIORITY,,ZAF,,_Z,,INVENTOR,,_Z,,_Z,,_T,,2018,,315.64404,,A,,1,,0,
DATAFLOW,OECD.STI.PIE:DSD_PATENTS@DF_PATENTS_OECDSPECIFIC(1.0),,I,9P50_1,,A,,AP,,PATN,,PRIORITY,,HRV,,_Z,,INVENTOR,,_Z,,_Z,,_T,,2018,,44.983334,,A,,1,,0,
DATAFLOW,OECD.STI.PIE:DSD_PATENTS@DF_PATENTS_OECDSPECIFIC(1.0),,I,9P50_1,,A,,AP,,PATN,,PRIORITY,,TTO,,_Z,,INVENTOR,,_Z,,_Z,,_T,,2018,,5.1666665,,A,,1,,0,
DATAFLOW,OECD.STI.PIE:DSD_PATENTS@DF_PATENTS_OECDSPECIFIC(1.0),,I,9P50_1,,A,,AP,,PATN,,PRIORITY,,FRA,,_Z,,INVENTOR,,_Z,,_Z,,_T,,2018,,7927.4946,,A,,1,,0,
DATAFLOW,OECD.STI.PIE:DSD_PATENTS@DF_PATENTS_OECDSPECIFIC(1.0),,I,9P50_1,,A,,AP,,PATN,,PRIORITY,,LTU,,_Z,,INVENTOR,,_Z,,_Z,,_T,,2018,,33.194443,,A,,1,,0,
DATAFLOW,OECD.STI.PIE:DSD_PATENTS@DF_PATENTS_OECDSPECIFIC(1.0),,I,9P50_1,,A,,AP,,PATN,,PRIORITY,,HKG,,_Z,,INVENTOR,,_Z,,_Z,,_T,,2018,,598.59442,,A,,1,,0,
DATAFLOW,OECD.STI.PIE:DSD_PATENTS@DF_PATENTS_OECDSPECIFIC(1.0),,I,9P50_1,,A,,AP,,PATN,,PRIORITY,,IDN,,_Z,,INVENTOR,,_Z,,_Z,,_T,,2018,,16.359524,,A,,1,,0,
DATAFLOW,OECD.STI.PIE:DSD_PATENTS@DF_PATENTS_OECDSPECIFIC(1.0),,I,9P50_1,,A,,AP,,PATN,,PRIORITY,,GBR,,_Z,,INVENTOR,,_Z,,_Z,,_T,,2018,,6439.0977,,A,,1,,0,
DATAFLOW,OECD.STI.PIE:DSD_PATENTS@DF_PATENTS_OECDSPECIFIC(1.0),,I,9P50_1,,A,,AP,,PATN,,PRIORITY,,CZE,,_Z,,INVENTOR,,_Z,,_Z,,_T,,2018,,215.66527,,A,,1,,0,
DATAFLOW,OECD.STI.PIE:DSD_PATENTS@DF_PATENTS_OECDSPECIFIC(1.0),,I,9P50_1,,A,,AP,,PATN,,PRIORITY,,DZA,,_Z,,INVENTOR,,_Z,,_Z,,_T,,2018,,12.166667,,A,,1,,0,
DATAFLOW,OECD.STI.PIE:DSD_PATENTS@DF_PATENTS_OECDSPECIFIC(1.0),,I,9P50_1,,A,,AP,,PATN,,PRIORITY,,PAK,,_Z,,INVENTOR,,_Z,,_Z,,_T,,2018,,4.1547618,,A,,1,,0,
DATAFLOW,OECD.STI.PIE:DSD_PATENTS@DF_PATENTS_OECDSPECIFIC(1.0),,I,9P50_1,,A,,AP,,PATN,,PRIORITY,,NGA,,_Z,,INVENTOR,,_Z,,_Z,,_T,,2018,,4.0952382,,A,,1,,0,
DATAFLOW,OECD.STI.PIE:DSD_PATENTS@DF_PATENTS_OECDSPECIFIC(1.0),,I,9P50_1,,A,,AP,,PATN,,PRIORITY,,NGA,,_Z,,INVENTOR,,_Z,,_Z,,_T,,2019,,1.3333334,,A,,1,,0,
DATAFLOW,OECD.STI.PIE:DSD_PATENTS@DF_PATENTS_OECDSPECIFIC(1.0),,I,9P50_1,,A,,AP,,PATN,,PRIORITY,,PAK,,_Z,,INVENTOR,,_Z,,_Z,,_T,,2019,,23.200001,,A,,1,,0,
DATAFLOW,OECD.STI.PIE:DSD_PATENTS@DF_PATENTS_OECDSPECIFIC(1.0),,I,9P50_1,,A,,AP,,PATN,,PRIORITY,,DZA,,_Z,,INVENTOR,,_Z,,_Z,,_T,,2019,,11.033334,,A,,1,,0,
DATAFLOW,OECD.STI.PIE:DSD_PATENTS@DF_PATENTS_OECDSPECIFIC(1.0),,I,9P50_1,,A,,AP,,PATN,,PRIORITY,,CZE,,_Z,,INVENTOR,,_Z,,_Z,,_T,,2019,,254.86827,,A,,1,,0,
DATAFLOW,OECD.STI.PIE:DSD_PATENTS@DF_PATENTS_OECDSPECIFIC(1.0),,I,9P50_1,,A,,AP,,PATN,,PRIORITY,,GBR,,_Z,,INVENTOR,,_Z,,_Z,,_T,,2019,,6496.5332,,A,,1,,0,
DATAFLOW,OECD.STI.PIE:DSD_PATENTS@DF_PATENTS_OECDSPECIFIC(1.0),,I,9P50_1,,A,,AP,,PATN,,PRIORITY,,IDN,,_Z,,INVENTOR,,_Z,,_Z,,_T,,2019,,26.390476,,A,,1,,0,
DATAFLOW,OECD.STI.PIE:DSD_PATENTS@DF_PATENTS_OECDSPECIFIC(1.0),,I,9P50_1,,A,,AP,,PATN,,PRIORITY,,HKG,,_Z,,INVENTOR,,_Z,,_Z,,_T,,2019,,582.44208,,A,,1,,0,
DATAFLOW,OECD.STI.PIE:DSD_PATENTS@DF_PATENTS_OECDSPECIFIC(1.0),,I,9P50_1,,A,,AP,,PATN,,PRIORITY,,LTU,,_Z,,INVENTOR,,_Z,,_Z,,_T,,2019,,40.655556,,A,,1,,0,
DATAFLOW,OECD.STI.PIE:DSD_PATENTS@DF_PATENTS_OECDSPECIFIC(1.0),,I,9P50_1,,A,,AP,,PATN,,PRIORITY,,FRA,,_Z,,INVENTOR,,_Z,,_Z,,_T,,2019,,7676.2271,,A,,1,,0,
DATAFLOW,OECD.STI.PIE:DSD_PATENTS@DF_PATENTS_OECDSPECIFIC(1.0),,I,9P50_1,,A,,AP,,PATN,,PRIORITY,,HRV,,_Z,,INVENTOR,,_Z,,_Z,,_T,,2019,,47.595238,,A,,1,,0,
DATAFLOW,OECD.STI.PIE:DSD_PATENTS@DF_PATENTS_OECDSPECIFIC(1.0),,I,9P50_1,,A,,AP,,PATN,,PRIORITY,,ZAF,,_Z,,INVENTOR,,_Z,,_Z,,_T,,2019,,249.28215,,A,,1,,0,
DATAFLOW,OECD.STI.PIE:DSD_PATENTS@DF_PATENTS_OECDSPECIFIC(1.0),,I,9P50_1,,A,,AP,,PATN,,PRIORITY,,SAU,,_Z,,INVENTOR,,_Z,,_Z,,_T,,2019,,722.49878,,A,,1,,0,
DATAFLOW,OECD.STI.PIE:DSD_PATENTS@DF_PATENTS_OECDSPECIFIC(1.0),,I,9P50_1,,A,,AP,,PATN,,PRIORITY,,LVA,,_Z,,INVENTOR,,_Z,,_Z,,_T,,2019,,30.521429,,A,,1,,0,
DATAFLOW,OECD.STI.PIE:DSD_PATENTS@DF_PATENTS_OECDSPECIFIC(1.0),,I,9P50_1,,A,,AP,,PATN,,PRIORITY,,LUX,,_Z,,INVENTOR,,_Z,,_Z,,_T,,2019,,81.431732,,A,,1,,0,
DATAFLOW,OECD.STI.PIE:DSD_PATENTS@DF_PATENTS_OECDSPECIFIC(1.0),,I,9P50_1,,A,,AP,,PATN,,PRIORITY,,CUB,,_Z,,INVENTOR,,_Z,,_Z,,_T,,2019,,8.8257933,,A,,1,,0,
DATAFLOW,OECD.STI.PIE:DSD_PATENTS@DF_PATENTS_OECDSPECIFIC(1.0),,I,9P50_1,,A,,AP,,PATN,,PRIORITY,,KEN,,_Z,,INVENTOR,,_Z,,_Z,,_T,,2019,,3.6666667,,A,,1,,0,
DATAFLOW,OECD.STI.PIE:DSD_PATENTS@DF_PATENTS_OECDSPECIFIC(1.0),,I,9P50_1,,A,,AP,,PATN,,PRIORITY,,BRA,,_Z,,INVENTOR,,_Z,,_Z,,_T,,2019,,771.73022,,A,,1,,0,
DATAFLOW,OECD.STI.PIE:DSD_PATENTS@DF_PATENTS_OECDSPECIFIC(1.0),,I,9P50_1,,A,,AP,,PATN,,PRIORITY,,DNK,,_Z,,INVENTOR,,_Z,,_Z,,_T,,2019,,1437.297,,A,,1,,0,
DATAFLOW,OECD.STI.PIE:DSD_PATENTS@DF_PATENTS_OECDSPECIFIC(1.0),,I,9P50_1,,A,,AP,,PATN,,PRIORITY,,AND,,_Z,,INVENTOR,,_Z,,_Z,,_T,,2019,,3.2083333,,A,,1,,0,
DATAFLOW,OECD.STI.PIE:DSD_PATENTS@DF_PATENTS_OECDSPECIFIC(1.0),,I,9P50_1,,A,,AP,,PATN,,PRIORITY,,NLD,,_Z,,INVENTOR,,_Z,,_Z,,_T,,2019,,3412.8635,,A,,1,,0,
DATAFLOW,OECD.STI.PIE:DSD_PATENTS@DF_PATENTS_OECDSPECIFIC(1.0),,I,9P50_1,,A,,AP,,PATN,,PRIORITY,,MAR,,_Z,,INVENTOR,,_Z,,_Z,,_T,,2019,,30.208334,,A,,1,,0,
DATAFLOW,OECD.STI.PIE:DSD_PATENTS@DF_PATENTS_OECDSPECIFIC(1.0),,I,9P50_1,,A,,AP,,PATN,,PRIORITY,,CHE,,_Z,,INVENTOR,,_Z,,_Z,,_T,,2019,,2806.1965,,A,,1,,0,
DATAFLOW,OECD.STI.PIE:DSD_PATENTS@DF_PATENTS_OECDSPECIFIC(1.0),,I,9P50_1,,A,,AP,,PATN,,PRIORITY,,SWE,,_Z,,INVENTOR,,_Z,,_Z,,_T,,2019,,3431.0728,,A,,1,,0,
DATAFLOW,OECD.STI.PIE:DSD_PATENTS@DF_PATENTS_OECDSPECIFIC(1.0),,I,9P50_1,,A,,AP,,PATN,,PRIORITY,,FIN,,_Z,,INVENTOR,,_Z,,_Z,,_T,,2019,,1313.084,,A,,1,,0,
DATAFLOW,OECD.STI.PIE:DSD_PATENTS@DF_PATENTS_OECDSPECIFIC(1.0),,I,9P50_1,,A,,AP,,PATN,,PRIORITY,,DEU,,_Z,,INVENTOR,,_Z,,_Z,,_T,,2019,,18589.002,,A,,1,,0,
DATAFLOW,OECD.STI.PIE:DSD_PATENTS@DF_PATENTS_OECDSPECIFIC(1.0),,I,9P50_1,,A,,AP,,PATN,,PRIORITY,,GEO,,_Z,,INVENTOR,,_Z,,_Z,,_T,,2019,,2.8333333,,A,,1,,0,
DATAFLOW,OECD.STI.PIE:DSD_PATENTS@DF_PATENTS_OECDSPECIFIC(1.0),,I,9P50_1,,A,,AP,,PATN,,PRIORITY,,ISR,,_Z,,INVENTOR,,_Z,,_Z,,_T,,2019,,2201.9705,,A,,1,,0,
DATAFLOW,OECD.STI.PIE:DSD_PATENTS@DF_PATENTS_OECDSPECIFIC(1.0),,I,9P50_1,,A,,AP,,PATN,,PRIORITY,,MYS,,_Z,,INVENTOR,,_Z,,_Z,,_T,,2019,,244.78134,,A,,1,,0,
DATAFLOW,OECD.STI.PIE:DSD_PATENTS@DF_PATENTS_OECDSPECIFIC(1.0),,I,9P50_1,,A,,AP,,PATN,,PRIORITY,,POL,,_Z,,INVENTOR,,_Z,,_Z,,_T,,2019,,418.6839,,A,,1,,0,
DATAFLOW,OECD.STI.PIE:DSD_PATENTS@DF_PATENTS_OECDSPECIFIC(1.0),,I,9P50_1,,A,,AP,,PATN,,PRIORITY,,LBN,,_Z,,INVENTOR,,_Z,,_Z,,_T,,2019,,10.290909,,A,,1,,0,
DATAFLOW,OECD.STI.PIE:DSD_PATENTS@DF_PATENTS_OECDSPECIFIC(1.0),,I,9P50_1,,A,,AP,,PATN,,PRIORITY,,TWN,,_Z,,INVENTOR,,_Z,,_Z,,_T,,2019,,972.76434,,A,,1,,0,
DATAFLOW,OECD.STI.PIE:DSD_PATENTS@DF_PATENTS_OECDSPECIFIC(1.0),,I,9P50_1,,A,,AP,,PATN,,PRIORITY,,COL,,_Z,,INVENTOR,,_Z,,_Z,,_T,,2019,,127.06111,,A,,1,,0,
DATAFLOW,OECD.STI.PIE:DSD_PATENTS@DF_PATENTS_OECDSPECIFIC(1.0),,I,9P50_1,,A,,AP,,PATN,,PRIORITY,,W,,_Z,,INVENTOR,,_Z,,_Z,,_T,,2019,,260631,,A,,1,,0,
DATAFLOW,OECD.STI.PIE:DSD_PATENTS@DF_PATENTS_OECDSPECIFIC(1.0),,I,9P50_1,,A,,AP,,PATN,,PRIORITY,,SGP,,_Z,,INVENTOR,,_Z,,_Z,,_T,,2019,,1026.623,,A,,1,,0,
DATAFLOW,OECD.STI.PIE:DSD_PATENTS@DF_PATENTS_OECDSPECIFIC(1.0),,I,9P50_1,,A,,AP,,PATN,,PRIORITY,,MNG,,_Z,,INVENTOR,,_Z,,_Z,,_T,,2019,,0.34285715,,A,,1,,0,
DATAFLOW,OECD.STI.PIE:DSD_PATENTS@DF_PATENTS_OECDSPECIFIC(1.0),,I,9P50_1,,A,,AP,,PATN,,PRIORITY,,MDA,,_Z,,INVENTOR,,_Z,,_Z,,_T,,2019,,6,,A,,1,,0,
DATAFLOW,OECD.STI.PIE:DSD_PATENTS@DF_PATENTS_OECDSPECIFIC(1.0),,I,9P50_1,,A,,AP,,PATN,,PRIORITY,,BIH,,_Z,,INVENTOR,,_Z,,_Z,,_T,,2019,,5.7777777,,A,,1,,0,
DATAFLOW,OECD.STI.PIE:DSD_PATENTS@DF_PATENTS_OECDSPECIFIC(1.0),,I,9P50_1,,A,,AP,,PATN,,PRIORITY,,IRN,,_Z,,INVENTOR,,_Z,,_Z,,_T,,2019,,165.36667,,A,,1,,0,
DATAFLOW,OECD.STI.PIE:DSD_PATENTS@DF_PATENTS_OECDSPECIFIC(1.0),,I,9P50_1,,A,,AP,,PATN,,PRIORITY,,EGY,,_Z,,INVENTOR,,_Z,,_Z,,_T,,2019,,37.702381,,A,,1,,0,
DATAFLOW,OECD.STI.PIE:DSD_PATENTS@DF_PATENTS_OECDSPECIFIC(1.0),,I,9P50_1,,A,,AP,,PATN,,PRIORITY,,TUN,,_Z,,INVENTOR,,_Z,,_Z,,_T,,2019,,8.6166668,,A,,1,,0,
DATAFLOW,OECD.STI.PIE:DSD_PATENTS@DF_PATENTS_OECDSPECIFIC(1.0),,I,9P50_1,,A,,AP,,PATN,,PRIORITY,,PRT,,_Z,,INVENTOR,,_Z,,_Z,,_T,,2019,,255.81087,,A,,1,,0,
DATAFLOW,OECD.STI.PIE:DSD_PATENTS@DF_PATENTS_OECDSPECIFIC(1.0),,I,9P50_1,,A,,AP,,PATN,,PRIORITY,,EST,,_Z,,INVENTOR,,_Z,,_Z,,_T,,2019,,45.299999,,A,,1,,0,
DATAFLOW,OECD.STI.PIE:DSD_PATENTS@DF_PATENTS_OECDSPECIFIC(1.0),,I,9P50_1,,A,,AP,,PATN,,PRIORITY,,BGR,,_Z,,INVENTOR,,_Z,,_Z,,_T,,2019,,59.74762,,A,,1,,0,
DATAFLOW,OECD.STI.PIE:DSD_PATENTS@DF_PATENTS_OECDSPECIFIC(1.0),,I,9P50_1,,A,,AP,,PATN,,PRIORITY,,MLT,,_Z,,INVENTOR,,_Z,,_Z,,_T,,2019,,21.642857,,A,,1,,0,
DATAFLOW,OECD.STI.PIE:DSD_PATENTS@DF_PATENTS_OECDSPECIFIC(1.0),,I,9P50_1,,A,,AP,,PATN,,PRIORITY,,SVK,,_Z,,INVENTOR,,_Z,,_Z,,_T,,2019,,60.25238,,A,,1,,0,
DATAFLOW,OECD.STI.PIE:DSD_PATENTS@DF_PATENTS_OECDSPECIFIC(1.0),,I,9P50_1,,A,,AP,,PATN,,PRIORITY,,EU27_2020,,_Z,,INVENTOR,,_Z,,_Z,,_T,,2019,,46653.949,,A,,1,,0,
DATAFLOW,OECD.STI.PIE:DSD_PATENTS@DF_PATENTS_OECDSPECIFIC(1.0),,I,9P50_1,,A,,AP,,PATN,,PRIORITY,,ITA,,_Z,,INVENTOR,,_Z,,_Z,,_T,,2019,,3752.0742,,A,,1,,0,
DATAFLOW,OECD.STI.PIE:DSD_PATENTS@DF_PATENTS_OECDSPECIFIC(1.0),,I,9P50_1,,A,,AP,,PATN,,PRIORITY,,PER,,_Z,,INVENTOR,,_Z,,_Z,,_T,,2019,,34.138096,,A,,1,,0,
DATAFLOW,OECD.STI.PIE:DSD_PATENTS@DF_PATENTS_OECDSPECIFIC(1.0),,I,9P50_1,,A,,AP,,PATN,,PRIORITY,,AUT,,_Z,,INVENTOR,,_Z,,_Z,,_T,,2019,,1583.804,,A,,1,,0,
DATAFLOW,OECD.STI.PIE:DSD_PATENTS@DF_PATENTS_OECDSPECIFIC(1.0),,I,9P50_1,,A,,AP,,PATN,,PRIORITY,,GRC,,_Z,,INVENTOR,,_Z,,_Z,,_T,,2019,,134.96211,,A,,1,,0,
DATAFLOW,OECD.STI.PIE:DSD_PATENTS@DF_PATENTS_OECDSPECIFIC(1.0),,I,9P50_1,,A,,AP,,PATN,,PRIORITY,,ECU,,_Z,,INVENTOR,,_Z,,_Z,,_T,,2019,,18.176191,,A,,1,,0,
DATAFLOW,OECD.STI.PIE:DSD_PATENTS@DF_PATENTS_OECDSPECIFIC(1.0),,I,9P50_1,,A,,AP,,PATN,,PRIORITY,,IRL,,_Z,,INVENTOR,,_Z,,_Z,,_T,,2019,,440.03424,,A,,1,,0,
DATAFLOW,OECD.STI.PIE:DSD_PATENTS@DF_PATENTS_OECDSPECIFIC(1.0),,I,9P50_1,,A,,AP,,PATN,,PRIORITY,,CHN,,_Z,,INVENTOR,,_Z,,_Z,,_T,,2019,,60752.457,,A,,1,,0,
DATAFLOW,OECD.STI.PIE:DSD_PATENTS@DF_PATENTS_OECDSPECIFIC(1.0),,I,9P50_1,,A,,AP,,PATN,,PRIORITY,,CRI,,_Z,,INVENTOR,,_Z,,_Z,,_T,,2019,,17.832541,,A,,1,,0,
DATAFLOW,OECD.STI.PIE:DSD_PATENTS@DF_PATENTS_OECDSPECIFIC(1.0),,I,9P50_1,,A,,AP,,PATN,,PRIORITY,,HUN,,_Z,,INVENTOR,,_Z,,_Z,,_T,,2019,,243.05125,,A,,1,,0,
DATAFLOW,OECD.STI.PIE:DSD_PATENTS@DF_PATENTS_OECDSPECIFIC(1.0),,I,9P50_1,,A,,AP,,PATN,,PRIORITY,,NZL,,_Z,,INVENTOR,,_Z,,_Z,,_T,,2019,,282.64523,,A,,1,,0,
DATAFLOW,OECD.STI.PIE:DSD_PATENTS@DF_PATENTS_OECDSPECIFIC(1.0),,I,9P50_1,,A,,AP,,PATN,,PRIORITY,,CHL,,_Z,,INVENTOR,,_Z,,_Z,,_T,,2019,,216.825,,A,,1,,0,
DATAFLOW,OECD.STI.PIE:DSD_PATENTS@DF_PATENTS_OECDSPECIFIC(1.0),,I,9P50_1,,A,,AP,,PATN,,PRIORITY,,AUS,,_Z,,INVENTOR,,_Z,,_Z,,_T,,2019,,1847.6898,,A,,1,,0,
DATAFLOW,OECD.STI.PIE:DSD_PATENTS@DF_PATENTS_OECDSPECIFIC(1.0),,I,9P50_1,,A,,AP,,PATN,,PRIORITY,,KAZ,,_Z,,INVENTOR,,_Z,,_Z,,_T,,2019,,24.377777,,A,,1,,0,
DATAFLOW,OECD.STI.PIE:DSD_PATENTS@DF_PATENTS_OECDSPECIFIC(1.0),,I,9P50_1,,A,,AP,,PATN,,PRIORITY,,TUR,,_Z,,INVENTOR,,_Z,,_Z,,_T,,2019,,1476.0447,,A,,1,,0,
DATAFLOW,OECD.STI.PIE:DSD_PATENTS@DF_PATENTS_OECDSPECIFIC(1.0),,I,9P50_1,,A,,AP,,PATN,,PRIORITY,,KOR,,_Z,,INVENTOR,,_Z,,_Z,,_T,,2019,,18745.896,,A,,1,,0,
DATAFLOW,OECD.STI.PIE:DSD_PATENTS@DF_PATENTS_OECDSPECIFIC(1.0),,I,9P50_1,,A,,AP,,PATN,,PRIORITY,,URY,,_Z,,INVENTOR,,_Z,,_Z,,_T,,2019,,13.076191,,A,,1,,0,
DATAFLOW,OECD.STI.PIE:DSD_PATENTS@DF_PATENTS_OECDSPECIFIC(1.0),,I,9P50_1,,A,,AP,,PATN,,PRIORITY,,CYP,,_Z,,INVENTOR,,_Z,,_Z,,_T,,2019,,17.142857,,A,,1,,0,
DATAFLOW,OECD.STI.PIE:DSD_PATENTS@DF_PATENTS_OECDSPECIFIC(1.0),,I,9P50_1,,A,,AP,,PATN,,PRIORITY,,ARE,,_Z,,INVENTOR,,_Z,,_Z,,_T,,2019,,107.69369,,A,,1,,0,
DATAFLOW,OECD.STI.PIE:DSD_PATENTS@DF_PATENTS_OECDSPECIFIC(1.0),,I,9P50_1,,A,,AP,,PATN,,PRIORITY,,UKR,,_Z,,INVENTOR,,_Z,,_Z,,_T,,2019,,163.37766,,A,,1,,0,
DATAFLOW,OECD.STI.PIE:DSD_PATENTS@DF_PATENTS_OECDSPECIFIC(1.0),,I,9P50_1,,A,,AP,,PATN,,PRIORITY,,RUS,,_Z,,INVENTOR,,_Z,,_Z,,_T,,2019,,1145.043,,A,,1,,0,
DATAFLOW,OECD.STI.PIE:DSD_PATENTS@DF_PATENTS_OECDSPECIFIC(1.0),,I,9P50_1,,A,,AP,,PATN,,PRIORITY,,JOR,,_Z,,INVENTOR,,_Z,,_Z,,_T,,2019,,14.5,,A,,1,,0,
DATAFLOW,OECD.STI.PIE:DSD_PATENTS@DF_PATENTS_OECDSPECIFIC(1.0),,I,9P50_1,,A,,AP,,PATN,,PRIORITY,,USA,,_Z,,INVENTOR,,_Z,,_Z,,_T,,2019,,55713.586,,A,,1,,0,
DATAFLOW,OECD.STI.PIE:DSD_PATENTS@DF_PATENTS_OECDSPECIFIC(1.0),,I,9P50_1,,A,,AP,,PATN,,PRIORITY,,SVN,,_Z,,INVENTOR,,_Z,,_Z,,_T,,2019,,97.519051,,A,,1,,0,
DATAFLOW,OECD.STI.PIE:DSD_PATENTS@DF_PATENTS_OECDSPECIFIC(1.0),,I,9P50_1,,A,,AP,,PATN,,PRIORITY,,THA,,_Z,,INVENTOR,,_Z,,_Z,,_T,,2019,,127.49286,,A,,1,,0,
DATAFLOW,OECD.STI.PIE:DSD_PATENTS@DF_PATENTS_OECDSPECIFIC(1.0),,I,9P50_1,,A,,AP,,PATN,,PRIORITY,,OECD,,_Z,,INVENTOR,,_Z,,_Z,,_T,,2019,,187224.38,,A,,1,,0,
DATAFLOW,OECD.STI.PIE:DSD_PATENTS@DF_PATENTS_OECDSPECIFIC(1.0),,I,9P50_1,,A,,AP,,PATN,,PRIORITY,,MKD,,_Z,,INVENTOR,,_Z,,_Z,,_T,,2019,,3.6666667,,A,,1,,0,
DATAFLOW,OECD.STI.PIE:DSD_PATENTS@DF_PATENTS_OECDSPECIFIC(1.0),,I,9P50_1,,A,,AP,,PATN,,PRIORITY,,PRI,,_Z,,INVENTOR,,_Z,,_Z,,_T,,2019,,8.340909,,A,,1,,0,
DATAFLOW,OECD.STI.PIE:DSD_PATENTS@DF_PATENTS_OECDSPECIFIC(1.0),,I,9P50_1,,A,,AP,,PATN,,PRIORITY,,GTM,,_Z,,INVENTOR,,_Z,,_Z,,_T,,2019,,1.3333334,,A,,1,,0,
DATAFLOW,OECD.STI.PIE:DSD_PATENTS@DF_PATENTS_OECDSPECIFIC(1.0),,I,9P50_1,,A,,AP,,PATN,,PRIORITY,,PHL,,_Z,,INVENTOR,,_Z,,_Z,,_T,,2019,,29.063095,,A,,1,,0,
DATAFLOW,OECD.STI.PIE:DSD_PATENTS@DF_PATENTS_OECDSPECIFIC(1.0),,I,9P50_1,,A,,AP,,PATN,,PRIORITY,,LKA,,_Z,,INVENTOR,,_Z,,_Z,,_T,,2019,,26.727777,,A,,1,,0,
DATAFLOW,OECD.STI.PIE:DSD_PATENTS@DF_PATENTS_OECDSPECIFIC(1.0),,I,9P50_1,,A,,AP,,PATN,,PRIORITY,,PAN,,_Z,,INVENTOR,,_Z,,_Z,,_T,,2019,,7.4499998,,A,,1,,0,
DATAFLOW,OECD.STI.PIE:DSD_PATENTS@DF_PATENTS_OECDSPECIFIC(1.0),,I,9P50_1,,A,,AP,,PATN,,PRIORITY,,KWT,,_Z,,INVENTOR,,_Z,,_Z,,_T,,2019,,6,,A,,1,,0,
DATAFLOW,OECD.STI.PIE:DSD_PATENTS@DF_PATENTS_OECDSPECIFIC(1.0),,I,9P50_1,,A,,AP,,PATN,,PRIORITY,,CYM,,_Z,,INVENTOR,,_Z,,_Z,,_T,,2019,,12.383333,,A,,1,,0,
DATAFLOW,OECD.STI.PIE:DSD_PATENTS@DF_PATENTS_OECDSPECIFIC(1.0),,I,9P50_1,,A,,AP,,PATN,,PRIORITY,,ROU,,_Z,,INVENTOR,,_Z,,_Z,,_T,,2019,,59.995239,,A,,1,,0,
DATAFLOW,OECD.STI.PIE:DSD_PATENTS@DF_PATENTS_OECDSPECIFIC(1.0),,I,9P50_1,,A,,AP,,PATN,,PRIORITY,,PRK,,_Z,,INVENTOR,,_Z,,_Z,,_T,,2019,,5.3333335,,A,,1,,0,
DATAFLOW,OECD.STI.PIE:DSD_PATENTS@DF_PATENTS_OECDSPECIFIC(1.0),,I,9P50_1,,A,,AP,,PATN,,PRIORITY,,MCO,,_Z,,INVENTOR,,_Z,,_Z,,_T,,2019,,29.476191,,A,,1,,0,
DATAFLOW,OECD.STI.PIE:DSD_PATENTS@DF_PATENTS_OECDSPECIFIC(1.0),,I,9P50_1,,A,,AP,,PATN,,PRIORITY,,NOR,,_Z,,INVENTOR,,_Z,,_Z,,_T,,2019,,683.16693,,A,,1,,0,
DATAFLOW,OECD.STI.PIE:DSD_PATENTS@DF_PATENTS_OECDSPECIFIC(1.0),,I,9P50_1,,A,,AP,,PATN,,PRIORITY,,ARG,,_Z,,INVENTOR,,_Z,,_Z,,_T,,2019,,56.208332,,A,,1,,0,
DATAFLOW,OECD.STI.PIE:DSD_PATENTS@DF_PATENTS_OECDSPECIFIC(1.0),,I,9P50_1,,A,,AP,,PATN,,PRIORITY,,ESP,,_Z,,INVENTOR,,_Z,,_Z,,_T,,2019,,1849.6858,,A,,1,,0,
DATAFLOW,OECD.STI.PIE:DSD_PATENTS@DF_PATENTS_OECDSPECIFIC(1.0),,I,9P50_1,,A,,AP,,PATN,,PRIORITY,,IND,,_Z,,INVENTOR,,_Z,,_Z,,_T,,2019,,2960.8787,,A,,1,,0,
DATAFLOW,OECD.STI.PIE:DSD_PATENTS@DF_PATENTS_OECDSPECIFIC(1.0),,I,9P50_1,,A,,AP,,PATN,,PRIORITY,,BLR,,_Z,,INVENTOR,,_Z,,_Z,,_T,,2019,,22.5,,A,,1,,0,
DATAFLOW,OECD.STI.PIE:DSD_PATENTS@DF_PATENTS_OECDSPECIFIC(1.0),,I,9P50_1,,A,,AP,,PATN,,PRIORITY,,MEX,,_Z,,INVENTOR,,_Z,,_Z,,_T,,2019,,209.12073,,A,,1,,0,
DATAFLOW,OECD.STI.PIE:DSD_PATENTS@DF_PATENTS_OECDSPECIFIC(1.0),,I,9P50_1,,A,,AP,,PATN,,PRIORITY,,ISL,,_Z,,INVENTOR,,_Z,,_Z,,_T,,2019,,43.400002,,A,,1,,0,
DATAFLOW,OECD.STI.PIE:DSD_PATENTS@DF_PATENTS_OECDSPECIFIC(1.0),,I,9P50_1,,A,,AP,,PATN,,PRIORITY,,ARM,,_Z,,INVENTOR,,_Z,,_Z,,_T,,2019,,6.1845236,,A,,1,,0,
DATAFLOW,OECD.STI.PIE:DSD_PATENTS@DF_PATENTS_OECDSPECIFIC(1.0),,I,9P50_1,,A,,AP,,PATN,,PRIORITY,,JPN,,_Z,,INVENTOR,,_Z,,_Z,,_T,,2019,,46760.91,,A,,1,,0,
DATAFLOW,OECD.STI.PIE:DSD_PATENTS@DF_PATENTS_OECDSPECIFIC(1.0),,I,9P50_1,,A,,AP,,PATN,,PRIORITY,,CAN,,_Z,,INVENTOR,,_Z,,_Z,,_T,,2019,,3147.6716,,A,,1,,0,
DATAFLOW,OECD.STI.PIE:DSD_PATENTS@DF_PATENTS_OECDSPECIFIC(1.0),,I,9P50_1,,A,,AP,,PATN,,PRIORITY,,BEL,,_Z,,INVENTOR,,_Z,,_Z,,_T,,2019,,1299.6226,,A,,1,,0,
DATAFLOW,OECD.STI.PIE:DSD_PATENTS@DF_PATENTS_OECDSPECIFIC(1.0),,I,9P50_1,,A,,AP,,PATN,,PRIORITY,,LIE,,_Z,,INVENTOR,,_Z,,_Z,,_T,,2019,,18.216667,,A,,1,,0,
DATAFLOW,OECD.STI.PIE:DSD_PATENTS@DF_PATENTS_OECDSPECIFIC(1.0),,I,9P50_1,,A,,AP,,PATN,,PRIORITY,,LIE,,_Z,,INVENTOR,,_Z,,_Z,,_T,,2020,,22.910715,,A,,1,,0,
DATAFLOW,OECD.STI.PIE:DSD_PATENTS@DF_PATENTS_OECDSPECIFIC(1.0),,I,9P50_1,,A,,AP,,PATN,,PRIORITY,,BMU,,_Z,,INVENTOR,,_Z,,_Z,,_T,,2020,,1.5,,A,,1,,0,
DATAFLOW,OECD.STI.PIE:DSD_PATENTS@DF_PATENTS_OECDSPECIFIC(1.0),,I,9P50_1,,A,,AP,,PATN,,PRIORITY,,BEL,,_Z,,INVENTOR,,_Z,,_Z,,_T,,2020,,1397.6531,,A,,1,,0,
DATAFLOW,OECD.STI.PIE:DSD_PATENTS@DF_PATENTS_OECDSPECIFIC(1.0),,I,9P50_1,,A,,AP,,PATN,,PRIORITY,,CAN,,_Z,,INVENTOR,,_Z,,_Z,,_T,,2020,,3292.6511,,A,,1,,0,
DATAFLOW,OECD.STI.PIE:DSD_PATENTS@DF_PATENTS_OECDSPECIFIC(1.0),,I,9P50_1,,A,,AP,,PATN,,PRIORITY,,JPN,,_Z,,INVENTOR,,_Z,,_Z,,_T,,2020,,45521.871,,A,,1,,0,
DATAFLOW,OECD.STI.PIE:DSD_PATENTS@DF_PATENTS_OECDSPECIFIC(1.0),,I,9P50_1,,A,,AP,,PATN,,PRIORITY,,ARM,,_Z,,INVENTOR,,_Z,,_Z,,_T,,2020,,7.4126983,,A,,1,,0,
DATAFLOW,OECD.STI.PIE:DSD_PATENTS@DF_PATENTS_OECDSPECIFIC(1.0),,I,9P50_1,,A,,AP,,PATN,,PRIORITY,,ISL,,_Z,,INVENTOR,,_Z,,_Z,,_T,,2020,,28.766666,,A,,1,,0,
DATAFLOW,OECD.STI.PIE:DSD_PATENTS@DF_PATENTS_OECDSPECIFIC(1.0),,I,9P50_1,,A,,AP,,PATN,,PRIORITY,,MEX,,_Z,,INVENTOR,,_Z,,_Z,,_T,,2020,,197.8472,,A,,1,,0,
DATAFLOW,OECD.STI.PIE:DSD_PATENTS@DF_PATENTS_OECDSPECIFIC(1.0),,I,9P50_1,,A,,AP,,PATN,,PRIORITY,,BLR,,_Z,,INVENTOR,,_Z,,_Z,,_T,,2020,,19.607576,,A,,1,,0,
DATAFLOW,OECD.STI.PIE:DSD_PATENTS@DF_PATENTS_OECDSPECIFIC(1.0),,I,9P50_1,,A,,AP,,PATN,,PRIORITY,,IND,,_Z,,INVENTOR,,_Z,,_Z,,_T,,2020,,3325.3645,,A,,1,,0,
DATAFLOW,OECD.STI.PIE:DSD_PATENTS@DF_PATENTS_OECDSPECIFIC(1.0),,I,9P50_1,,A,,AP,,PATN,,PRIORITY,,ESP,,_Z,,INVENTOR,,_Z,,_Z,,_T,,2020,,1901.6683,,A,,1,,0,
DATAFLOW,OECD.STI.PIE:DSD_PATENTS@DF_PATENTS_OECDSPECIFIC(1.0),,I,9P50_1,,A,,AP,,PATN,,PRIORITY,,ARG,,_Z,,INVENTOR,,_Z,,_Z,,_T,,2020,,70.144875,,A,,1,,0,
DATAFLOW,OECD.STI.PIE:DSD_PATENTS@DF_PATENTS_OECDSPECIFIC(1.0),,I,9P50_1,,A,,AP,,PATN,,PRIORITY,,NOR,,_Z,,INVENTOR,,_Z,,_Z,,_T,,2020,,715.41016,,A,,1,,0,
DATAFLOW,OECD.STI.PIE:DSD_PATENTS@DF_PATENTS_OECDSPECIFIC(1.0),,I,9P50_1,,A,,AP,,PATN,,PRIORITY,,MCO,,_Z,,INVENTOR,,_Z,,_Z,,_T,,2020,,27.25,,A,,1,,0,
DATAFLOW,OECD.STI.PIE:DSD_PATENTS@DF_PATENTS_OECDSPECIFIC(1.0),,I,9P50_1,,A,,AP,,PATN,,PRIORITY,,PRK,,_Z,,INVENTOR,,_Z,,_Z,,_T,,2020,,5,,A,,1,,0,
DATAFLOW,OECD.STI.PIE:DSD_PATENTS@DF_PATENTS_OECDSPECIFIC(1.0),,I,9P50_1,,A,,AP,,PATN,,PRIORITY,,ROU,,_Z,,INVENTOR,,_Z,,_Z,,_T,,2020,,73.587105,,A,,1,,0,
DATAFLOW,OECD.STI.PIE:DSD_PATENTS@DF_PATENTS_OECDSPECIFIC(1.0),,I,9P50_1,,A,,AP,,PATN,,PRIORITY,,CYM,,_Z,,INVENTOR,,_Z,,_Z,,_T,,2020,,13.875,,A,,1,,0,
DATAFLOW,OECD.STI.PIE:DSD_PATENTS@DF_PATENTS_OECDSPECIFIC(1.0),,I,9P50_1,,A,,AP,,PATN,,PRIORITY,,KWT,,_Z,,INVENTOR,,_Z,,_Z,,_T,,2020,,7,,A,,1,,0,
DATAFLOW,OECD.STI.PIE:DSD_PATENTS@DF_PATENTS_OECDSPECIFIC(1.0),,I,9P50_1,,A,,AP,,PATN,,PRIORITY,,UZB,,_Z,,INVENTOR,,_Z,,_Z,,_T,,2020,,2.8542483,,A,,1,,0,
DATAFLOW,OECD.STI.PIE:DSD_PATENTS@DF_PATENTS_OECDSPECIFIC(1.0),,I,9P50_1,,A,,AP,,PATN,,PRIORITY,,LKA,,_Z,,INVENTOR,,_Z,,_Z,,_T,,2020,,33.525002,,A,,1,,0,
DATAFLOW,OECD.STI.PIE:DSD_PATENTS@DF_PATENTS_OECDSPECIFIC(1.0),,I,9P50_1,,A,,AP,,PATN,,PRIORITY,,PHL,,_Z,,INVENTOR,,_Z,,_Z,,_T,,2020,,34.226189,,A,,1,,0,
DATAFLOW,OECD.STI.PIE:DSD_PATENTS@DF_PATENTS_OECDSPECIFIC(1.0),,I,9P50_1,,A,,AP,,PATN,,PRIORITY,,GTM,,_Z,,INVENTOR,,_Z,,_Z,,_T,,2020,,2.8571429,,A,,1,,0,
DATAFLOW,OECD.STI.PIE:DSD_PATENTS@DF_PATENTS_OECDSPECIFIC(1.0),,I,9P50_1,,A,,AP,,PATN,,PRIORITY,,PRI,,_Z,,INVENTOR,,_Z,,_Z,,_T,,2020,,14.413095,,A,,1,,0,
DATAFLOW,OECD.STI.PIE:DSD_PATENTS@DF_PATENTS_OECDSPECIFIC(1.0),,I,9P50_1,,A,,AP,,PATN,,PRIORITY,,MKD,,_Z,,INVENTOR,,_Z,,_Z,,_T,,2020,,7.25,,A,,1,,0,
DATAFLOW,OECD.STI.PIE:DSD_PATENTS@DF_PATENTS_OECDSPECIFIC(1.0),,I,9P50_1,,A,,AP,,PATN,,PRIORITY,,JAM,,_Z,,INVENTOR,,_Z,,_Z,,_T,,2020,,1.3428571,,A,,1,,0,
DATAFLOW,OECD.STI.PIE:DSD_PATENTS@DF_PATENTS_OECDSPECIFIC(1.0),,I,9P50_1,,A,,AP,,PATN,,PRIORITY,,OECD,,_Z,,INVENTOR,,_Z,,_Z,,_T,,2020,,190295.47,,A,,1,,0,
DATAFLOW,OECD.STI.PIE:DSD_PATENTS@DF_PATENTS_OECDSPECIFIC(1.0),,I,9P50_1,,A,,AP,,PATN,,PRIORITY,,THA,,_Z,,INVENTOR,,_Z,,_Z,,_T,,2020,,130.68182,,A,,1,,0,
DATAFLOW,OECD.STI.PIE:DSD_PATENTS@DF_PATENTS_OECDSPECIFIC(1.0),,I,9P50_1,,A,,AP,,PATN,,PRIORITY,,SVN,,_Z,,INVENTOR,,_Z,,_Z,,_T,,2020,,111.87251,,A,,1,,0,
DATAFLOW,OECD.STI.PIE:DSD_PATENTS@DF_PATENTS_OECDSPECIFIC(1.0),,I,9P50_1,,A,,AP,,PATN,,PRIORITY,,USA,,_Z,,INVENTOR,,_Z,,_Z,,_T,,2020,,58061.547,,A,,1,,0,
DATAFLOW,OECD.STI.PIE:DSD_PATENTS@DF_PATENTS_OECDSPECIFIC(1.0),,I,9P50_1,,A,,AP,,PATN,,PRIORITY,,JOR,,_Z,,INVENTOR,,_Z,,_Z,,_T,,2020,,20.833334,,A,,1,,0,
DATAFLOW,OECD.STI.PIE:DSD_PATENTS@DF_PATENTS_OECDSPECIFIC(1.0),,I,9P50_1,,A,,AP,,PATN,,PRIORITY,,RUS,,_Z,,INVENTOR,,_Z,,_Z,,_T,,2020,,1178.8248,,A,,1,,0,
DATAFLOW,OECD.STI.PIE:DSD_PATENTS@DF_PATENTS_OECDSPECIFIC(1.0),,I,9P50_1,,A,,AP,,PATN,,PRIORITY,,UKR,,_Z,,INVENTOR,,_Z,,_Z,,_T,,2020,,166.69411,,A,,1,,0,
DATAFLOW,OECD.STI.PIE:DSD_PATENTS@DF_PATENTS_OECDSPECIFIC(1.0),,I,9P50_1,,A,,AP,,PATN,,PRIORITY,,ARE,,_Z,,INVENTOR,,_Z,,_Z,,_T,,2020,,108.03049,,A,,1,,0,
DATAFLOW,OECD.STI.PIE:DSD_PATENTS@DF_PATENTS_OECDSPECIFIC(1.0),,I,9P50_1,,A,,AP,,PATN,,PRIORITY,,CYP,,_Z,,INVENTOR,,_Z,,_Z,,_T,,2020,,23.96817,,A,,1,,0,
DATAFLOW,OECD.STI.PIE:DSD_PATENTS@DF_PATENTS_OECDSPECIFIC(1.0),,I,9P50_1,,A,,AP,,PATN,,PRIORITY,,URY,,_Z,,INVENTOR,,_Z,,_Z,,_T,,2020,,3.4242425,,A,,1,,0,
DATAFLOW,OECD.STI.PIE:DSD_PATENTS@DF_PATENTS_OECDSPECIFIC(1.0),,I,9P50_1,,A,,AP,,PATN,,PRIORITY,,KOR,,_Z,,INVENTOR,,_Z,,_Z,,_T,,2020,,20270.107,,A,,1,,0,
DATAFLOW,OECD.STI.PIE:DSD_PATENTS@DF_PATENTS_OECDSPECIFIC(1.0),,I,9P50_1,,A,,AP,,PATN,,PRIORITY,,TUR,,_Z,,INVENTOR,,_Z,,_Z,,_T,,2020,,1698.8711,,A,,1,,0,
DATAFLOW,OECD.STI.PIE:DSD_PATENTS@DF_PATENTS_OECDSPECIFIC(1.0),,I,9P50_1,,A,,AP,,PATN,,PRIORITY,,VEN,,_Z,,INVENTOR,,_Z,,_Z,,_T,,2020,,1.7333333,,A,,1,,0,
DATAFLOW,OECD.STI.PIE:DSD_PATENTS@DF_PATENTS_OECDSPECIFIC(1.0),,I,9P50_1,,A,,AP,,PATN,,PRIORITY,,KAZ,,_Z,,INVENTOR,,_Z,,_Z,,_T,,2020,,35.356686,,A,,1,,0,
DATAFLOW,OECD.STI.PIE:DSD_PATENTS@DF_PATENTS_OECDSPECIFIC(1.0),,I,9P50_1,,A,,AP,,PATN,,PRIORITY,,AUS,,_Z,,INVENTOR,,_Z,,_Z,,_T,,2020,,1831.8331,,A,,1,,0,
DATAFLOW,OECD.STI.PIE:DSD_PATENTS@DF_PATENTS_OECDSPECIFIC(1.0),,I,9P50_1,,A,,AP,,PATN,,PRIORITY,,CHL,,_Z,,INVENTOR,,_Z,,_Z,,_T,,2020,,201.35281,,A,,1,,0,
DATAFLOW,OECD.STI.PIE:DSD_PATENTS@DF_PATENTS_OECDSPECIFIC(1.0),,I,9P50_1,,A,,AP,,PATN,,PRIORITY,,NZL,,_Z,,INVENTOR,,_Z,,_Z,,_T,,2020,,357.20407,,A,,1,,0,
DATAFLOW,OECD.STI.PIE:DSD_PATENTS@DF_PATENTS_OECDSPECIFIC(1.0),,I,9P50_1,,A,,AP,,PATN,,PRIORITY,,HUN,,_Z,,INVENTOR,,_Z,,_Z,,_T,,2020,,259.5921,,A,,1,,0,
DATAFLOW,OECD.STI.PIE:DSD_PATENTS@DF_PATENTS_OECDSPECIFIC(1.0),,I,9P50_1,,A,,AP,,PATN,,PRIORITY,,CRI,,_Z,,INVENTOR,,_Z,,_Z,,_T,,2020,,17.909523,,A,,1,,0,
DATAFLOW,OECD.STI.PIE:DSD_PATENTS@DF_PATENTS_OECDSPECIFIC(1.0),,I,9P50_1,,A,,AP,,PATN,,PRIORITY,,CHN,,_Z,,INVENTOR,,_Z,,_Z,,_T,,2020,,68573.031,,A,,1,,0,
DATAFLOW,OECD.STI.PIE:DSD_PATENTS@DF_PATENTS_OECDSPECIFIC(1.0),,I,9P50_1,,A,,AP,,PATN,,PRIORITY,,IRL,,_Z,,INVENTOR,,_Z,,_Z,,_T,,2020,,541.30383,,A,,1,,0,
DATAFLOW,OECD.STI.PIE:DSD_PATENTS@DF_PATENTS_OECDSPECIFIC(1.0),,I,9P50_1,,A,,AP,,PATN,,PRIORITY,,ECU,,_Z,,INVENTOR,,_Z,,_Z,,_T,,2020,,3.9833333,,A,,1,,0,
DATAFLOW,OECD.STI.PIE:DSD_PATENTS@DF_PATENTS_OECDSPECIFIC(1.0),,I,9P50_1,,A,,AP,,PATN,,PRIORITY,,GRC,,_Z,,INVENTOR,,_Z,,_Z,,_T,,2020,,124.72619,,A,,1,,0,
DATAFLOW,OECD.STI.PIE:DSD_PATENTS@DF_PATENTS_OECDSPECIFIC(1.0),,I,9P50_1,,A,,AP,,PATN,,PRIORITY,,AUT,,_Z,,INVENTOR,,_Z,,_Z,,_T,,2020,,1589.0156,,A,,1,,0,
DATAFLOW,OECD.STI.PIE:DSD_PATENTS@DF_PATENTS_OECDSPECIFIC(1.0),,I,9P50_1,,A,,AP,,PATN,,PRIORITY,,PER,,_Z,,INVENTOR,,_Z,,_Z,,_T,,2020,,39.275002,,A,,1,,0,
DATAFLOW,OECD.STI.PIE:DSD_PATENTS@DF_PATENTS_OECDSPECIFIC(1.0),,I,9P50_1,,A,,AP,,PATN,,PRIORITY,,ITA,,_Z,,INVENTOR,,_Z,,_Z,,_T,,2020,,3902.6531,,A,,1,,0,
DATAFLOW,OECD.STI.PIE:DSD_PATENTS@DF_PATENTS_OECDSPECIFIC(1.0),,I,9P50_1,,A,,AP,,PATN,,PRIORITY,,EU27_2020,,_Z,,INVENTOR,,_Z,,_Z,,_T,,2020,,46233.895,,A,,1,,0,
DATAFLOW,OECD.STI.PIE:DSD_PATENTS@DF_PATENTS_OECDSPECIFIC(1.0),,I,9P50_1,,A,,AP,,PATN,,PRIORITY,,SVK,,_Z,,INVENTOR,,_Z,,_Z,,_T,,2020,,67.707451,,A,,1,,0,
DATAFLOW,OECD.STI.PIE:DSD_PATENTS@DF_PATENTS_OECDSPECIFIC(1.0),,I,9P50_1,,A,,AP,,PATN,,PRIORITY,,MLT,,_Z,,INVENTOR,,_Z,,_Z,,_T,,2020,,30,,A,,1,,0,
DATAFLOW,OECD.STI.PIE:DSD_PATENTS@DF_PATENTS_OECDSPECIFIC(1.0),,I,9P50_1,,A,,AP,,PATN,,PRIORITY,,BGR,,_Z,,INVENTOR,,_Z,,_Z,,_T,,2020,,56.861904,,A,,1,,0,
DATAFLOW,OECD.STI.PIE:DSD_PATENTS@DF_PATENTS_OECDSPECIFIC(1.0),,I,9P50_1,,A,,AP,,PATN,,PRIORITY,,EST,,_Z,,INVENTOR,,_Z,,_Z,,_T,,2020,,41.648811,,A,,1,,0,
DATAFLOW,OECD.STI.PIE:DSD_PATENTS@DF_PATENTS_OECDSPECIFIC(1.0),,I,9P50_1,,A,,AP,,PATN,,PRIORITY,,PRT,,_Z,,INVENTOR,,_Z,,_Z,,_T,,2020,,240.67107,,A,,1,,0,
DATAFLOW,OECD.STI.PIE:DSD_PATENTS@DF_PATENTS_OECDSPECIFIC(1.0),,I,9P50_1,,A,,AP,,PATN,,PRIORITY,,TUN,,_Z,,INVENTOR,,_Z,,_Z,,_T,,2020,,10.905357,,A,,1,,0,
DATAFLOW,OECD.STI.PIE:DSD_PATENTS@DF_PATENTS_OECDSPECIFIC(1.0),,I,9P50_1,,A,,AP,,PATN,,PRIORITY,,EGY,,_Z,,INVENTOR,,_Z,,_Z,,_T,,2020,,53.750793,,A,,1,,0,
DATAFLOW,OECD.STI.PIE:DSD_PATENTS@DF_PATENTS_OECDSPECIFIC(1.0),,I,9P50_1,,A,,AP,,PATN,,PRIORITY,,IRN,,_Z,,INVENTOR,,_Z,,_Z,,_T,,2020,,243.21111,,A,,1,,0,
DATAFLOW,OECD.STI.PIE:DSD_PATENTS@DF_PATENTS_OECDSPECIFIC(1.0),,I,9P50_1,,A,,AP,,PATN,,PRIORITY,,BIH,,_Z,,INVENTOR,,_Z,,_Z,,_T,,2020,,11.023809,,A,,1,,0,
DATAFLOW,OECD.STI.PIE:DSD_PATENTS@DF_PATENTS_OECDSPECIFIC(1.0),,I,9P50_1,,A,,AP,,PATN,,PRIORITY,,MDA,,_Z,,INVENTOR,,_Z,,_Z,,_T,,2020,,3.8333333,,A,,1,,0,
DATAFLOW,OECD.STI.PIE:DSD_PATENTS@DF_PATENTS_OECDSPECIFIC(1.0),,I,9P50_1,,A,,AP,,PATN,,PRIORITY,,SGP,,_Z,,INVENTOR,,_Z,,_Z,,_T,,2020,,1042.7721,,A,,1,,0,
DATAFLOW,OECD.STI.PIE:DSD_PATENTS@DF_PATENTS_OECDSPECIFIC(1.0),,I,9P50_1,,A,,AP,,PATN,,PRIORITY,,W,,_Z,,INVENTOR,,_Z,,_Z,,_T,,2020,,272923,,A,,1,,0,
DATAFLOW,OECD.STI.PIE:DSD_PATENTS@DF_PATENTS_OECDSPECIFIC(1.0),,I,9P50_1,,A,,AP,,PATN,,PRIORITY,,COL,,_Z,,INVENTOR,,_Z,,_Z,,_T,,2020,,91.559326,,A,,1,,0,
DATAFLOW,OECD.STI.PIE:DSD_PATENTS@DF_PATENTS_OECDSPECIFIC(1.0),,I,9P50_1,,A,,AP,,PATN,,PRIORITY,,TWN,,_Z,,INVENTOR,,_Z,,_Z,,_T,,2020,,888.38257,,A,,1,,0,
DATAFLOW,OECD.STI.PIE:DSD_PATENTS@DF_PATENTS_OECDSPECIFIC(1.0),,I,9P50_1,,A,,AP,,PATN,,PRIORITY,,LBN,,_Z,,INVENTOR,,_Z,,_Z,,_T,,2020,,15.414286,,A,,1,,0,
DATAFLOW,OECD.STI.PIE:DSD_PATENTS@DF_PATENTS_OECDSPECIFIC(1.0),,I,9P50_1,,A,,AP,,PATN,,PRIORITY,,POL,,_Z,,INVENTOR,,_Z,,_Z,,_T,,2020,,497.70413,,A,,1,,0,
DATAFLOW,OECD.STI.PIE:DSD_PATENTS@DF_PATENTS_OECDSPECIFIC(1.0),,I,9P50_1,,A,,AP,,PATN,,PRIORITY,,MYS,,_Z,,INVENTOR,,_Z,,_Z,,_T,,2020,,203.73154,,A,,1,,0,
DATAFLOW,OECD.STI.PIE:DSD_PATENTS@DF_PATENTS_OECDSPECIFIC(1.0),,I,9P50_1,,A,,AP,,PATN,,PRIORITY,,ISR,,_Z,,INVENTOR,,_Z,,_Z,,_T,,2020,,2397.2854,,A,,1,,0,
DATAFLOW,OECD.STI.PIE:DSD_PATENTS@DF_PATENTS_OECDSPECIFIC(1.0),,I,9P50_1,,A,,AP,,PATN,,PRIORITY,,GEO,,_Z,,INVENTOR,,_Z,,_Z,,_T,,2020,,10.166667,,A,,1,,0,
DATAFLOW,OECD.STI.PIE:DSD_PATENTS@DF_PATENTS_OECDSPECIFIC(1.0),,I,9P50_1,,A,,AP,,PATN,,PRIORITY,,DEU,,_Z,,INVENTOR,,_Z,,_Z,,_T,,2020,,17748.486,,A,,1,,0,
DATAFLOW,OECD.STI.PIE:DSD_PATENTS@DF_PATENTS_OECDSPECIFIC(1.0),,I,9P50_1,,A,,AP,,PATN,,PRIORITY,,FIN,,_Z,,INVENTOR,,_Z,,_Z,,_T,,2020,,1419.5555,,A,,1,,0,
DATAFLOW,OECD.STI.PIE:DSD_PATENTS@DF_PATENTS_OECDSPECIFIC(1.0),,I,9P50_1,,A,,AP,,PATN,,PRIORITY,,SWE,,_Z,,INVENTOR,,_Z,,_Z,,_T,,2020,,3271.9814,,A,,1,,0,
DATAFLOW,OECD.STI.PIE:DSD_PATENTS@DF_PATENTS_OECDSPECIFIC(1.0),,I,9P50_1,,A,,AP,,PATN,,PRIORITY,,CHE,,_Z,,INVENTOR,,_Z,,_Z,,_T,,2020,,3059.7874,,A,,1,,0,
DATAFLOW,OECD.STI.PIE:DSD_PATENTS@DF_PATENTS_OECDSPECIFIC(1.0),,I,9P50_1,,A,,AP,,PATN,,PRIORITY,,MAR,,_Z,,INVENTOR,,_Z,,_Z,,_T,,2020,,58.238094,,A,,1,,0,
DATAFLOW,OECD.STI.PIE:DSD_PATENTS@DF_PATENTS_OECDSPECIFIC(1.0),,I,9P50_1,,A,,AP,,PATN,,PRIORITY,,NLD,,_Z,,INVENTOR,,_Z,,_Z,,_T,,2020,,3457.1973,,A,,1,,0,
DATAFLOW,OECD.STI.PIE:DSD_PATENTS@DF_PATENTS_OECDSPECIFIC(1.0),,I,9P50_1,,A,,AP,,PATN,,PRIORITY,,AND,,_Z,,INVENTOR,,_Z,,_Z,,_T,,2020,,1.5833334,,A,,1,,0,
DATAFLOW,OECD.STI.PIE:DSD_PATENTS@DF_PATENTS_OECDSPECIFIC(1.0),,I,9P50_1,,A,,AP,,PATN,,PRIORITY,,DNK,,_Z,,INVENTOR,,_Z,,_Z,,_T,,2020,,1559.3512,,A,,1,,0,
DATAFLOW,OECD.STI.PIE:DSD_PATENTS@DF_PATENTS_OECDSPECIFIC(1.0),,I,9P50_1,,A,,AP,,PATN,,PRIORITY,,BRA,,_Z,,INVENTOR,,_Z,,_Z,,_T,,2020,,778.75519,,A,,1,,0,
DATAFLOW,OECD.STI.PIE:DSD_PATENTS@DF_PATENTS_OECDSPECIFIC(1.0),,I,9P50_1,,A,,AP,,PATN,,PRIORITY,,KEN,,_Z,,INVENTOR,,_Z,,_Z,,_T,,2020,,10.166667,,A,,1,,0,
DATAFLOW,OECD.STI.PIE:DSD_PATENTS@DF_PATENTS_OECDSPECIFIC(1.0),,I,9P50_1,,A,,AP,,PATN,,PRIORITY,,CUB,,_Z,,INVENTOR,,_Z,,_Z,,_T,,2020,,15.480357,,A,,1,,0,
DATAFLOW,OECD.STI.PIE:DSD_PATENTS@DF_PATENTS_OECDSPECIFIC(1.0),,I,9P50_1,,A,,AP,,PATN,,PRIORITY,,LUX,,_Z,,INVENTOR,,_Z,,_Z,,_T,,2020,,108.66984,,A,,1,,0,
DATAFLOW,OECD.STI.PIE:DSD_PATENTS@DF_PATENTS_OECDSPECIFIC(1.0),,I,9P50_1,,A,,AP,,PATN,,PRIORITY,,LVA,,_Z,,INVENTOR,,_Z,,_Z,,_T,,2020,,42.911598,,A,,1,,0,
DATAFLOW,OECD.STI.PIE:DSD_PATENTS@DF_PATENTS_OECDSPECIFIC(1.0),,I,9P50_1,,A,,AP,,PATN,,PRIORITY,,SAU,,_Z,,INVENTOR,,_Z,,_Z,,_T,,2020,,925.27856,,A,,1,,0,
DATAFLOW,OECD.STI.PIE:DSD_PATENTS@DF_PATENTS_OECDSPECIFIC(1.0),,I,9P50_1,,A,,AP,,PATN,,PRIORITY,,ZAF,,_Z,,INVENTOR,,_Z,,_Z,,_T,,2020,,246.89999,,A,,1,,0,
DATAFLOW,OECD.STI.PIE:DSD_PATENTS@DF_PATENTS_OECDSPECIFIC(1.0),,I,9P50_1,,A,,AP,,PATN,,PRIORITY,,HRV,,_Z,,INVENTOR,,_Z,,_Z,,_T,,2020,,36.620636,,A,,1,,0,
DATAFLOW,OECD.STI.PIE:DSD_PATENTS@DF_PATENTS_OECDSPECIFIC(1.0),,I,9P50_1,,A,,AP,,PATN,,PRIORITY,,FRA,,_Z,,INVENTOR,,_Z,,_Z,,_T,,2020,,7426.9214,,A,,1,,0,
DATAFLOW,OECD.STI.PIE:DSD_PATENTS@DF_PATENTS_OECDSPECIFIC(1.0),,I,9P50_1,,A,,AP,,PATN,,PRIORITY,,LTU,,_Z,,INVENTOR,,_Z,,_Z,,_T,,2020,,38.208332,,A,,1,,0,
DATAFLOW,OECD.STI.PIE:DSD_PATENTS@DF_PATENTS_OECDSPECIFIC(1.0),,I,9P50_1,,A,,AP,,PATN,,PRIORITY,,HKG,,_Z,,INVENTOR,,_Z,,_Z,,_T,,2020,,615.43658,,A,,1,,0,
DATAFLOW,OECD.STI.PIE:DSD_PATENTS@DF_PATENTS_OECDSPECIFIC(1.0),,I,9P50_1,,A,,AP,,PATN,,PRIORITY,,IDN,,_Z,,INVENTOR,,_Z,,_Z,,_T,,2020,,11.729762,,A,,1,,0,
DATAFLOW,OECD.STI.PIE:DSD_PATENTS@DF_PATENTS_OECDSPECIFIC(1.0),,I,9P50_1,,A,,AP,,PATN,,PRIORITY,,GBR,,_Z,,INVENTOR,,_Z,,_Z,,_T,,2020,,6538.6021,,A,,1,,0,
DATAFLOW,OECD.STI.PIE:DSD_PATENTS@DF_PATENTS_OECDSPECIFIC(1.0),,I,9P50_1,,A,,AP,,PATN,,PRIORITY,,CZE,,_Z,,INVENTOR,,_Z,,_Z,,_T,,2020,,263.35434,,A,,1,,0,
DATAFLOW,OECD.STI.PIE:DSD_PATENTS@DF_PATENTS_OECDSPECIFIC(1.0),,I,9P50_1,,A,,AP,,PATN,,PRIORITY,,DZA,,_Z,,INVENTOR,,_Z,,_Z,,_T,,2020,,12.416667,,A,,1,,0,
DATAFLOW,OECD.STI.PIE:DSD_PATENTS@DF_PATENTS_OECDSPECIFIC(1.0),,I,9P50_1,,A,,AP,,PATN,,PRIORITY,,PAK,,_Z,,INVENTOR,,_Z,,_Z,,_T,,2020,,14.241667,,A,,1,,0,
DATAFLOW,OECD.STI.PIE:DSD_PATENTS@DF_PATENTS_OECDSPECIFIC(1.0),,I,9P50_1,,A,,AP,,PATN,,PRIORITY,,NGA,,_Z,,INVENTOR,,_Z,,_Z,,_T,,2020,,2.3333333,,A,,1,,0,
DATAFLOW,OECD.STI.PIE:DSD_PATENTS@DF_PATENTS_OECDSPECIFIC(1.0),,I,9P50_1,,A,,AP,,PATN,,PRIORITY,,NGA,,_Z,,INVENTOR,,_Z,,_Z,,_T,,2021,,4.4642859,,A,,1,,0,
DATAFLOW,OECD.STI.PIE:DSD_PATENTS@DF_PATENTS_OECDSPECIFIC(1.0),,I,9P50_1,,A,,AP,,PATN,,PRIORITY,,PAK,,_Z,,INVENTOR,,_Z,,_Z,,_T,,2021,,8.034524,,A,,1,,0,
DATAFLOW,OECD.STI.PIE:DSD_PATENTS@DF_PATENTS_OECDSPECIFIC(1.0),,I,9P50_1,,A,,AP,,PATN,,PRIORITY,,DZA,,_Z,,INVENTOR,,_Z,,_Z,,_T,,2021,,11.383333,,A,,1,,0,
DATAFLOW,OECD.STI.PIE:DSD_PATENTS@DF_PATENTS_OECDSPECIFIC(1.0),,I,9P50_1,,A,,AP,,PATN,,PRIORITY,,CZE,,_Z,,INVENTOR,,_Z,,_Z,,_T,,2021,,338.31845,,A,,1,,0,
DATAFLOW,OECD.STI.PIE:DSD_PATENTS@DF_PATENTS_OECDSPECIFIC(1.0),,I,9P50_1,,A,,AP,,PATN,,PRIORITY,,GBR,,_Z,,INVENTOR,,_Z,,_Z,,_T,,2021,,6379.8135,,A,,1,,0,
DATAFLOW,OECD.STI.PIE:DSD_PATENTS@DF_PATENTS_OECDSPECIFIC(1.0),,I,9P50_1,,A,,AP,,PATN,,PRIORITY,,IDN,,_Z,,INVENTOR,,_Z,,_Z,,_T,,2021,,21.809525,,A,,1,,0,
DATAFLOW,OECD.STI.PIE:DSD_PATENTS@DF_PATENTS_OECDSPECIFIC(1.0),,I,9P50_1,,A,,AP,,PATN,,PRIORITY,,HKG,,_Z,,INVENTOR,,_Z,,_Z,,_T,,2021,,510.67032,,A,,1,,0,
DATAFLOW,OECD.STI.PIE:DSD_PATENTS@DF_PATENTS_OECDSPECIFIC(1.0),,I,9P50_1,,A,,AP,,PATN,,PRIORITY,,LTU,,_Z,,INVENTOR,,_Z,,_Z,,_T,,2021,,49.301189,,A,,1,,0,
DATAFLOW,OECD.STI.PIE:DSD_PATENTS@DF_PATENTS_OECDSPECIFIC(1.0),,I,9P50_1,,A,,AP,,PATN,,PRIORITY,,FRA,,_Z,,INVENTOR,,_Z,,_Z,,_T,,2021,,7619.415,,A,,1,,0,
DATAFLOW,OECD.STI.PIE:DSD_PATENTS@DF_PATENTS_OECDSPECIFIC(1.0),,I,9P50_1,,A,,AP,,PATN,,PRIORITY,,TTO,,_Z,,INVENTOR,,_Z,,_Z,,_T,,2021,,1.5,,A,,1,,0,
DATAFLOW,OECD.STI.PIE:DSD_PATENTS@DF_PATENTS_OECDSPECIFIC(1.0),,I,9P50_1,,A,,AP,,PATN,,PRIORITY,,HRV,,_Z,,INVENTOR,,_Z,,_Z,,_T,,2021,,40.441666,,A,,1,,0,
DATAFLOW,OECD.STI.PIE:DSD_PATENTS@DF_PATENTS_OECDSPECIFIC(1.0),,I,9P50_1,,A,,AP,,PATN,,PRIORITY,,ZAF,,_Z,,INVENTOR,,_Z,,_Z,,_T,,2021,,217.3873,,A,,1,,0,
DATAFLOW,OECD.STI.PIE:DSD_PATENTS@DF_PATENTS_OECDSPECIFIC(1.0),,I,9P50_1,,A,,AP,,PATN,,PRIORITY,,SAU,,_Z,,INVENTOR,,_Z,,_Z,,_T,,2021,,425.16238,,A,,1,,0,
DATAFLOW,OECD.STI.PIE:DSD_PATENTS@DF_PATENTS_OECDSPECIFIC(1.0),,I,9P50_1,,A,,AP,,PATN,,PRIORITY,,LVA,,_Z,,INVENTOR,,_Z,,_Z,,_T,,2021,,39.421677,,A,,1,,0,
DATAFLOW,OECD.STI.PIE:DSD_PATENTS@DF_PATENTS_OECDSPECIFIC(1.0),,I,9P50_1,,A,,AP,,PATN,,PRIORITY,,LUX,,_Z,,INVENTOR,,_Z,,_Z,,_T,,2021,,93.495239,,A,,1,,0,
DATAFLOW,OECD.STI.PIE:DSD_PATENTS@DF_PATENTS_OECDSPECIFIC(1.0),,I,9P50_1,,A,,AP,,PATN,,PRIORITY,,CUB,,_Z,,INVENTOR,,_Z,,_Z,,_T,,2021,,11.461538,,A,,1,,0,
DATAFLOW,OECD.STI.PIE:DSD_PATENTS@DF_PATENTS_OECDSPECIFIC(1.0),,I,9P50_1,,A,,AP,,PATN,,PRIORITY,,KEN,,_Z,,INVENTOR,,_Z,,_Z,,_T,,2021,,5.5952382,,A,,1,,0,
DATAFLOW,OECD.STI.PIE:DSD_PATENTS@DF_PATENTS_OECDSPECIFIC(1.0),,I,9P50_1,,A,,AP,,PATN,,PRIORITY,,BRA,,_Z,,INVENTOR,,_Z,,_Z,,_T,,2021,,705.50311,,A,,1,,0,
DATAFLOW,OECD.STI.PIE:DSD_PATENTS@DF_PATENTS_OECDSPECIFIC(1.0),,I,9P50_1,,A,,AP,,PATN,,PRIORITY,,DNK,,_Z,,INVENTOR,,_Z,,_Z,,_T,,2021,,1493.7463,,A,,1,,0,
DATAFLOW,OECD.STI.PIE:DSD_PATENTS@DF_PATENTS_OECDSPECIFIC(1.0),,I,9P50_1,,A,,AP,,PATN,,PRIORITY,,AND,,_Z,,INVENTOR,,_Z,,_Z,,_T,,2021,,1.7361112,,A,,1,,0,
DATAFLOW,OECD.STI.PIE:DSD_PATENTS@DF_PATENTS_OECDSPECIFIC(1.0),,I,9P50_1,,A,,AP,,PATN,,PRIORITY,,NLD,,_Z,,INVENTOR,,_Z,,_Z,,_T,,2021,,3649.2034,,A,,1,,0,
DATAFLOW,OECD.STI.PIE:DSD_PATENTS@DF_PATENTS_OECDSPECIFIC(1.0),,I,9P50_1,,A,,AP,,PATN,,PRIORITY,,MAR,,_Z,,INVENTOR,,_Z,,_Z,,_T,,2021,,82.083336,,A,,1,,0,
DATAFLOW,OECD.STI.PIE:DSD_PATENTS@DF_PATENTS_OECDSPECIFIC(1.0),,I,9P50_1,,A,,AP,,PATN,,PRIORITY,,CHE,,_Z,,INVENTOR,,_Z,,_Z,,_T,,2021,,3000.0176,,A,,1,,0,
DATAFLOW,OECD.STI.PIE:DSD_PATENTS@DF_PATENTS_OECDSPECIFIC(1.0),,I,9P50_1,,A,,AP,,PATN,,PRIORITY,,SWE,,_Z,,INVENTOR,,_Z,,_Z,,_T,,2021,,3303.9766,,A,,1,,0,
DATAFLOW,OECD.STI.PIE:DSD_PATENTS@DF_PATENTS_OECDSPECIFIC(1.0),,I,9P50_1,,A,,AP,,PATN,,PRIORITY,,FIN,,_Z,,INVENTOR,,_Z,,_Z,,_T,,2021,,1525.3409,,A,,1,,0,
DATAFLOW,OECD.STI.PIE:DSD_PATENTS@DF_PATENTS_OECDSPECIFIC(1.0),,I,9P50_1,,A,,AP,,PATN,,PRIORITY,,DEU,,_Z,,INVENTOR,,_Z,,_Z,,_T,,2021,,18017.043,,A,,1,,0,
DATAFLOW,OECD.STI.PIE:DSD_PATENTS@DF_PATENTS_OECDSPECIFIC(1.0),,I,9P50_1,,A,,AP,,PATN,,PRIORITY,,GEO,,_Z,,INVENTOR,,_Z,,_Z,,_T,,2021,,11.433333,,A,,1,,0,
DATAFLOW,OECD.STI.PIE:DSD_PATENTS@DF_PATENTS_OECDSPECIFIC(1.0),,I,9P50_1,,A,,AP,,PATN,,PRIORITY,,ISR,,_Z,,INVENTOR,,_Z,,_Z,,_T,,2021,,2206.5332,,A,,1,,0,
DATAFLOW,OECD.STI.PIE:DSD_PATENTS@DF_PATENTS_OECDSPECIFIC(1.0),,I,9P50_1,,A,,AP,,PATN,,PRIORITY,,MYS,,_Z,,INVENTOR,,_Z,,_Z,,_T,,2021,,197.98697,,A,,1,,0,
DATAFLOW,OECD.STI.PIE:DSD_PATENTS@DF_PATENTS_OECDSPECIFIC(1.0),,I,9P50_1,,A,,AP,,PATN,,PRIORITY,,POL,,_Z,,INVENTOR,,_Z,,_Z,,_T,,2021,,444.8436,,A,,1,,0,
DATAFLOW,OECD.STI.PIE:DSD_PATENTS@DF_PATENTS_OECDSPECIFIC(1.0),,I,9P50_1,,A,,AP,,PATN,,PRIORITY,,LBN,,_Z,,INVENTOR,,_Z,,_Z,,_T,,2021,,14.708333,,A,,1,,0,
DATAFLOW,OECD.STI.PIE:DSD_PATENTS@DF_PATENTS_OECDSPECIFIC(1.0),,I,9P50_1,,A,,AP,,PATN,,PRIORITY,,TWN,,_Z,,INVENTOR,,_Z,,_Z,,_T,,2021,,792.1756,,A,,1,,0,
DATAFLOW,OECD.STI.PIE:DSD_PATENTS@DF_PATENTS_OECDSPECIFIC(1.0),,I,9P50_1,,A,,AP,,PATN,,PRIORITY,,COL,,_Z,,INVENTOR,,_Z,,_Z,,_T,,2021,,116.33257,,A,,1,,0,
DATAFLOW,OECD.STI.PIE:DSD_PATENTS@DF_PATENTS_OECDSPECIFIC(1.0),,I,9P50_1,,A,,AP,,PATN,,PRIORITY,,W,,_Z,,INVENTOR,,_Z,,_Z,,_T,,2021,,270779,,A,,1,,0,
DATAFLOW,OECD.STI.PIE:DSD_PATENTS@DF_PATENTS_OECDSPECIFIC(1.0),,I,9P50_1,,A,,AP,,PATN,,PRIORITY,,SGP,,_Z,,INVENTOR,,_Z,,_Z,,_T,,2021,,1318.8896,,A,,1,,0,
DATAFLOW,OECD.STI.PIE:DSD_PATENTS@DF_PATENTS_OECDSPECIFIC(1.0),,I,9P50_1,,A,,AP,,PATN,,PRIORITY,,MDA,,_Z,,INVENTOR,,_Z,,_Z,,_T,,2021,,3.0444446,,A,,1,,0,
DATAFLOW,OECD.STI.PIE:DSD_PATENTS@DF_PATENTS_OECDSPECIFIC(1.0),,I,9P50_1,,A,,AP,,PATN,,PRIORITY,,BIH,,_Z,,INVENTOR,,_Z,,_Z,,_T,,2021,,7,,A,,1,,0,
DATAFLOW,OECD.STI.PIE:DSD_PATENTS@DF_PATENTS_OECDSPECIFIC(1.0),,I,9P50_1,,A,,AP,,PATN,,PRIORITY,,IRN,,_Z,,INVENTOR,,_Z,,_Z,,_T,,2021,,284.02222,,A,,1,,0,
DATAFLOW,OECD.STI.PIE:DSD_PATENTS@DF_PATENTS_OECDSPECIFIC(1.0),,I,9P50_1,,A,,AP,,PATN,,PRIORITY,,EGY,,_Z,,INVENTOR,,_Z,,_Z,,_T,,2021,,72.525757,,A,,1,,0,
DATAFLOW,OECD.STI.PIE:DSD_PATENTS@DF_PATENTS_OECDSPECIFIC(1.0),,I,9P50_1,,A,,AP,,PATN,,PRIORITY,,TUN,,_Z,,INVENTOR,,_Z,,_Z,,_T,,2021,,9.1999998,,A,,1,,0,
DATAFLOW,OECD.STI.PIE:DSD_PATENTS@DF_PATENTS_OECDSPECIFIC(1.0),,I,9P50_1,,A,,AP,,PATN,,PRIORITY,,PRT,,_Z,,INVENTOR,,_Z,,_Z,,_T,,2021,,280.41364,,A,,1,,0,
DATAFLOW,OECD.STI.PIE:DSD_PATENTS@DF_PATENTS_OECDSPECIFIC(1.0),,I,9P50_1,,A,,AP,,PATN,,PRIORITY,,EST,,_Z,,INVENTOR,,_Z,,_Z,,_T,,2021,,40.097618,,A,,1,,0,
DATAFLOW,OECD.STI.PIE:DSD_PATENTS@DF_PATENTS_OECDSPECIFIC(1.0),,I,9P50_1,,A,,AP,,PATN,,PRIORITY,,BGR,,_Z,,INVENTOR,,_Z,,_Z,,_T,,2021,,40.573811,,A,,1,,0,
DATAFLOW,OECD.STI.PIE:DSD_PATENTS@DF_PATENTS_OECDSPECIFIC(1.0),,I,9P50_1,,A,,AP,,PATN,,PRIORITY,,MLT,,_Z,,INVENTOR,,_Z,,_Z,,_T,,2021,,31.450001,,A,,1,,0,
DATAFLOW,OECD.STI.PIE:DSD_PATENTS@DF_PATENTS_OECDSPECIFIC(1.0),,I,9P50_1,,A,,AP,,PATN,,PRIORITY,,SVK,,_Z,,INVENTOR,,_Z,,_Z,,_T,,2021,,76.463997,,A,,1,,0,
DATAFLOW,OECD.STI.PIE:DSD_PATENTS@DF_PATENTS_OECDSPECIFIC(1.0),,I,9P50_1,,A,,AP,,PATN,,PRIORITY,,EU27_2020,,_Z,,INVENTOR,,_Z,,_Z,,_T,,2021,,46778.371,,A,,1,,0,
DATAFLOW,OECD.STI.PIE:DSD_PATENTS@DF_PATENTS_OECDSPECIFIC(1.0),,I,9P50_1,,A,,AP,,PATN,,PRIORITY,,ITA,,_Z,,INVENTOR,,_Z,,_Z,,_T,,2021,,3910.7,,A,,1,,0,
DATAFLOW,OECD.STI.PIE:DSD_PATENTS@DF_PATENTS_OECDSPECIFIC(1.0),,I,9P50_1,,A,,AP,,PATN,,PRIORITY,,PER,,_Z,,INVENTOR,,_Z,,_Z,,_T,,2021,,30.411112,,A,,1,,0,
DATAFLOW,OECD.STI.PIE:DSD_PATENTS@DF_PATENTS_OECDSPECIFIC(1.0),,I,9P50_1,,A,,AP,,PATN,,PRIORITY,,AUT,,_Z,,INVENTOR,,_Z,,_Z,,_T,,2021,,1514.8754,,A,,1,,0,
DATAFLOW,OECD.STI.PIE:DSD_PATENTS@DF_PATENTS_OECDSPECIFIC(1.0),,I,9P50_1,,A,,AP,,PATN,,PRIORITY,,GRC,,_Z,,INVENTOR,,_Z,,_Z,,_T,,2021,,151.14642,,A,,1,,0,
DATAFLOW,OECD.STI.PIE:DSD_PATENTS@DF_PATENTS_OECDSPECIFIC(1.0),,I,9P50_1,,A,,AP,,PATN,,PRIORITY,,ECU,,_Z,,INVENTOR,,_Z,,_Z,,_T,,2021,,11.601191,,A,,1,,0,
DATAFLOW,OECD.STI.PIE:DSD_PATENTS@DF_PATENTS_OECDSPECIFIC(1.0),,I,9P50_1,,A,,AP,,PATN,,PRIORITY,,IRL,,_Z,,INVENTOR,,_Z,,_Z,,_T,,2021,,470.34894,,A,,1,,0,
DATAFLOW,OECD.STI.PIE:DSD_PATENTS@DF_PATENTS_OECDSPECIFIC(1.0),,I,9P50_1,,A,,AP,,PATN,,PRIORITY,,CHN,,_Z,,INVENTOR,,_Z,,_Z,,_T,,2021,,67416.727,,A,,1,,0,
DATAFLOW,OECD.STI.PIE:DSD_PATENTS@DF_PATENTS_OECDSPECIFIC(1.0),,I,9P50_1,,A,,AP,,PATN,,PRIORITY,,CRI,,_Z,,INVENTOR,,_Z,,_Z,,_T,,2021,,8.8587666,,A,,1,,0,
DATAFLOW,OECD.STI.PIE:DSD_PATENTS@DF_PATENTS_OECDSPECIFIC(1.0),,I,9P50_1,,A,,AP,,PATN,,PRIORITY,,HUN,,_Z,,INVENTOR,,_Z,,_Z,,_T,,2021,,268.2717,,A,,1,,0,
DATAFLOW,OECD.STI.PIE:DSD_PATENTS@DF_PATENTS_OECDSPECIFIC(1.0),,I,9P50_1,,A,,AP,,PATN,,PRIORITY,,NZL,,_Z,,INVENTOR,,_Z,,_Z,,_T,,2021,,372.79694,,A,,1,,0,
DATAFLOW,OECD.STI.PIE:DSD_PATENTS@DF_PATENTS_OECDSPECIFIC(1.0),,I,9P50_1,,A,,AP,,PATN,,PRIORITY,,CHL,,_Z,,INVENTOR,,_Z,,_Z,,_T,,2021,,171.06709,,A,,1,,0,
DATAFLOW,OECD.STI.PIE:DSD_PATENTS@DF_PATENTS_OECDSPECIFIC(1.0),,I,9P50_1,,A,,AP,,PATN,,PRIORITY,,AUS,,_Z,,INVENTOR,,_Z,,_Z,,_T,,2021,,1838.6864,,A,,1,,0,
DATAFLOW,OECD.STI.PIE:DSD_PATENTS@DF_PATENTS_OECDSPECIFIC(1.0),,I,9P50_1,,A,,AP,,PATN,,PRIORITY,,KAZ,,_Z,,INVENTOR,,_Z,,_Z,,_T,,2021,,31.950001,,A,,1,,0,
DATAFLOW,OECD.STI.PIE:DSD_PATENTS@DF_PATENTS_OECDSPECIFIC(1.0),,I,9P50_1,,A,,AP,,PATN,,PRIORITY,,VEN,,_Z,,INVENTOR,,_Z,,_Z,,_T,,2021,,2.4666667,,A,,1,,0,
DATAFLOW,OECD.STI.PIE:DSD_PATENTS@DF_PATENTS_OECDSPECIFIC(1.0),,I,9P50_1,,A,,AP,,PATN,,PRIORITY,,TUR,,_Z,,INVENTOR,,_Z,,_Z,,_T,,2021,,973.79651,,A,,1,,0,
DATAFLOW,OECD.STI.PIE:DSD_PATENTS@DF_PATENTS_OECDSPECIFIC(1.0),,I,9P50_1,,A,,AP,,PATN,,PRIORITY,,KOR,,_Z,,INVENTOR,,_Z,,_Z,,_T,,2021,,21084.186,,A,,1,,0,
DATAFLOW,OECD.STI.PIE:DSD_PATENTS@DF_PATENTS_OECDSPECIFIC(1.0),,I,9P50_1,,A,,AP,,PATN,,PRIORITY,,URY,,_Z,,INVENTOR,,_Z,,_Z,,_T,,2021,,4.7142859,,A,,1,,0,
DATAFLOW,OECD.STI.PIE:DSD_PATENTS@DF_PATENTS_OECDSPECIFIC(1.0),,I,9P50_1,,A,,AP,,PATN,,PRIORITY,,CYP,,_Z,,INVENTOR,,_Z,,_Z,,_T,,2021,,20.46591,,A,,1,,0,
DATAFLOW,OECD.STI.PIE:DSD_PATENTS@DF_PATENTS_OECDSPECIFIC(1.0),,I,9P50_1,,A,,AP,,PATN,,PRIORITY,,ARE,,_Z,,INVENTOR,,_Z,,_Z,,_T,,2021,,87.891129,,A,,1,,0,
DATAFLOW,OECD.STI.PIE:DSD_PATENTS@DF_PATENTS_OECDSPECIFIC(1.0),,I,9P50_1,,A,,AP,,PATN,,PRIORITY,,UKR,,_Z,,INVENTOR,,_Z,,_Z,,_T,,2021,,128.95833,,A,,1,,0,
DATAFLOW,OECD.STI.PIE:DSD_PATENTS@DF_PATENTS_OECDSPECIFIC(1.0),,I,9P50_1,,A,,AP,,PATN,,PRIORITY,,RUS,,_Z,,INVENTOR,,_Z,,_Z,,_T,,2021,,939.36084,,A,,1,,0,
DATAFLOW,OECD.STI.PIE:DSD_PATENTS@DF_PATENTS_OECDSPECIFIC(1.0),,I,9P50_1,,A,,AP,,PATN,,PRIORITY,,JOR,,_Z,,INVENTOR,,_Z,,_Z,,_T,,2021,,27.666666,,A,,1,,0,
DATAFLOW,OECD.STI.PIE:DSD_PATENTS@DF_PATENTS_OECDSPECIFIC(1.0),,I,9P50_1,,A,,AP,,PATN,,PRIORITY,,USA,,_Z,,INVENTOR,,_Z,,_Z,,_T,,2021,,56516.004,,A,,1,,0,
DATAFLOW,OECD.STI.PIE:DSD_PATENTS@DF_PATENTS_OECDSPECIFIC(1.0),,I,9P50_1,,A,,AP,,PATN,,PRIORITY,,SVN,,_Z,,INVENTOR,,_Z,,_Z,,_T,,2021,,111.10436,,A,,1,,0,
DATAFLOW,OECD.STI.PIE:DSD_PATENTS@DF_PATENTS_OECDSPECIFIC(1.0),,I,9P50_1,,A,,AP,,PATN,,PRIORITY,,THA,,_Z,,INVENTOR,,_Z,,_Z,,_T,,2021,,163.68256,,A,,1,,0,
DATAFLOW,OECD.STI.PIE:DSD_PATENTS@DF_PATENTS_OECDSPECIFIC(1.0),,I,9P50_1,,A,,AP,,PATN,,PRIORITY,,OECD,,_Z,,INVENTOR,,_Z,,_Z,,_T,,2021,,190859.17,,A,,1,,0,
DATAFLOW,OECD.STI.PIE:DSD_PATENTS@DF_PATENTS_OECDSPECIFIC(1.0),,I,9P50_1,,A,,AP,,PATN,,PRIORITY,,MKD,,_Z,,INVENTOR,,_Z,,_Z,,_T,,2021,,0.83333331,,A,,1,,0,
DATAFLOW,OECD.STI.PIE:DSD_PATENTS@DF_PATENTS_OECDSPECIFIC(1.0),,I,9P50_1,,A,,AP,,PATN,,PRIORITY,,PRI,,_Z,,INVENTOR,,_Z,,_Z,,_T,,2021,,9.1761904,,A,,1,,0,
DATAFLOW,OECD.STI.PIE:DSD_PATENTS@DF_PATENTS_OECDSPECIFIC(1.0),,I,9P50_1,,A,,AP,,PATN,,PRIORITY,,PHL,,_Z,,INVENTOR,,_Z,,_Z,,_T,,2021,,43.993183,,A,,1,,0,
DATAFLOW,OECD.STI.PIE:DSD_PATENTS@DF_PATENTS_OECDSPECIFIC(1.0),,I,9P50_1,,A,,AP,,PATN,,PRIORITY,,LKA,,_Z,,INVENTOR,,_Z,,_Z,,_T,,2021,,36.765152,,A,,1,,0,
DATAFLOW,OECD.STI.PIE:DSD_PATENTS@DF_PATENTS_OECDSPECIFIC(1.0),,I,9P50_1,,A,,AP,,PATN,,PRIORITY,,PAN,,_Z,,INVENTOR,,_Z,,_Z,,_T,,2021,,2.590909,,A,,1,,0,
DATAFLOW,OECD.STI.PIE:DSD_PATENTS@DF_PATENTS_OECDSPECIFIC(1.0),,I,9P50_1,,A,,AP,,PATN,,PRIORITY,,SLV,,_Z,,INVENTOR,,_Z,,_Z,,_T,,2021,,0.25,,A,,1,,0,
DATAFLOW,OECD.STI.PIE:DSD_PATENTS@DF_PATENTS_OECDSPECIFIC(1.0),,I,9P50_1,,A,,AP,,PATN,,PRIORITY,,KWT,,_Z,,INVENTOR,,_Z,,_Z,,_T,,2021,,4.1111112,,A,,1,,0,
DATAFLOW,OECD.STI.PIE:DSD_PATENTS@DF_PATENTS_OECDSPECIFIC(1.0),,I,9P50_1,,A,,AP,,PATN,,PRIORITY,,CYM,,_Z,,INVENTOR,,_Z,,_Z,,_T,,2021,,8.666667,,A,,1,,0,
DATAFLOW,OECD.STI.PIE:DSD_PATENTS@DF_PATENTS_OECDSPECIFIC(1.0),,I,9P50_1,,A,,AP,,PATN,,PRIORITY,,ROU,,_Z,,INVENTOR,,_Z,,_Z,,_T,,2021,,69.869049,,A,,1,,0,
DATAFLOW,OECD.STI.PIE:DSD_PATENTS@DF_PATENTS_OECDSPECIFIC(1.0),,I,9P50_1,,A,,AP,,PATN,,PRIORITY,,MCO,,_Z,,INVENTOR,,_Z,,_Z,,_T,,2021,,8.6999998,,A,,1,,0,
DATAFLOW,OECD.STI.PIE:DSD_PATENTS@DF_PATENTS_OECDSPECIFIC(1.0),,I,9P50_1,,A,,AP,,PATN,,PRIORITY,,NOR,,_Z,,INVENTOR,,_Z,,_Z,,_T,,2021,,779.57739,,A,,1,,0,
DATAFLOW,OECD.STI.PIE:DSD_PATENTS@DF_PATENTS_OECDSPECIFIC(1.0),,I,9P50_1,,A,,AP,,PATN,,PRIORITY,,ARG,,_Z,,INVENTOR,,_Z,,_Z,,_T,,2021,,50.678967,,A,,1,,0,
DATAFLOW,OECD.STI.PIE:DSD_PATENTS@DF_PATENTS_OECDSPECIFIC(1.0),,I,9P50_1,,A,,AP,,PATN,,PRIORITY,,ESP,,_Z,,INVENTOR,,_Z,,_Z,,_T,,2021,,1838.8964,,A,,1,,0,
DATAFLOW,OECD.STI.PIE:DSD_PATENTS@DF_PATENTS_OECDSPECIFIC(1.0),,I,9P50_1,,A,,AP,,PATN,,PRIORITY,,IND,,_Z,,INVENTOR,,_Z,,_Z,,_T,,2021,,3340.9644,,A,,1,,0,
DATAFLOW,OECD.STI.PIE:DSD_PATENTS@DF_PATENTS_OECDSPECIFIC(1.0),,I,9P50_1,,A,,AP,,PATN,,PRIORITY,,BLR,,_Z,,INVENTOR,,_Z,,_Z,,_T,,2021,,18.826191,,A,,1,,0,
DATAFLOW,OECD.STI.PIE:DSD_PATENTS@DF_PATENTS_OECDSPECIFIC(1.0),,I,9P50_1,,A,,AP,,PATN,,PRIORITY,,MEX,,_Z,,INVENTOR,,_Z,,_Z,,_T,,2021,,234.92738,,A,,1,,0,
DATAFLOW,OECD.STI.PIE:DSD_PATENTS@DF_PATENTS_OECDSPECIFIC(1.0),,I,9P50_1,,A,,AP,,PATN,,PRIORITY,,ISL,,_Z,,INVENTOR,,_Z,,_Z,,_T,,2021,,38.674999,,A,,1,,0,
DATAFLOW,OECD.STI.PIE:DSD_PATENTS@DF_PATENTS_OECDSPECIFIC(1.0),,I,9P50_1,,A,,AP,,PATN,,PRIORITY,,ARM,,_Z,,INVENTOR,,_Z,,_Z,,_T,,2021,,11.299242,,A,,1,,0,
DATAFLOW,OECD.STI.PIE:DSD_PATENTS@DF_PATENTS_OECDSPECIFIC(1.0),,I,9P50_1,,A,,AP,,PATN,,PRIORITY,,JPN,,_Z,,INVENTOR,,_Z,,_Z,,_T,,2021,,47172.348,,A,,1,,0,
DATAFLOW,OECD.STI.PIE:DSD_PATENTS@DF_PATENTS_OECDSPECIFIC(1.0),,I,9P50_1,,A,,AP,,PATN,,PRIORITY,,CAN,,_Z,,INVENTOR,,_Z,,_Z,,_T,,2021,,3389.9841,,A,,1,,0,
DATAFLOW,OECD.STI.PIE:DSD_PATENTS@DF_PATENTS_OECDSPECIFIC(1.0),,I,9P50_1,,A,,AP,,PATN,,PRIORITY,,BEL,,_Z,,INVENTOR,,_Z,,_Z,,_T,,2021,,1339.1471,,A,,1,,0,
DATAFLOW,OECD.STI.PIE:DSD_PATENTS@DF_PATENTS_OECDSPECIFIC(1.0),,I,9P50_1,,A,,AP,,PATN,,PRIORITY,,BMU,,_Z,,INVENTOR,,_Z,,_Z,,_T,,2021,,5.1333332,,A,,1,,0,
DATAFLOW,OECD.STI.PIE:DSD_PATENTS@DF_PATENTS_OECDSPECIFIC(1.0),,I,9P50_1,,A,,AP,,PATN,,PRIORITY,,LIE,,_Z,,INVENTOR,,_Z,,_Z,,_T,,2021,,26.325794,,A,,1,,0,
DATAFLOW,OECD.STI.PIE:DSD_PATENTS@DF_PATENTS_OECDSPECIFIC(1.0),,I,9P50_1,,A,,AP,,PATN,,PRIORITY,,LIE,,_Z,,INVENTOR,,_Z,,_Z,,_T,,2022,,15.321465,,A,,1,,0,
DATAFLOW,OECD.STI.PIE:DSD_PATENTS@DF_PATENTS_OECDSPECIFIC(1.0),,I,9P50_1,,A,,AP,,PATN,,PRIORITY,,BMU,,_Z,,INVENTOR,,_Z,,_Z,,_T,,2022,,6.0500002,,A,,1,,0,
DATAFLOW,OECD.STI.PIE:DSD_PATENTS@DF_PATENTS_OECDSPECIFIC(1.0),,I,9P50_1,,A,,AP,,PATN,,PRIORITY,,BEL,,_Z,,INVENTOR,,_Z,,_Z,,_T,,2022,,1359.0671,,A,,1,,0,
DATAFLOW,OECD.STI.PIE:DSD_PATENTS@DF_PATENTS_OECDSPECIFIC(1.0),,I,9P50_1,,A,,AP,,PATN,,PRIORITY,,CAN,,_Z,,INVENTOR,,_Z,,_Z,,_T,,2022,,3193.4387,,A,,1,,0,
DATAFLOW,OECD.STI.PIE:DSD_PATENTS@DF_PATENTS_OECDSPECIFIC(1.0),,I,9P50_1,,A,,AP,,PATN,,PRIORITY,,JPN,,_Z,,INVENTOR,,_Z,,_Z,,_T,,2022,,45921.996,,A,,1,,0,
DATAFLOW,OECD.STI.PIE:DSD_PATENTS@DF_PATENTS_OECDSPECIFIC(1.0),,I,9P50_1,,A,,AP,,PATN,,PRIORITY,,ARM,,_Z,,INVENTOR,,_Z,,_Z,,_T,,2022,,11.292857,,A,,1,,0,
DATAFLOW,OECD.STI.PIE:DSD_PATENTS@DF_PATENTS_OECDSPECIFIC(1.0),,I,9P50_1,,A,,AP,,PATN,,PRIORITY,,ISL,,_Z,,INVENTOR,,_Z,,_Z,,_T,,2022,,42.857143,,A,,1,,0,
DATAFLOW,OECD.STI.PIE:DSD_PATENTS@DF_PATENTS_OECDSPECIFIC(1.0),,I,9P50_1,,A,,AP,,PATN,,PRIORITY,,MEX,,_Z,,INVENTOR,,_Z,,_Z,,_T,,2022,,201.93056,,A,,1,,0,
DATAFLOW,OECD.STI.PIE:DSD_PATENTS@DF_PATENTS_OECDSPECIFIC(1.0),,I,9P50_1,,A,,AP,,PATN,,PRIORITY,,BLR,,_Z,,INVENTOR,,_Z,,_Z,,_T,,2022,,14.599206,,A,,1,,0,
DATAFLOW,OECD.STI.PIE:DSD_PATENTS@DF_PATENTS_OECDSPECIFIC(1.0),,I,9P50_1,,A,,AP,,PATN,,PRIORITY,,IND,,_Z,,INVENTOR,,_Z,,_Z,,_T,,2022,,3456.0632,,A,,1,,0,
DATAFLOW,OECD.STI.PIE:DSD_PATENTS@DF_PATENTS_OECDSPECIFIC(1.0),,I,9P50_1,,A,,AP,,PATN,,PRIORITY,,ESP,,_Z,,INVENTOR,,_Z,,_Z,,_T,,2022,,1715.8945,,A,,1,,0,
DATAFLOW,OECD.STI.PIE:DSD_PATENTS@DF_PATENTS_OECDSPECIFIC(1.0),,I,9P50_1,,A,,AP,,PATN,,PRIORITY,,ARG,,_Z,,INVENTOR,,_Z,,_Z,,_T,,2022,,47.203571,,A,,1,,0,
DATAFLOW,OECD.STI.PIE:DSD_PATENTS@DF_PATENTS_OECDSPECIFIC(1.0),,I,9P50_1,,A,,AP,,PATN,,PRIORITY,,NOR,,_Z,,INVENTOR,,_Z,,_Z,,_T,,2022,,696.38287,,A,,1,,0,
DATAFLOW,OECD.STI.PIE:DSD_PATENTS@DF_PATENTS_OECDSPECIFIC(1.0),,I,9P50_1,,A,,AP,,PATN,,PRIORITY,,MCO,,_Z,,INVENTOR,,_Z,,_Z,,_T,,2022,,13.25,,A,,1,,0,
DATAFLOW,OECD.STI.PIE:DSD_PATENTS@DF_PATENTS_OECDSPECIFIC(1.0),,I,9P50_1,,A,,AP,,PATN,,PRIORITY,,PRK,,_Z,,INVENTOR,,_Z,,_Z,,_T,,2022,,0.16666667,,A,,1,,0,
DATAFLOW,OECD.STI.PIE:DSD_PATENTS@DF_PATENTS_OECDSPECIFIC(1.0),,I,9P50_1,,A,,AP,,PATN,,PRIORITY,,ROU,,_Z,,INVENTOR,,_Z,,_Z,,_T,,2022,,68.371613,,A,,1,,0,
DATAFLOW,OECD.STI.PIE:DSD_PATENTS@DF_PATENTS_OECDSPECIFIC(1.0),,I,9P50_1,,A,,AP,,PATN,,PRIORITY,,CYM,,_Z,,INVENTOR,,_Z,,_Z,,_T,,2022,,0.33333334,,A,,1,,0,
DATAFLOW,OECD.STI.PIE:DSD_PATENTS@DF_PATENTS_OECDSPECIFIC(1.0),,I,9P50_1,,A,,AP,,PATN,,PRIORITY,,KWT,,_Z,,INVENTOR,,_Z,,_Z,,_T,,2022,,0.25,,A,,1,,0,
DATAFLOW,OECD.STI.PIE:DSD_PATENTS@DF_PATENTS_OECDSPECIFIC(1.0),,I,9P50_1,,A,,AP,,PATN,,PRIORITY,,PAN,,_Z,,INVENTOR,,_Z,,_Z,,_T,,2022,,2.4166667,,A,,1,,0,
DATAFLOW,OECD.STI.PIE:DSD_PATENTS@DF_PATENTS_OECDSPECIFIC(1.0),,I,9P50_1,,A,,AP,,PATN,,PRIORITY,,UZB,,_Z,,INVENTOR,,_Z,,_Z,,_T,,2022,,0.76111114,,A,,1,,0,
DATAFLOW,OECD.STI.PIE:DSD_PATENTS@DF_PATENTS_OECDSPECIFIC(1.0),,I,9P50_1,,A,,AP,,PATN,,PRIORITY,,LKA,,_Z,,INVENTOR,,_Z,,_Z,,_T,,2022,,15.066667,,A,,1,,0,
DATAFLOW,OECD.STI.PIE:DSD_PATENTS@DF_PATENTS_OECDSPECIFIC(1.0),,I,9P50_1,,A,,AP,,PATN,,PRIORITY,,PHL,,_Z,,INVENTOR,,_Z,,_Z,,_T,,2022,,22.866667,,A,,1,,0,
DATAFLOW,OECD.STI.PIE:DSD_PATENTS@DF_PATENTS_OECDSPECIFIC(1.0),,I,9P50_1,,A,,AP,,PATN,,PRIORITY,,GTM,,_Z,,INVENTOR,,_Z,,_Z,,_T,,2022,,1.8333334,,A,,1,,0,
DATAFLOW,OECD.STI.PIE:DSD_PATENTS@DF_PATENTS_OECDSPECIFIC(1.0),,I,9P50_1,,A,,AP,,PATN,,PRIORITY,,PRI,,_Z,,INVENTOR,,_Z,,_Z,,_T,,2022,,21.075001,,A,,1,,0,
DATAFLOW,OECD.STI.PIE:DSD_PATENTS@DF_PATENTS_OECDSPECIFIC(1.0),,I,9P50_1,,A,,AP,,PATN,,PRIORITY,,MKD,,_Z,,INVENTOR,,_Z,,_Z,,_T,,2022,,4.75,,A,,1,,0,
DATAFLOW,OECD.STI.PIE:DSD_PATENTS@DF_PATENTS_OECDSPECIFIC(1.0),,I,9P50_1,,A,,AP,,PATN,,PRIORITY,,JAM,,_Z,,INVENTOR,,_Z,,_Z,,_T,,2022,,1.75,,A,,1,,0,
DATAFLOW,OECD.STI.PIE:DSD_PATENTS@DF_PATENTS_OECDSPECIFIC(1.0),,I,9P50_1,,A,,AP,,PATN,,PRIORITY,,OECD,,_Z,,INVENTOR,,_Z,,_Z,,_T,,2022,,185992.8,,A,,1,,0,
DATAFLOW,OECD.STI.PIE:DSD_PATENTS@DF_PATENTS_OECDSPECIFIC(1.0),,I,9P50_1,,A,,AP,,PATN,,PRIORITY,,THA,,_Z,,INVENTOR,,_Z,,_Z,,_T,,2022,,134.57738,,A,,1,,0,
DATAFLOW,OECD.STI.PIE:DSD_PATENTS@DF_PATENTS_OECDSPECIFIC(1.0),,I,9P50_1,,A,,AP,,PATN,,PRIORITY,,SVN,,_Z,,INVENTOR,,_Z,,_Z,,_T,,2022,,121.65199,,A,,1,,0,
DATAFLOW,OECD.STI.PIE:DSD_PATENTS@DF_PATENTS_OECDSPECIFIC(1.0),,I,9P50_1,,A,,AP,,PATN,,PRIORITY,,USA,,_Z,,INVENTOR,,_Z,,_Z,,_T,,2022,,54136.238,,A,,1,,0,
DATAFLOW,OECD.STI.PIE:DSD_PATENTS@DF_PATENTS_OECDSPECIFIC(1.0),,I,9P50_1,,A,,AP,,PATN,,PRIORITY,,JOR,,_Z,,INVENTOR,,_Z,,_Z,,_T,,2022,,19.416666,,A,,1,,0,
DATAFLOW,OECD.STI.PIE:DSD_PATENTS@DF_PATENTS_OECDSPECIFIC(1.0),,I,9P50_1,,A,,AP,,PATN,,PRIORITY,,RUS,,_Z,,INVENTOR,,_Z,,_Z,,_T,,2022,,698.77802,,A,,1,,0,
DATAFLOW,OECD.STI.PIE:DSD_PATENTS@DF_PATENTS_OECDSPECIFIC(1.0),,I,9P50_1,,A,,AP,,PATN,,PRIORITY,,UKR,,_Z,,INVENTOR,,_Z,,_Z,,_T,,2022,,97.148415,,A,,1,,0,
DATAFLOW,OECD.STI.PIE:DSD_PATENTS@DF_PATENTS_OECDSPECIFIC(1.0),,I,9P50_1,,A,,AP,,PATN,,PRIORITY,,ARE,,_Z,,INVENTOR,,_Z,,_Z,,_T,,2022,,135.75,,A,,1,,0,
DATAFLOW,OECD.STI.PIE:DSD_PATENTS@DF_PATENTS_OECDSPECIFIC(1.0),,I,9P50_1,,A,,AP,,PATN,,PRIORITY,,CYP,,_Z,,INVENTOR,,_Z,,_Z,,_T,,2022,,23.883333,,A,,1,,0,
DATAFLOW,OECD.STI.PIE:DSD_PATENTS@DF_PATENTS_OECDSPECIFIC(1.0),,I,9P50_1,,A,,AP,,PATN,,PRIORITY,,URY,,_Z,,INVENTOR,,_Z,,_Z,,_T,,2022,,11.7,,A,,1,,0,
DATAFLOW,OECD.STI.PIE:DSD_PATENTS@DF_PATENTS_OECDSPECIFIC(1.0),,I,9P50_1,,A,,AP,,PATN,,PRIORITY,,KOR,,_Z,,INVENTOR,,_Z,,_Z,,_T,,2022,,21108.971,,A,,1,,0,
DATAFLOW,OECD.STI.PIE:DSD_PATENTS@DF_PATENTS_OECDSPECIFIC(1.0),,I,9P50_1,,A,,AP,,PATN,,PRIORITY,,TUR,,_Z,,INVENTOR,,_Z,,_Z,,_T,,2022,,1773.2845,,A,,1,,0,
DATAFLOW,OECD.STI.PIE:DSD_PATENTS@DF_PATENTS_OECDSPECIFIC(1.0),,I,9P50_1,,A,,AP,,PATN,,PRIORITY,,KAZ,,_Z,,INVENTOR,,_Z,,_Z,,_T,,2022,,18.957144,,A,,1,,0,
DATAFLOW,OECD.STI.PIE:DSD_PATENTS@DF_PATENTS_OECDSPECIFIC(1.0),,I,9P50_1,,A,,AP,,PATN,,PRIORITY,,AUS,,_Z,,INVENTOR,,_Z,,_Z,,_T,,2022,,1559.8971,,A,,1,,0,
DATAFLOW,OECD.STI.PIE:DSD_PATENTS@DF_PATENTS_OECDSPECIFIC(1.0),,I,9P50_1,,A,,AP,,PATN,,PRIORITY,,CHL,,_Z,,INVENTOR,,_Z,,_Z,,_T,,2022,,162.09723,,A,,1,,0,
DATAFLOW,OECD.STI.PIE:DSD_PATENTS@DF_PATENTS_OECDSPECIFIC(1.0),,I,9P50_1,,A,,AP,,PATN,,PRIORITY,,NZL,,_Z,,INVENTOR,,_Z,,_Z,,_T,,2022,,287.59677,,A,,1,,0,
DATAFLOW,OECD.STI.PIE:DSD_PATENTS@DF_PATENTS_OECDSPECIFIC(1.0),,I,9P50_1,,A,,AP,,PATN,,PRIORITY,,HUN,,_Z,,INVENTOR,,_Z,,_Z,,_T,,2022,,277.50781,,A,,1,,0,
DATAFLOW,OECD.STI.PIE:DSD_PATENTS@DF_PATENTS_OECDSPECIFIC(1.0),,I,9P50_1,,A,,AP,,PATN,,PRIORITY,,CRI,,_Z,,INVENTOR,,_Z,,_Z,,_T,,2022,,16.75238,,A,,1,,0,
DATAFLOW,OECD.STI.PIE:DSD_PATENTS@DF_PATENTS_OECDSPECIFIC(1.0),,I,9P50_1,,A,,AP,,PATN,,PRIORITY,,CHN,,_Z,,INVENTOR,,_Z,,_Z,,_T,,2022,,67967.594,,A,,1,,0,
DATAFLOW,OECD.STI.PIE:DSD_PATENTS@DF_PATENTS_OECDSPECIFIC(1.0),,I,9P50_1,,A,,AP,,PATN,,PRIORITY,,IRL,,_Z,,INVENTOR,,_Z,,_Z,,_T,,2022,,502.03946,,A,,1,,0,
DATAFLOW,OECD.STI.PIE:DSD_PATENTS@DF_PATENTS_OECDSPECIFIC(1.0),,I,9P50_1,,A,,AP,,PATN,,PRIORITY,,ECU,,_Z,,INVENTOR,,_Z,,_Z,,_T,,2022,,4,,A,,1,,0,
DATAFLOW,OECD.STI.PIE:DSD_PATENTS@DF_PATENTS_OECDSPECIFIC(1.0),,I,9P50_1,,A,,AP,,PATN,,PRIORITY,,GRC,,_Z,,INVENTOR,,_Z,,_Z,,_T,,2022,,131.44234,,A,,1,,0,
DATAFLOW,OECD.STI.PIE:DSD_PATENTS@DF_PATENTS_OECDSPECIFIC(1.0),,I,9P50_1,,A,,AP,,PATN,,PRIORITY,,AUT,,_Z,,INVENTOR,,_Z,,_Z,,_T,,2022,,1572.6176,,A,,1,,0,
DATAFLOW,OECD.STI.PIE:DSD_PATENTS@DF_PATENTS_OECDSPECIFIC(1.0),,I,9P50_1,,A,,AP,,PATN,,PRIORITY,,PER,,_Z,,INVENTOR,,_Z,,_Z,,_T,,2022,,33.768452,,A,,1,,0,
DATAFLOW,OECD.STI.PIE:DSD_PATENTS@DF_PATENTS_OECDSPECIFIC(1.0),,I,9P50_1,,A,,AP,,PATN,,PRIORITY,,ITA,,_Z,,INVENTOR,,_Z,,_Z,,_T,,2022,,3507.4036,,A,,1,,0,
DATAFLOW,OECD.STI.PIE:DSD_PATENTS@DF_PATENTS_OECDSPECIFIC(1.0),,I,9P50_1,,A,,AP,,PATN,,PRIORITY,,EU27_2020,,_Z,,INVENTOR,,_Z,,_Z,,_T,,2022,,45565.551,,A,,1,,0,
DATAFLOW,OECD.STI.PIE:DSD_PATENTS@DF_PATENTS_OECDSPECIFIC(1.0),,I,9P50_1,,A,,AP,,PATN,,PRIORITY,,SVK,,_Z,,INVENTOR,,_Z,,_Z,,_T,,2022,,66.150002,,A,,1,,0,
DATAFLOW,OECD.STI.PIE:DSD_PATENTS@DF_PATENTS_OECDSPECIFIC(1.0),,I,9P50_1,,A,,AP,,PATN,,PRIORITY,,MLT,,_Z,,INVENTOR,,_Z,,_Z,,_T,,2022,,20.1,,A,,1,,0,
DATAFLOW,OECD.STI.PIE:DSD_PATENTS@DF_PATENTS_OECDSPECIFIC(1.0),,I,9P50_1,,A,,AP,,PATN,,PRIORITY,,BGR,,_Z,,INVENTOR,,_Z,,_Z,,_T,,2022,,52.415112,,A,,1,,0,
DATAFLOW,OECD.STI.PIE:DSD_PATENTS@DF_PATENTS_OECDSPECIFIC(1.0),,I,9P50_1,,A,,AP,,PATN,,PRIORITY,,EST,,_Z,,INVENTOR,,_Z,,_Z,,_T,,2022,,27.049999,,A,,1,,0,
DATAFLOW,OECD.STI.PIE:DSD_PATENTS@DF_PATENTS_OECDSPECIFIC(1.0),,I,9P50_1,,A,,AP,,PATN,,PRIORITY,,PRT,,_Z,,INVENTOR,,_Z,,_Z,,_T,,2022,,255.1572,,A,,1,,0,
DATAFLOW,OECD.STI.PIE:DSD_PATENTS@DF_PATENTS_OECDSPECIFIC(1.0),,I,9P50_1,,A,,AP,,PATN,,PRIORITY,,TUN,,_Z,,INVENTOR,,_Z,,_Z,,_T,,2022,,10,,A,,1,,0,
DATAFLOW,OECD.STI.PIE:DSD_PATENTS@DF_PATENTS_OECDSPECIFIC(1.0),,I,9P50_1,,A,,AP,,PATN,,PRIORITY,,EGY,,_Z,,INVENTOR,,_Z,,_Z,,_T,,2022,,49.794445,,A,,1,,0,
DATAFLOW,OECD.STI.PIE:DSD_PATENTS@DF_PATENTS_OECDSPECIFIC(1.0),,I,9P50_1,,A,,AP,,PATN,,PRIORITY,,IRN,,_Z,,INVENTOR,,_Z,,_Z,,_T,,2022,,255.10477,,A,,1,,0,
DATAFLOW,OECD.STI.PIE:DSD_PATENTS@DF_PATENTS_OECDSPECIFIC(1.0),,I,9P50_1,,A,,AP,,PATN,,PRIORITY,,BIH,,_Z,,INVENTOR,,_Z,,_Z,,_T,,2022,,3.1833334,,A,,1,,0,
DATAFLOW,OECD.STI.PIE:DSD_PATENTS@DF_PATENTS_OECDSPECIFIC(1.0),,I,9P50_1,,A,,AP,,PATN,,PRIORITY,,MDA,,_Z,,INVENTOR,,_Z,,_Z,,_T,,2022,,5.5,,A,,1,,0,
DATAFLOW,OECD.STI.PIE:DSD_PATENTS@DF_PATENTS_OECDSPECIFIC(1.0),,I,9P50_1,,A,,AP,,PATN,,PRIORITY,,MNG,,_Z,,INVENTOR,,_Z,,_Z,,_T,,2022,,1.3333334,,A,,1,,0,
DATAFLOW,OECD.STI.PIE:DSD_PATENTS@DF_PATENTS_OECDSPECIFIC(1.0),,I,9P50_1,,A,,AP,,PATN,,PRIORITY,,SGP,,_Z,,INVENTOR,,_Z,,_Z,,_T,,2022,,1203.1267,,A,,1,,0,
DATAFLOW,OECD.STI.PIE:DSD_PATENTS@DF_PATENTS_OECDSPECIFIC(1.0),,I,9P50_1,,A,,AP,,PATN,,PRIORITY,,W,,_Z,,INVENTOR,,_Z,,_Z,,_T,,2022,,265675,,A,,1,,0,
DATAFLOW,OECD.STI.PIE:DSD_PATENTS@DF_PATENTS_OECDSPECIFIC(1.0),,I,9P50_1,,A,,AP,,PATN,,PRIORITY,,COL,,_Z,,INVENTOR,,_Z,,_Z,,_T,,2022,,117.70834,,A,,1,,0,
DATAFLOW,OECD.STI.PIE:DSD_PATENTS@DF_PATENTS_OECDSPECIFIC(1.0),,I,9P50_1,,A,,AP,,PATN,,PRIORITY,,TWN,,_Z,,INVENTOR,,_Z,,_Z,,_T,,2022,,688.51324,,A,,1,,0,
DATAFLOW,OECD.STI.PIE:DSD_PATENTS@DF_PATENTS_OECDSPECIFIC(1.0),,I,9P50_1,,A,,AP,,PATN,,PRIORITY,,LBN,,_Z,,INVENTOR,,_Z,,_Z,,_T,,2022,,9.2261906,,A,,1,,0,
DATAFLOW,OECD.STI.PIE:DSD_PATENTS@DF_PATENTS_OECDSPECIFIC(1.0),,I,9P50_1,,A,,AP,,PATN,,PRIORITY,,POL,,_Z,,INVENTOR,,_Z,,_Z,,_T,,2022,,428.83936,,A,,1,,0,
DATAFLOW,OECD.STI.PIE:DSD_PATENTS@DF_PATENTS_OECDSPECIFIC(1.0),,I,9P50_1,,A,,AP,,PATN,,PRIORITY,,MYS,,_Z,,INVENTOR,,_Z,,_Z,,_T,,2022,,153.3369,,A,,1,,0,
DATAFLOW,OECD.STI.PIE:DSD_PATENTS@DF_PATENTS_OECDSPECIFIC(1.0),,I,9P50_1,,A,,AP,,PATN,,PRIORITY,,ISR,,_Z,,INVENTOR,,_Z,,_Z,,_T,,2022,,2094.3743,,A,,1,,0,
DATAFLOW,OECD.STI.PIE:DSD_PATENTS@DF_PATENTS_OECDSPECIFIC(1.0),,I,9P50_1,,A,,AP,,PATN,,PRIORITY,,GEO,,_Z,,INVENTOR,,_Z,,_Z,,_T,,2022,,6.5,,A,,1,,0,
DATAFLOW,OECD.STI.PIE:DSD_PATENTS@DF_PATENTS_OECDSPECIFIC(1.0),,I,9P50_1,,A,,AP,,PATN,,PRIORITY,,DEU,,_Z,,INVENTOR,,_Z,,_Z,,_T,,2022,,17172.867,,A,,1,,0,
DATAFLOW,OECD.STI.PIE:DSD_PATENTS@DF_PATENTS_OECDSPECIFIC(1.0),,I,9P50_1,,A,,AP,,PATN,,PRIORITY,,FIN,,_Z,,INVENTOR,,_Z,,_Z,,_T,,2022,,1313.6711,,A,,1,,0,
DATAFLOW,OECD.STI.PIE:DSD_PATENTS@DF_PATENTS_OECDSPECIFIC(1.0),,I,9P50_1,,A,,AP,,PATN,,PRIORITY,,SWE,,_Z,,INVENTOR,,_Z,,_Z,,_T,,2022,,3308.063,,A,,1,,0,
DATAFLOW,OECD.STI.PIE:DSD_PATENTS@DF_PATENTS_OECDSPECIFIC(1.0),,I,9P50_1,,A,,AP,,PATN,,PRIORITY,,CHE,,_Z,,INVENTOR,,_Z,,_Z,,_T,,2022,,3088.0198,,A,,1,,0,
DATAFLOW,OECD.STI.PIE:DSD_PATENTS@DF_PATENTS_OECDSPECIFIC(1.0),,I,9P50_1,,A,,AP,,PATN,,PRIORITY,,MAR,,_Z,,INVENTOR,,_Z,,_Z,,_T,,2022,,58.616665,,A,,1,,0,
DATAFLOW,OECD.STI.PIE:DSD_PATENTS@DF_PATENTS_OECDSPECIFIC(1.0),,I,9P50_1,,A,,AP,,PATN,,PRIORITY,,NLD,,_Z,,INVENTOR,,_Z,,_Z,,_T,,2022,,3726.7419,,A,,1,,0,
DATAFLOW,OECD.STI.PIE:DSD_PATENTS@DF_PATENTS_OECDSPECIFIC(1.0),,I,9P50_1,,A,,AP,,PATN,,PRIORITY,,AND,,_Z,,INVENTOR,,_Z,,_Z,,_T,,2022,,3.5,,A,,1,,0,
DATAFLOW,OECD.STI.PIE:DSD_PATENTS@DF_PATENTS_OECDSPECIFIC(1.0),,I,9P50_1,,A,,AP,,PATN,,PRIORITY,,DNK,,_Z,,INVENTOR,,_Z,,_Z,,_T,,2022,,1534.7369,,A,,1,,0,
DATAFLOW,OECD.STI.PIE:DSD_PATENTS@DF_PATENTS_OECDSPECIFIC(1.0),,I,9P50_1,,A,,AP,,PATN,,PRIORITY,,BRA,,_Z,,INVENTOR,,_Z,,_Z,,_T,,2022,,623.10632,,A,,1,,0,
DATAFLOW,OECD.STI.PIE:DSD_PATENTS@DF_PATENTS_OECDSPECIFIC(1.0),,I,9P50_1,,A,,AP,,PATN,,PRIORITY,,KEN,,_Z,,INVENTOR,,_Z,,_Z,,_T,,2022,,4.5166669,,A,,1,,0,
DATAFLOW,OECD.STI.PIE:DSD_PATENTS@DF_PATENTS_OECDSPECIFIC(1.0),,I,9P50_1,,A,,AP,,PATN,,PRIORITY,,CUB,,_Z,,INVENTOR,,_Z,,_Z,,_T,,2022,,5,,A,,1,,0,
DATAFLOW,OECD.STI.PIE:DSD_PATENTS@DF_PATENTS_OECDSPECIFIC(1.0),,I,9P50_1,,A,,AP,,PATN,,PRIORITY,,LUX,,_Z,,INVENTOR,,_Z,,_Z,,_T,,2022,,87.839684,,A,,1,,0,
DATAFLOW,OECD.STI.PIE:DSD_PATENTS@DF_PATENTS_OECDSPECIFIC(1.0),,I,9P50_1,,A,,AP,,PATN,,PRIORITY,,LVA,,_Z,,INVENTOR,,_Z,,_Z,,_T,,2022,,47.950001,,A,,1,,0,
DATAFLOW,OECD.STI.PIE:DSD_PATENTS@DF_PATENTS_OECDSPECIFIC(1.0),,I,9P50_1,,A,,AP,,PATN,,PRIORITY,,SAU,,_Z,,INVENTOR,,_Z,,_Z,,_T,,2022,,349.08862,,A,,1,,0,
DATAFLOW,OECD.STI.PIE:DSD_PATENTS@DF_PATENTS_OECDSPECIFIC(1.0),,I,9P50_1,,A,,AP,,PATN,,PRIORITY,,ZAF,,_Z,,INVENTOR,,_Z,,_Z,,_T,,2022,,197.15794,,A,,1,,0,
DATAFLOW,OECD.STI.PIE:DSD_PATENTS@DF_PATENTS_OECDSPECIFIC(1.0),,I,9P50_1,,A,,AP,,PATN,,PRIORITY,,HRV,,_Z,,INVENTOR,,_Z,,_Z,,_T,,2022,,49.265278,,A,,1,,0,
DATAFLOW,OECD.STI.PIE:DSD_PATENTS@DF_PATENTS_OECDSPECIFIC(1.0),,I,9P50_1,,A,,AP,,PATN,,PRIORITY,,FRA,,_Z,,INVENTOR,,_Z,,_Z,,_T,,2022,,7895.7002,,A,,1,,0,
DATAFLOW,OECD.STI.PIE:DSD_PATENTS@DF_PATENTS_OECDSPECIFIC(1.0),,I,9P50_1,,A,,AP,,PATN,,PRIORITY,,LTU,,_Z,,INVENTOR,,_Z,,_Z,,_T,,2022,,31.383333,,A,,1,,0,
DATAFLOW,OECD.STI.PIE:DSD_PATENTS@DF_PATENTS_OECDSPECIFIC(1.0),,I,9P50_1,,A,,AP,,PATN,,PRIORITY,,HKG,,_Z,,INVENTOR,,_Z,,_Z,,_T,,2022,,515.77832,,A,,1,,0,
DATAFLOW,OECD.STI.PIE:DSD_PATENTS@DF_PATENTS_OECDSPECIFIC(1.0),,I,9P50_1,,A,,AP,,PATN,,PRIORITY,,IDN,,_Z,,INVENTOR,,_Z,,_Z,,_T,,2022,,18.540476,,A,,1,,0,
DATAFLOW,OECD.STI.PIE:DSD_PATENTS@DF_PATENTS_OECDSPECIFIC(1.0),,I,9P50_1,,A,,AP,,PATN,,PRIORITY,,GBR,,_Z,,INVENTOR,,_Z,,_Z,,_T,,2022,,6239.7378,,A,,1,,0,
DATAFLOW,OECD.STI.PIE:DSD_PATENTS@DF_PATENTS_OECDSPECIFIC(1.0),,I,9P50_1,,A,,AP,,PATN,,PRIORITY,,CZE,,_Z,,INVENTOR,,_Z,,_Z,,_T,,2022,,267.74246,,A,,1,,0,
DATAFLOW,OECD.STI.PIE:DSD_PATENTS@DF_PATENTS_OECDSPECIFIC(1.0),,I,9P50_1,,A,,AP,,PATN,,PRIORITY,,DZA,,_Z,,INVENTOR,,_Z,,_Z,,_T,,2022,,16.833334,,A,,1,,0,
DATAFLOW,OECD.STI.PIE:DSD_PATENTS@DF_PATENTS_OECDSPECIFIC(1.0),,I,9P50_1,,A,,AP,,PATN,,PRIORITY,,PAK,,_Z,,INVENTOR,,_Z,,_Z,,_T,,2022,,8.7492428,,A,,1,,0,
DATAFLOW,OECD.STI.PIE:DSD_PATENTS@DF_PATENTS_OECDSPECIFIC(1.0),,I,9P50_1,,A,,AP,,PATN,,PRIORITY,,NGA,,_Z,,INVENTOR,,_Z,,_Z,,_T,,2022,,2.6666667,,A,,1,,0,
DATAFLOW,OECD.STI.PIE:DSD_PATENTS@DF_PATENTS_OECDSPECIFIC(1.0),,I,9P50_1,,A,,AP,,PATN,,PRIORITY,,NGA,,_Z,,INVENTOR,,_Z,,_Z,,_T,,2023,,3.8275685,,A,,1,,0,
DATAFLOW,OECD.STI.PIE:DSD_PATENTS@DF_PATENTS_OECDSPECIFIC(1.0),,I,9P50_1,,A,,AP,,PATN,,PRIORITY,,PAK,,_Z,,INVENTOR,,_Z,,_Z,,_T,,2023,,9.0810251,,A,,1,,0,
DATAFLOW,OECD.STI.PIE:DSD_PATENTS@DF_PATENTS_OECDSPECIFIC(1.0),,I,9P50_1,,A,,AP,,PATN,,PRIORITY,,DZA,,_Z,,INVENTOR,,_Z,,_Z,,_T,,2023,,13.332135,,A,,1,,0,
DATAFLOW,OECD.STI.PIE:DSD_PATENTS@DF_PATENTS_OECDSPECIFIC(1.0),,I,9P50_1,,A,,AP,,PATN,,PRIORITY,,CZE,,_Z,,INVENTOR,,_Z,,_Z,,_T,,2023,,287.46021,,A,,1,,0,
DATAFLOW,OECD.STI.PIE:DSD_PATENTS@DF_PATENTS_OECDSPECIFIC(1.0),,I,9P50_1,,A,,AP,,PATN,,PRIORITY,,GBR,,_Z,,INVENTOR,,_Z,,_Z,,_T,,2023,,6378.5977,,A,,1,,0,
DATAFLOW,OECD.STI.PIE:DSD_PATENTS@DF_PATENTS_OECDSPECIFIC(1.0),,I,9P50_1,,A,,AP,,PATN,,PRIORITY,,IDN,,_Z,,INVENTOR,,_Z,,_Z,,_T,,2023,,51.812344,,A,,1,,0,
DATAFLOW,OECD.STI.PIE:DSD_PATENTS@DF_PATENTS_OECDSPECIFIC(1.0),,I,9P50_1,,A,,AP,,PATN,,PRIORITY,,HKG,,_Z,,INVENTOR,,_Z,,_Z,,_T,,2023,,552.67035,,A,,1,,0,
DATAFLOW,OECD.STI.PIE:DSD_PATENTS@DF_PATENTS_OECDSPECIFIC(1.0),,I,9P50_1,,A,,AP,,PATN,,PRIORITY,,LTU,,_Z,,INVENTOR,,_Z,,_Z,,_T,,2023,,38.955189,,A,,1,,0,
DATAFLOW,OECD.STI.PIE:DSD_PATENTS@DF_PATENTS_OECDSPECIFIC(1.0),,I,9P50_1,,A,,AP,,PATN,,PRIORITY,,FRA,,_Z,,INVENTOR,,_Z,,_Z,,_T,,2023,,7815.9419,,A,,1,,0,
DATAFLOW,OECD.STI.PIE:DSD_PATENTS@DF_PATENTS_OECDSPECIFIC(1.0),,I,9P50_1,,A,,AP,,PATN,,PRIORITY,,TTO,,_Z,,INVENTOR,,_Z,,_Z,,_T,,2023,,1.1638411,,A,,1,,0,
DATAFLOW,OECD.STI.PIE:DSD_PATENTS@DF_PATENTS_OECDSPECIFIC(1.0),,I,9P50_1,,A,,AP,,PATN,,PRIORITY,,HRV,,_Z,,INVENTOR,,_Z,,_Z,,_T,,2023,,47.053974,,A,,1,,0,
DATAFLOW,OECD.STI.PIE:DSD_PATENTS@DF_PATENTS_OECDSPECIFIC(1.0),,I,9P50_1,,A,,AP,,PATN,,PRIORITY,,ZAF,,_Z,,INVENTOR,,_Z,,_Z,,_T,,2023,,199.11067,,A,,1,,0,
DATAFLOW,OECD.STI.PIE:DSD_PATENTS@DF_PATENTS_OECDSPECIFIC(1.0),,I,9P50_1,,A,,AP,,PATN,,PRIORITY,,SAU,,_Z,,INVENTOR,,_Z,,_Z,,_T,,2023,,387.58481,,A,,1,,0,
DATAFLOW,OECD.STI.PIE:DSD_PATENTS@DF_PATENTS_OECDSPECIFIC(1.0),,I,9P50_1,,A,,AP,,PATN,,PRIORITY,,LVA,,_Z,,INVENTOR,,_Z,,_Z,,_T,,2023,,38.665558,,A,,1,,0,
DATAFLOW,OECD.STI.PIE:DSD_PATENTS@DF_PATENTS_OECDSPECIFIC(1.0),,I,9P50_1,,A,,AP,,PATN,,PRIORITY,,LUX,,_Z,,INVENTOR,,_Z,,_Z,,_T,,2023,,90.225006,,A,,1,,0,
DATAFLOW,OECD.STI.PIE:DSD_PATENTS@DF_PATENTS_OECDSPECIFIC(1.0),,I,9P50_1,,A,,AP,,PATN,,PRIORITY,,CUB,,_Z,,INVENTOR,,_Z,,_Z,,_T,,2023,,8.0942574,,A,,1,,0,
DATAFLOW,OECD.STI.PIE:DSD_PATENTS@DF_PATENTS_OECDSPECIFIC(1.0),,I,9P50_1,,A,,AP,,PATN,,PRIORITY,,KEN,,_Z,,INVENTOR,,_Z,,_Z,,_T,,2023,,5.9307446,,A,,1,,0,
DATAFLOW,OECD.STI.PIE:DSD_PATENTS@DF_PATENTS_OECDSPECIFIC(1.0),,I,9P50_1,,A,,AP,,PATN,,PRIORITY,,BRA,,_Z,,INVENTOR,,_Z,,_Z,,_T,,2023,,689.5423,,A,,1,,0,
DATAFLOW,OECD.STI.PIE:DSD_PATENTS@DF_PATENTS_OECDSPECIFIC(1.0),,I,9P50_1,,A,,AP,,PATN,,PRIORITY,,DNK,,_Z,,INVENTOR,,_Z,,_Z,,_T,,2023,,1534.5208,,A,,1,,0,
DATAFLOW,OECD.STI.PIE:DSD_PATENTS@DF_PATENTS_OECDSPECIFIC(1.0),,I,9P50_1,,A,,AP,,PATN,,PRIORITY,,AND,,_Z,,INVENTOR,,_Z,,_Z,,_T,,2023,,2.082485,,A,,1,,0,
DATAFLOW,OECD.STI.PIE:DSD_PATENTS@DF_PATENTS_OECDSPECIFIC(1.0),,I,9P50_1,,A,,AP,,PATN,,PRIORITY,,NLD,,_Z,,INVENTOR,,_Z,,_Z,,_T,,2023,,3747.686,,A,,1,,0,
DATAFLOW,OECD.STI.PIE:DSD_PATENTS@DF_PATENTS_OECDSPECIFIC(1.0),,I,9P50_1,,A,,AP,,PATN,,PRIORITY,,MAR,,_Z,,INVENTOR,,_Z,,_Z,,_T,,2023,,67.792763,,A,,1,,0,
DATAFLOW,OECD.STI.PIE:DSD_PATENTS@DF_PATENTS_OECDSPECIFIC(1.0),,I,9P50_1,,A,,AP,,PATN,,PRIORITY,,CHE,,_Z,,INVENTOR,,_Z,,_Z,,_T,,2023,,3063.1501,,A,,1,,0,
DATAFLOW,OECD.STI.PIE:DSD_PATENTS@DF_PATENTS_OECDSPECIFIC(1.0),,I,9P50_1,,A,,AP,,PATN,,PRIORITY,,SWE,,_Z,,INVENTOR,,_Z,,_Z,,_T,,2023,,3243.751,,A,,1,,0,
DATAFLOW,OECD.STI.PIE:DSD_PATENTS@DF_PATENTS_OECDSPECIFIC(1.0),,I,9P50_1,,A,,AP,,PATN,,PRIORITY,,FIN,,_Z,,INVENTOR,,_Z,,_Z,,_T,,2023,,1451.8352,,A,,1,,0,
DATAFLOW,OECD.STI.PIE:DSD_PATENTS@DF_PATENTS_OECDSPECIFIC(1.0),,I,9P50_1,,A,,AP,,PATN,,PRIORITY,,DEU,,_Z,,INVENTOR,,_Z,,_Z,,_T,,2023,,17370.539,,A,,1,,0,
DATAFLOW,OECD.STI.PIE:DSD_PATENTS@DF_PATENTS_OECDSPECIFIC(1.0),,I,9P50_1,,A,,AP,,PATN,,PRIORITY,,GEO,,_Z,,INVENTOR,,_Z,,_Z,,_T,,2023,,8.8056917,,A,,1,,0,
DATAFLOW,OECD.STI.PIE:DSD_PATENTS@DF_PATENTS_OECDSPECIFIC(1.0),,I,9P50_1,,A,,AP,,PATN,,PRIORITY,,ISR,,_Z,,INVENTOR,,_Z,,_Z,,_T,,2023,,2072.5049,,A,,1,,0,
DATAFLOW,OECD.STI.PIE:DSD_PATENTS@DF_PATENTS_OECDSPECIFIC(1.0),,I,9P50_1,,A,,AP,,PATN,,PRIORITY,,MYS,,_Z,,INVENTOR,,_Z,,_Z,,_T,,2023,,172.28137,,A,,1,,0,
DATAFLOW,OECD.STI.PIE:DSD_PATENTS@DF_PATENTS_OECDSPECIFIC(1.0),,I,9P50_1,,A,,AP,,PATN,,PRIORITY,,POL,,_Z,,INVENTOR,,_Z,,_Z,,_T,,2023,,449.19339,,A,,1,,0,
DATAFLOW,OECD.STI.PIE:DSD_PATENTS@DF_PATENTS_OECDSPECIFIC(1.0),,I,9P50_1,,A,,AP,,PATN,,PRIORITY,,LBN,,_Z,,INVENTOR,,_Z,,_Z,,_T,,2023,,13.182243,,A,,1,,0,
DATAFLOW,OECD.STI.PIE:DSD_PATENTS@DF_PATENTS_OECDSPECIFIC(1.0),,I,9P50_1,,A,,AP,,PATN,,PRIORITY,,TWN,,_Z,,INVENTOR,,_Z,,_Z,,_T,,2023,,732.94446,,A,,1,,0,
DATAFLOW,OECD.STI.PIE:DSD_PATENTS@DF_PATENTS_OECDSPECIFIC(1.0),,I,9P50_1,,A,,AP,,PATN,,PRIORITY,,COL,,_Z,,INVENTOR,,_Z,,_Z,,_T,,2023,,100.4297,,A,,1,,0,
DATAFLOW,OECD.STI.PIE:DSD_PATENTS@DF_PATENTS_OECDSPECIFIC(1.0),,I,9P50_1,,A,,AP,,PATN,,PRIORITY,,W,,_Z,,INVENTOR,,_Z,,_Z,,_T,,2023,,267190,,A,,1,,0,
DATAFLOW,OECD.STI.PIE:DSD_PATENTS@DF_PATENTS_OECDSPECIFIC(1.0),,I,9P50_1,,A,,AP,,PATN,,PRIORITY,,SGP,,_Z,,INVENTOR,,_Z,,_Z,,_T,,2023,,1251.4711,,A,,1,,0,
DATAFLOW,OECD.STI.PIE:DSD_PATENTS@DF_PATENTS_OECDSPECIFIC(1.0),,I,9P50_1,,A,,AP,,PATN,,PRIORITY,,MNG,,_Z,,INVENTOR,,_Z,,_Z,,_T,,2023,,0.48924538,,A,,1,,0,
DATAFLOW,OECD.STI.PIE:DSD_PATENTS@DF_PATENTS_OECDSPECIFIC(1.0),,I,9P50_1,,A,,AP,,PATN,,PRIORITY,,MDA,,_Z,,INVENTOR,,_Z,,_Z,,_T,,2023,,4.2942896,,A,,1,,0,
DATAFLOW,OECD.STI.PIE:DSD_PATENTS@DF_PATENTS_OECDSPECIFIC(1.0),,I,9P50_1,,A,,AP,,PATN,,PRIORITY,,BIH,,_Z,,INVENTOR,,_Z,,_Z,,_T,,2023,,4.7220974,,A,,1,,0,
DATAFLOW,OECD.STI.PIE:DSD_PATENTS@DF_PATENTS_OECDSPECIFIC(1.0),,I,9P50_1,,A,,AP,,PATN,,PRIORITY,,IRN,,_Z,,INVENTOR,,_Z,,_Z,,_T,,2023,,261.3447,,A,,1,,0,
DATAFLOW,OECD.STI.PIE:DSD_PATENTS@DF_PATENTS_OECDSPECIFIC(1.0),,I,9P50_1,,A,,AP,,PATN,,PRIORITY,,EGY,,_Z,,INVENTOR,,_Z,,_Z,,_T,,2023,,58.801125,,A,,1,,0,
DATAFLOW,OECD.STI.PIE:DSD_PATENTS@DF_PATENTS_OECDSPECIFIC(1.0),,I,9P50_1,,A,,AP,,PATN,,PRIORITY,,TUN,,_Z,,INVENTOR,,_Z,,_Z,,_T,,2023,,9.6394587,,A,,1,,0,
DATAFLOW,OECD.STI.PIE:DSD_PATENTS@DF_PATENTS_OECDSPECIFIC(1.0),,I,9P50_1,,A,,AP,,PATN,,PRIORITY,,PRT,,_Z,,INVENTOR,,_Z,,_Z,,_T,,2023,,260.05414,,A,,1,,0,
DATAFLOW,OECD.STI.PIE:DSD_PATENTS@DF_PATENTS_OECDSPECIFIC(1.0),,I,9P50_1,,A,,AP,,PATN,,PRIORITY,,EST,,_Z,,INVENTOR,,_Z,,_Z,,_T,,2023,,37.636177,,A,,1,,0,
DATAFLOW,OECD.STI.PIE:DSD_PATENTS@DF_PATENTS_OECDSPECIFIC(1.0),,I,9P50_1,,A,,AP,,PATN,,PRIORITY,,BGR,,_Z,,INVENTOR,,_Z,,_Z,,_T,,2023,,47.311256,,A,,1,,0,
DATAFLOW,OECD.STI.PIE:DSD_PATENTS@DF_PATENTS_OECDSPECIFIC(1.0),,I,9P50_1,,A,,AP,,PATN,,PRIORITY,,MLT,,_Z,,INVENTOR,,_Z,,_Z,,_T,,2023,,24.769461,,A,,1,,0,
DATAFLOW,OECD.STI.PIE:DSD_PATENTS@DF_PATENTS_OECDSPECIFIC(1.0),,I,9P50_1,,A,,AP,,PATN,,PRIORITY,,SVK,,_Z,,INVENTOR,,_Z,,_Z,,_T,,2023,,81.82666,,A,,1,,0,
DATAFLOW,OECD.STI.PIE:DSD_PATENTS@DF_PATENTS_OECDSPECIFIC(1.0),,I,9P50_1,,A,,AP,,PATN,,PRIORITY,,EU27_2020,,_Z,,INVENTOR,,_Z,,_Z,,_T,,2023,,45999.906,,A,,1,,0,
DATAFLOW,OECD.STI.PIE:DSD_PATENTS@DF_PATENTS_OECDSPECIFIC(1.0),,I,9P50_1,,A,,AP,,PATN,,PRIORITY,,ITA,,_Z,,INVENTOR,,_Z,,_Z,,_T,,2023,,3652.2112,,A,,1,,0,
DATAFLOW,OECD.STI.PIE:DSD_PATENTS@DF_PATENTS_OECDSPECIFIC(1.0),,I,9P50_1,,A,,AP,,PATN,,PRIORITY,,PER,,_Z,,INVENTOR,,_Z,,_Z,,_T,,2023,,33.222046,,A,,1,,0,
DATAFLOW,OECD.STI.PIE:DSD_PATENTS@DF_PATENTS_OECDSPECIFIC(1.0),,I,9P50_1,,A,,AP,,PATN,,PRIORITY,,AUT,,_Z,,INVENTOR,,_Z,,_Z,,_T,,2023,,1557.9526,,A,,1,,0,
DATAFLOW,OECD.STI.PIE:DSD_PATENTS@DF_PATENTS_OECDSPECIFIC(1.0),,I,9P50_1,,A,,AP,,PATN,,PRIORITY,,GRC,,_Z,,INVENTOR,,_Z,,_Z,,_T,,2023,,143.91003,,A,,1,,0,
DATAFLOW,OECD.STI.PIE:DSD_PATENTS@DF_PATENTS_OECDSPECIFIC(1.0),,I,9P50_1,,A,,AP,,PATN,,PRIORITY,,ECU,,_Z,,INVENTOR,,_Z,,_Z,,_T,,2023,,9.2519007,,A,,1,,0,
DATAFLOW,OECD.STI.PIE:DSD_PATENTS@DF_PATENTS_OECDSPECIFIC(1.0),,I,9P50_1,,A,,AP,,PATN,,PRIORITY,,IRL,,_Z,,INVENTOR,,_Z,,_Z,,_T,,2023,,495.76889,,A,,1,,0,
DATAFLOW,OECD.STI.PIE:DSD_PATENTS@DF_PATENTS_OECDSPECIFIC(1.0),,I,9P50_1,,A,,AP,,PATN,,PRIORITY,,CHN,,_Z,,INVENTOR,,_Z,,_Z,,_T,,2023,,67197.305,,A,,1,,0,
DATAFLOW,OECD.STI.PIE:DSD_PATENTS@DF_PATENTS_OECDSPECIFIC(1.0),,I,9P50_1,,A,,AP,,PATN,,PRIORITY,,CRI,,_Z,,INVENTOR,,_Z,,_Z,,_T,,2023,,13.728716,,A,,1,,0,
DATAFLOW,OECD.STI.PIE:DSD_PATENTS@DF_PATENTS_OECDSPECIFIC(1.0),,I,9P50_1,,A,,AP,,PATN,,PRIORITY,,HUN,,_Z,,INVENTOR,,_Z,,_Z,,_T,,2023,,267.45096,,A,,1,,0,
DATAFLOW,OECD.STI.PIE:DSD_PATENTS@DF_PATENTS_OECDSPECIFIC(1.0),,I,9P50_1,,A,,AP,,PATN,,PRIORITY,,NZL,,_Z,,INVENTOR,,_Z,,_Z,,_T,,2023,,319.22073,,A,,1,,0,
DATAFLOW,OECD.STI.PIE:DSD_PATENTS@DF_PATENTS_OECDSPECIFIC(1.0),,I,9P50_1,,A,,AP,,PATN,,PRIORITY,,CHL,,_Z,,INVENTOR,,_Z,,_Z,,_T,,2023,,158.81522,,A,,1,,0,
DATAFLOW,OECD.STI.PIE:DSD_PATENTS@DF_PATENTS_OECDSPECIFIC(1.0),,I,9P50_1,,A,,AP,,PATN,,PRIORITY,,AUS,,_Z,,INVENTOR,,_Z,,_Z,,_T,,2023,,1689.8301,,A,,1,,0,
DATAFLOW,OECD.STI.PIE:DSD_PATENTS@DF_PATENTS_OECDSPECIFIC(1.0),,I,9P50_1,,A,,AP,,PATN,,PRIORITY,,KAZ,,_Z,,INVENTOR,,_Z,,_Z,,_T,,2023,,27.792166,,A,,1,,0,
DATAFLOW,OECD.STI.PIE:DSD_PATENTS@DF_PATENTS_OECDSPECIFIC(1.0),,I,9P50_1,,A,,AP,,PATN,,PRIORITY,,VEN,,_Z,,INVENTOR,,_Z,,_Z,,_T,,2023,,2.2173102,,A,,1,,0,
DATAFLOW,OECD.STI.PIE:DSD_PATENTS@DF_PATENTS_OECDSPECIFIC(1.0),,I,9P50_1,,A,,AP,,PATN,,PRIORITY,,TUR,,_Z,,INVENTOR,,_Z,,_Z,,_T,,2023,,1669.0289,,A,,1,,0,
DATAFLOW,OECD.STI.PIE:DSD_PATENTS@DF_PATENTS_OECDSPECIFIC(1.0),,I,9P50_1,,A,,AP,,PATN,,PRIORITY,,KOR,,_Z,,INVENTOR,,_Z,,_Z,,_T,,2023,,21445.465,,A,,1,,0,
DATAFLOW,OECD.STI.PIE:DSD_PATENTS@DF_PATENTS_OECDSPECIFIC(1.0),,I,9P50_1,,A,,AP,,PATN,,PRIORITY,,URY,,_Z,,INVENTOR,,_Z,,_Z,,_T,,2023,,9.1359386,,A,,1,,0,
DATAFLOW,OECD.STI.PIE:DSD_PATENTS@DF_PATENTS_OECDSPECIFIC(1.0),,I,9P50_1,,A,,AP,,PATN,,PRIORITY,,CYP,,_Z,,INVENTOR,,_Z,,_Z,,_T,,2023,,25.98793,,A,,1,,0,
DATAFLOW,OECD.STI.PIE:DSD_PATENTS@DF_PATENTS_OECDSPECIFIC(1.0),,I,9P50_1,,A,,AP,,PATN,,PRIORITY,,ARE,,_Z,,INVENTOR,,_Z,,_Z,,_T,,2023,,124.1399,,A,,1,,0,
DATAFLOW,OECD.STI.PIE:DSD_PATENTS@DF_PATENTS_OECDSPECIFIC(1.0),,I,9P50_1,,A,,AP,,PATN,,PRIORITY,,UKR,,_Z,,INVENTOR,,_Z,,_Z,,_T,,2023,,112.88385,,A,,1,,0,
DATAFLOW,OECD.STI.PIE:DSD_PATENTS@DF_PATENTS_OECDSPECIFIC(1.0),,I,9P50_1,,A,,AP,,PATN,,PRIORITY,,RUS,,_Z,,INVENTOR,,_Z,,_Z,,_T,,2023,,804.03674,,A,,1,,0,
DATAFLOW,OECD.STI.PIE:DSD_PATENTS@DF_PATENTS_OECDSPECIFIC(1.0),,I,9P50_1,,A,,AP,,PATN,,PRIORITY,,JOR,,_Z,,INVENTOR,,_Z,,_Z,,_T,,2023,,23.552418,,A,,1,,0,
DATAFLOW,OECD.STI.PIE:DSD_PATENTS@DF_PATENTS_OECDSPECIFIC(1.0),,I,9P50_1,,A,,AP,,PATN,,PRIORITY,,USA,,_Z,,INVENTOR,,_Z,,_Z,,_T,,2023,,54428.543,,A,,1,,0,
DATAFLOW,OECD.STI.PIE:DSD_PATENTS@DF_PATENTS_OECDSPECIFIC(1.0),,I,9P50_1,,A,,AP,,PATN,,PRIORITY,,SVN,,_Z,,INVENTOR,,_Z,,_Z,,_T,,2023,,115.57085,,A,,1,,0,
DATAFLOW,OECD.STI.PIE:DSD_PATENTS@DF_PATENTS_OECDSPECIFIC(1.0),,I,9P50_1,,A,,AP,,PATN,,PRIORITY,,THA,,_Z,,INVENTOR,,_Z,,_Z,,_T,,2023,,152.82393,,A,,1,,0,
DATAFLOW,OECD.STI.PIE:DSD_PATENTS@DF_PATENTS_OECDSPECIFIC(1.0),,I,9P50_1,,A,,AP,,PATN,,PRIORITY,,OECD,,_Z,,INVENTOR,,_Z,,_Z,,_T,,2023,,187076.34,,A,,1,,0,
DATAFLOW,OECD.STI.PIE:DSD_PATENTS@DF_PATENTS_OECDSPECIFIC(1.0),,I,9P50_1,,A,,AP,,PATN,,PRIORITY,,JAM,,_Z,,INVENTOR,,_Z,,_Z,,_T,,2023,,1.2537072,,A,,1,,0,
DATAFLOW,OECD.STI.PIE:DSD_PATENTS@DF_PATENTS_OECDSPECIFIC(1.0),,I,9P50_1,,A,,AP,,PATN,,PRIORITY,,MKD,,_Z,,INVENTOR,,_Z,,_Z,,_T,,2023,,3.6811008,,A,,1,,0,
DATAFLOW,OECD.STI.PIE:DSD_PATENTS@DF_PATENTS_OECDSPECIFIC(1.0),,I,9P50_1,,A,,AP,,PATN,,PRIORITY,,PRI,,_Z,,INVENTOR,,_Z,,_Z,,_T,,2023,,16.009417,,A,,1,,0,
DATAFLOW,OECD.STI.PIE:DSD_PATENTS@DF_PATENTS_OECDSPECIFIC(1.0),,I,9P50_1,,A,,AP,,PATN,,PRIORITY,,GTM,,_Z,,INVENTOR,,_Z,,_Z,,_T,,2023,,2.0050461,,A,,1,,0,
DATAFLOW,OECD.STI.PIE:DSD_PATENTS@DF_PATENTS_OECDSPECIFIC(1.0),,I,9P50_1,,A,,AP,,PATN,,PRIORITY,,PHL,,_Z,,INVENTOR,,_Z,,_Z,,_T,,2023,,29.022339,,A,,1,,0,
DATAFLOW,OECD.STI.PIE:DSD_PATENTS@DF_PATENTS_OECDSPECIFIC(1.0),,I,9P50_1,,A,,AP,,PATN,,PRIORITY,,LKA,,_Z,,INVENTOR,,_Z,,_Z,,_T,,2023,,24.354147,,A,,1,,0,
DATAFLOW,OECD.STI.PIE:DSD_PATENTS@DF_PATENTS_OECDSPECIFIC(1.0),,I,9P50_1,,A,,AP,,PATN,,PRIORITY,,UZB,,_Z,,INVENTOR,,_Z,,_Z,,_T,,2023,,1.7168083,,A,,1,,0,
DATAFLOW,OECD.STI.PIE:DSD_PATENTS@DF_PATENTS_OECDSPECIFIC(1.0),,I,9P50_1,,A,,AP,,PATN,,PRIORITY,,SYC,,_Z,,INVENTOR,,_Z,,_Z,,_T,,2023,,1.6814438,,A,,1,,0,
DATAFLOW,OECD.STI.PIE:DSD_PATENTS@DF_PATENTS_OECDSPECIFIC(1.0),,I,9P50_1,,A,,AP,,PATN,,PRIORITY,,PAN,,_Z,,INVENTOR,,_Z,,_Z,,_T,,2023,,3.648865,,A,,1,,0,
DATAFLOW,OECD.STI.PIE:DSD_PATENTS@DF_PATENTS_OECDSPECIFIC(1.0),,I,9P50_1,,A,,AP,,PATN,,PRIORITY,,SLV,,_Z,,INVENTOR,,_Z,,_Z,,_T,,2023,,0.75849313,,A,,1,,0,
DATAFLOW,OECD.STI.PIE:DSD_PATENTS@DF_PATENTS_OECDSPECIFIC(1.0),,I,9P50_1,,A,,AP,,PATN,,PRIORITY,,KWT,,_Z,,INVENTOR,,_Z,,_Z,,_T,,2023,,2.1968129,,A,,1,,0,
DATAFLOW,OECD.STI.PIE:DSD_PATENTS@DF_PATENTS_OECDSPECIFIC(1.0),,I,9P50_1,,A,,AP,,PATN,,PRIORITY,,CYM,,_Z,,INVENTOR,,_Z,,_Z,,_T,,2023,,11.274758,,A,,1,,0,
DATAFLOW,OECD.STI.PIE:DSD_PATENTS@DF_PATENTS_OECDSPECIFIC(1.0),,I,9P50_1,,A,,AP,,PATN,,PRIORITY,,ROU,,_Z,,INVENTOR,,_Z,,_Z,,_T,,2023,,72.28318,,A,,1,,0,
DATAFLOW,OECD.STI.PIE:DSD_PATENTS@DF_PATENTS_OECDSPECIFIC(1.0),,I,9P50_1,,A,,AP,,PATN,,PRIORITY,,PRK,,_Z,,INVENTOR,,_Z,,_Z,,_T,,2023,,2.3951466,,A,,1,,0,
DATAFLOW,OECD.STI.PIE:DSD_PATENTS@DF_PATENTS_OECDSPECIFIC(1.0),,I,9P50_1,,A,,AP,,PATN,,PRIORITY,,MCO,,_Z,,INVENTOR,,_Z,,_Z,,_T,,2023,,13.246087,,A,,1,,0,
DATAFLOW,OECD.STI.PIE:DSD_PATENTS@DF_PATENTS_OECDSPECIFIC(1.0),,I,9P50_1,,A,,AP,,PATN,,PRIORITY,,NOR,,_Z,,INVENTOR,,_Z,,_Z,,_T,,2023,,700.09418,,A,,1,,0,
DATAFLOW,OECD.STI.PIE:DSD_PATENTS@DF_PATENTS_OECDSPECIFIC(1.0),,I,9P50_1,,A,,AP,,PATN,,PRIORITY,,ARG,,_Z,,INVENTOR,,_Z,,_Z,,_T,,2023,,52.982128,,A,,1,,0,
DATAFLOW,OECD.STI.PIE:DSD_PATENTS@DF_PATENTS_OECDSPECIFIC(1.0),,I,9P50_1,,A,,AP,,PATN,,PRIORITY,,ESP,,_Z,,INVENTOR,,_Z,,_Z,,_T,,2023,,1757.1852,,A,,1,,0,
DATAFLOW,OECD.STI.PIE:DSD_PATENTS@DF_PATENTS_OECDSPECIFIC(1.0),,I,9P50_1,,A,,AP,,PATN,,PRIORITY,,IND,,_Z,,INVENTOR,,_Z,,_Z,,_T,,2023,,3770.3916,,A,,1,,0,
DATAFLOW,OECD.STI.PIE:DSD_PATENTS@DF_PATENTS_OECDSPECIFIC(1.0),,I,9P50_1,,A,,AP,,PATN,,PRIORITY,,BLR,,_Z,,INVENTOR,,_Z,,_Z,,_T,,2023,,13.670669,,A,,1,,0,
DATAFLOW,OECD.STI.PIE:DSD_PATENTS@DF_PATENTS_OECDSPECIFIC(1.0),,I,9P50_1,,A,,AP,,PATN,,PRIORITY,,MEX,,_Z,,INVENTOR,,_Z,,_Z,,_T,,2023,,205.44592,,A,,1,,0,
DATAFLOW,OECD.STI.PIE:DSD_PATENTS@DF_PATENTS_OECDSPECIFIC(1.0),,I,9P50_1,,A,,AP,,PATN,,PRIORITY,,ISL,,_Z,,INVENTOR,,_Z,,_Z,,_T,,2023,,42.06723,,A,,1,,0,
DATAFLOW,OECD.STI.PIE:DSD_PATENTS@DF_PATENTS_OECDSPECIFIC(1.0),,I,9P50_1,,A,,AP,,PATN,,PRIORITY,,ARM,,_Z,,INVENTOR,,_Z,,_Z,,_T,,2023,,10.705778,,A,,1,,0,
DATAFLOW,OECD.STI.PIE:DSD_PATENTS@DF_PATENTS_OECDSPECIFIC(1.0),,I,9P50_1,,A,,AP,,PATN,,PRIORITY,,JPN,,_Z,,INVENTOR,,_Z,,_Z,,_T,,2023,,45658.098,,A,,1,,0,
DATAFLOW,OECD.STI.PIE:DSD_PATENTS@DF_PATENTS_OECDSPECIFIC(1.0),,I,9P50_1,,A,,AP,,PATN,,PRIORITY,,CAN,,_Z,,INVENTOR,,_Z,,_Z,,_T,,2023,,3348.8223,,A,,1,,0,
DATAFLOW,OECD.STI.PIE:DSD_PATENTS@DF_PATENTS_OECDSPECIFIC(1.0),,I,9P50_1,,A,,AP,,PATN,,PRIORITY,,BEL,,_Z,,INVENTOR,,_Z,,_Z,,_T,,2023,,1344.1597,,A,,1,,0,
DATAFLOW,OECD.STI.PIE:DSD_PATENTS@DF_PATENTS_OECDSPECIFIC(1.0),,I,9P50_1,,A,,AP,,PATN,,PRIORITY,,BMU,,_Z,,INVENTOR,,_Z,,_Z,,_T,,2023,,5.0691266,,A,,1,,0,
DATAFLOW,OECD.STI.PIE:DSD_PATENTS@DF_PATENTS_OECDSPECIFIC(1.0),,I,9P50_1,,A,,AP,,PATN,,PRIORITY,,LIE,,_Z,,INVENTOR,,_Z,,_Z,,_T,,2023,,20.392029,,A,,1,,0,
DATAFLOW,OECD.STI.PIE:DSD_PATENTS@DF_PATENTS_OECDSPECIFIC(1.0),,I,9P50_1,,A,,AP,,PATN,,PRIORITY,,LIE,,_Z,,INVENTOR,,_Z,,_Z,,_T,,2024,,20.719357,,A,,1,,0,
DATAFLOW,OECD.STI.PIE:DSD_PATENTS@DF_PATENTS_OECDSPECIFIC(1.0),,I,9P50_1,,A,,AP,,PATN,,PRIORITY,,BMU,,_Z,,INVENTOR,,_Z,,_Z,,_T,,2024,,5.4395919,,A,,1,,0,
DATAFLOW,OECD.STI.PIE:DSD_PATENTS@DF_PATENTS_OECDSPECIFIC(1.0),,I,9P50_1,,A,,AP,,PATN,,PRIORITY,,BEL,,_Z,,INVENTOR,,_Z,,_Z,,_T,,2024,,1352.4001,,A,,1,,0,
DATAFLOW,OECD.STI.PIE:DSD_PATENTS@DF_PATENTS_OECDSPECIFIC(1.0),,I,9P50_1,,A,,AP,,PATN,,PRIORITY,,CAN,,_Z,,INVENTOR,,_Z,,_Z,,_T,,2024,,3322.1694,,A,,1,,0,
DATAFLOW,OECD.STI.PIE:DSD_PATENTS@DF_PATENTS_OECDSPECIFIC(1.0),,I,9P50_1,,A,,AP,,PATN,,PRIORITY,,JPN,,_Z,,INVENTOR,,_Z,,_Z,,_T,,2024,,46413.695,,A,,1,,0,
DATAFLOW,OECD.STI.PIE:DSD_PATENTS@DF_PATENTS_OECDSPECIFIC(1.0),,I,9P50_1,,A,,AP,,PATN,,PRIORITY,,ARM,,_Z,,INVENTOR,,_Z,,_Z,,_T,,2024,,11.138996,,A,,1,,0,
DATAFLOW,OECD.STI.PIE:DSD_PATENTS@DF_PATENTS_OECDSPECIFIC(1.0),,I,9P50_1,,A,,AP,,PATN,,PRIORITY,,ISL,,_Z,,INVENTOR,,_Z,,_Z,,_T,,2024,,41.363487,,A,,1,,0,
DATAFLOW,OECD.STI.PIE:DSD_PATENTS@DF_PATENTS_OECDSPECIFIC(1.0),,I,9P50_1,,A,,AP,,PATN,,PRIORITY,,MEX,,_Z,,INVENTOR,,_Z,,_Z,,_T,,2024,,214.76131,,A,,1,,0,
DATAFLOW,OECD.STI.PIE:DSD_PATENTS@DF_PATENTS_OECDSPECIFIC(1.0),,I,9P50_1,,A,,AP,,PATN,,PRIORITY,,BLR,,_Z,,INVENTOR,,_Z,,_Z,,_T,,2024,,15.739573,,A,,1,,0,
DATAFLOW,OECD.STI.PIE:DSD_PATENTS@DF_PATENTS_OECDSPECIFIC(1.0),,I,9P50_1,,A,,AP,,PATN,,PRIORITY,,IND,,_Z,,INVENTOR,,_Z,,_Z,,_T,,2024,,3535.918,,A,,1,,0,
DATAFLOW,OECD.STI.PIE:DSD_PATENTS@DF_PATENTS_OECDSPECIFIC(1.0),,I,9P50_1,,A,,AP,,PATN,,PRIORITY,,ESP,,_Z,,INVENTOR,,_Z,,_Z,,_T,,2024,,1776.6672,,A,,1,,0,
DATAFLOW,OECD.STI.PIE:DSD_PATENTS@DF_PATENTS_OECDSPECIFIC(1.0),,I,9P50_1,,A,,AP,,PATN,,PRIORITY,,ARG,,_Z,,INVENTOR,,_Z,,_Z,,_T,,2024,,50.462826,,A,,1,,0,
DATAFLOW,OECD.STI.PIE:DSD_PATENTS@DF_PATENTS_OECDSPECIFIC(1.0),,I,9P50_1,,A,,AP,,PATN,,PRIORITY,,NOR,,_Z,,INVENTOR,,_Z,,_Z,,_T,,2024,,727.68359,,A,,1,,0,
DATAFLOW,OECD.STI.PIE:DSD_PATENTS@DF_PATENTS_OECDSPECIFIC(1.0),,I,9P50_1,,A,,AP,,PATN,,PRIORITY,,MCO,,_Z,,INVENTOR,,_Z,,_Z,,_T,,2024,,11.790926,,A,,1,,0,
DATAFLOW,OECD.STI.PIE:DSD_PATENTS@DF_PATENTS_OECDSPECIFIC(1.0),,I,9P50_1,,A,,AP,,PATN,,PRIORITY,,PRK,,_Z,,INVENTOR,,_Z,,_Z,,_T,,2024,,1.8523346,,A,,1,,0,
DATAFLOW,OECD.STI.PIE:DSD_PATENTS@DF_PATENTS_OECDSPECIFIC(1.0),,I,9P50_1,,A,,AP,,PATN,,PRIORITY,,ROU,,_Z,,INVENTOR,,_Z,,_Z,,_T,,2024,,70.426826,,A,,1,,0,
DATAFLOW,OECD.STI.PIE:DSD_PATENTS@DF_PATENTS_OECDSPECIFIC(1.0),,I,9P50_1,,A,,AP,,PATN,,PRIORITY,,CYM,,_Z,,INVENTOR,,_Z,,_Z,,_T,,2024,,6.7619724,,A,,1,,0,
DATAFLOW,OECD.STI.PIE:DSD_PATENTS@DF_PATENTS_OECDSPECIFIC(1.0),,I,9P50_1,,A,,AP,,PATN,,PRIORITY,,KWT,,_Z,,INVENTOR,,_Z,,_Z,,_T,,2024,,2.1816359,,A,,1,,0,
DATAFLOW,OECD.STI.PIE:DSD_PATENTS@DF_PATENTS_OECDSPECIFIC(1.0),,I,9P50_1,,A,,AP,,PATN,,PRIORITY,,SLV,,_Z,,INVENTOR,,_Z,,_Z,,_T,,2024,,0.33712271,,A,,1,,0,
DATAFLOW,OECD.STI.PIE:DSD_PATENTS@DF_PATENTS_OECDSPECIFIC(1.0),,I,9P50_1,,A,,AP,,PATN,,PRIORITY,,PAN,,_Z,,INVENTOR,,_Z,,_Z,,_T,,2024,,2.8963497,,A,,1,,0,
DATAFLOW,OECD.STI.PIE:DSD_PATENTS@DF_PATENTS_OECDSPECIFIC(1.0),,I,9P50_1,,A,,AP,,PATN,,PRIORITY,,SYC,,_Z,,INVENTOR,,_Z,,_Z,,_T,,2024,,0.89487219,,A,,1,,0,
DATAFLOW,OECD.STI.PIE:DSD_PATENTS@DF_PATENTS_OECDSPECIFIC(1.0),,I,9P50_1,,A,,AP,,PATN,,PRIORITY,,UZB,,_Z,,INVENTOR,,_Z,,_Z,,_T,,2024,,1.1634543,,A,,1,,0,
DATAFLOW,OECD.STI.PIE:DSD_PATENTS@DF_PATENTS_OECDSPECIFIC(1.0),,I,9P50_1,,A,,AP,,PATN,,PRIORITY,,LKA,,_Z,,INVENTOR,,_Z,,_Z,,_T,,2024,,25.417055,,A,,1,,0,
DATAFLOW,OECD.STI.PIE:DSD_PATENTS@DF_PATENTS_OECDSPECIFIC(1.0),,I,9P50_1,,A,,AP,,PATN,,PRIORITY,,PHL,,_Z,,INVENTOR,,_Z,,_Z,,_T,,2024,,32.005669,,A,,1,,0,
DATAFLOW,OECD.STI.PIE:DSD_PATENTS@DF_PATENTS_OECDSPECIFIC(1.0),,I,9P50_1,,A,,AP,,PATN,,PRIORITY,,GTM,,_Z,,INVENTOR,,_Z,,_Z,,_T,,2024,,1.9527237,,A,,1,,0,
DATAFLOW,OECD.STI.PIE:DSD_PATENTS@DF_PATENTS_OECDSPECIFIC(1.0),,I,9P50_1,,A,,AP,,PATN,,PRIORITY,,PRI,,_Z,,INVENTOR,,_Z,,_Z,,_T,,2024,,15.514655,,A,,1,,0,
DATAFLOW,OECD.STI.PIE:DSD_PATENTS@DF_PATENTS_OECDSPECIFIC(1.0),,I,9P50_1,,A,,AP,,PATN,,PRIORITY,,MKD,,_Z,,INVENTOR,,_Z,,_Z,,_T,,2024,,3.1125374,,A,,1,,0,
DATAFLOW,OECD.STI.PIE:DSD_PATENTS@DF_PATENTS_OECDSPECIFIC(1.0),,I,9P50_1,,A,,AP,,PATN,,PRIORITY,,JAM,,_Z,,INVENTOR,,_Z,,_Z,,_T,,2024,,1.3416871,,A,,1,,0,
DATAFLOW,OECD.STI.PIE:DSD_PATENTS@DF_PATENTS_OECDSPECIFIC(1.0),,I,9P50_1,,A,,AP,,PATN,,PRIORITY,,OECD,,_Z,,INVENTOR,,_Z,,_Z,,_T,,2024,,188640.7,,A,,1,,0,
DATAFLOW,OECD.STI.PIE:DSD_PATENTS@DF_PATENTS_OECDSPECIFIC(1.0),,I,9P50_1,,A,,AP,,PATN,,PRIORITY,,THA,,_Z,,INVENTOR,,_Z,,_Z,,_T,,2024,,150.81677,,A,,1,,0,
DATAFLOW,OECD.STI.PIE:DSD_PATENTS@DF_PATENTS_OECDSPECIFIC(1.0),,I,9P50_1,,A,,AP,,PATN,,PRIORITY,,SVN,,_Z,,INVENTOR,,_Z,,_Z,,_T,,2024,,116.56268,,A,,1,,0,
DATAFLOW,OECD.STI.PIE:DSD_PATENTS@DF_PATENTS_OECDSPECIFIC(1.0),,I,9P50_1,,A,,AP,,PATN,,PRIORITY,,USA,,_Z,,INVENTOR,,_Z,,_Z,,_T,,2024,,55218.016,,A,,1,,0,
DATAFLOW,OECD.STI.PIE:DSD_PATENTS@DF_PATENTS_OECDSPECIFIC(1.0),,I,9P50_1,,A,,AP,,PATN,,PRIORITY,,JOR,,_Z,,INVENTOR,,_Z,,_Z,,_T,,2024,,23.604359,,A,,1,,0,
DATAFLOW,OECD.STI.PIE:DSD_PATENTS@DF_PATENTS_OECDSPECIFIC(1.0),,I,9P50_1,,A,,AP,,PATN,,PRIORITY,,RUS,,_Z,,INVENTOR,,_Z,,_Z,,_T,,2024,,816.23108,,A,,1,,0,
DATAFLOW,OECD.STI.PIE:DSD_PATENTS@DF_PATENTS_OECDSPECIFIC(1.0),,I,9P50_1,,A,,AP,,PATN,,PRIORITY,,UKR,,_Z,,INVENTOR,,_Z,,_Z,,_T,,2024,,113.30508,,A,,1,,0,
DATAFLOW,OECD.STI.PIE:DSD_PATENTS@DF_PATENTS_OECDSPECIFIC(1.0),,I,9P50_1,,A,,AP,,PATN,,PRIORITY,,ARE,,_Z,,INVENTOR,,_Z,,_Z,,_T,,2024,,116.50965,,A,,1,,0,
DATAFLOW,OECD.STI.PIE:DSD_PATENTS@DF_PATENTS_OECDSPECIFIC(1.0),,I,9P50_1,,A,,AP,,PATN,,PRIORITY,,CYP,,_Z,,INVENTOR,,_Z,,_Z,,_T,,2024,,23.544771,,A,,1,,0,
DATAFLOW,OECD.STI.PIE:DSD_PATENTS@DF_PATENTS_OECDSPECIFIC(1.0),,I,9P50_1,,A,,AP,,PATN,,PRIORITY,,URY,,_Z,,INVENTOR,,_Z,,_Z,,_T,,2024,,8.5705957,,A,,1,,0,
DATAFLOW,OECD.STI.PIE:DSD_PATENTS@DF_PATENTS_OECDSPECIFIC(1.0),,I,9P50_1,,A,,AP,,PATN,,PRIORITY,,KOR,,_Z,,INVENTOR,,_Z,,_Z,,_T,,2024,,21290.121,,A,,1,,0,
DATAFLOW,OECD.STI.PIE:DSD_PATENTS@DF_PATENTS_OECDSPECIFIC(1.0),,I,9P50_1,,A,,AP,,PATN,,PRIORITY,,TUR,,_Z,,INVENTOR,,_Z,,_Z,,_T,,2024,,1480.1621,,A,,1,,0,
DATAFLOW,OECD.STI.PIE:DSD_PATENTS@DF_PATENTS_OECDSPECIFIC(1.0),,I,9P50_1,,A,,AP,,PATN,,PRIORITY,,VEN,,_Z,,INVENTOR,,_Z,,_Z,,_T,,2024,,1.8972712,,A,,1,,0,
DATAFLOW,OECD.STI.PIE:DSD_PATENTS@DF_PATENTS_OECDSPECIFIC(1.0),,I,9P50_1,,A,,AP,,PATN,,PRIORITY,,KAZ,,_Z,,INVENTOR,,_Z,,_Z,,_T,,2024,,26.288839,,A,,1,,0,
DATAFLOW,OECD.STI.PIE:DSD_PATENTS@DF_PATENTS_OECDSPECIFIC(1.0),,I,9P50_1,,A,,AP,,PATN,,PRIORITY,,AUS,,_Z,,INVENTOR,,_Z,,_Z,,_T,,2024,,1701.3903,,A,,1,,0,
DATAFLOW,OECD.STI.PIE:DSD_PATENTS@DF_PATENTS_OECDSPECIFIC(1.0),,I,9P50_1,,A,,AP,,PATN,,PRIORITY,,CHL,,_Z,,INVENTOR,,_Z,,_Z,,_T,,2024,,164.5524,,A,,1,,0,
DATAFLOW,OECD.STI.PIE:DSD_PATENTS@DF_PATENTS_OECDSPECIFIC(1.0),,I,9P50_1,,A,,AP,,PATN,,PRIORITY,,NZL,,_Z,,INVENTOR,,_Z,,_Z,,_T,,2024,,327.44138,,A,,1,,0,
DATAFLOW,OECD.STI.PIE:DSD_PATENTS@DF_PATENTS_OECDSPECIFIC(1.0),,I,9P50_1,,A,,AP,,PATN,,PRIORITY,,HUN,,_Z,,INVENTOR,,_Z,,_Z,,_T,,2024,,272.08395,,A,,1,,0,
DATAFLOW,OECD.STI.PIE:DSD_PATENTS@DF_PATENTS_OECDSPECIFIC(1.0),,I,9P50_1,,A,,AP,,PATN,,PRIORITY,,CRI,,_Z,,INVENTOR,,_Z,,_Z,,_T,,2024,,13.186681,,A,,1,,0,
DATAFLOW,OECD.STI.PIE:DSD_PATENTS@DF_PATENTS_OECDSPECIFIC(1.0),,I,9P50_1,,A,,AP,,PATN,,PRIORITY,,CHN,,_Z,,INVENTOR,,_Z,,_Z,,_T,,2024,,67773.25,,A,,1,,0,
DATAFLOW,OECD.STI.PIE:DSD_PATENTS@DF_PATENTS_OECDSPECIFIC(1.0),,I,9P50_1,,A,,AP,,PATN,,PRIORITY,,IRL,,_Z,,INVENTOR,,_Z,,_Z,,_T,,2024,,491.26807,,A,,1,,0,
DATAFLOW,OECD.STI.PIE:DSD_PATENTS@DF_PATENTS_OECDSPECIFIC(1.0),,I,9P50_1,,A,,AP,,PATN,,PRIORITY,,ECU,,_Z,,INVENTOR,,_Z,,_Z,,_T,,2024,,8.2914467,,A,,1,,0,
DATAFLOW,OECD.STI.PIE:DSD_PATENTS@DF_PATENTS_OECDSPECIFIC(1.0),,I,9P50_1,,A,,AP,,PATN,,PRIORITY,,GRC,,_Z,,INVENTOR,,_Z,,_Z,,_T,,2024,,142.62103,,A,,1,,0,
DATAFLOW,OECD.STI.PIE:DSD_PATENTS@DF_PATENTS_OECDSPECIFIC(1.0),,I,9P50_1,,A,,AP,,PATN,,PRIORITY,,AUT,,_Z,,INVENTOR,,_Z,,_Z,,_T,,2024,,1554.2888,,A,,1,,0,
DATAFLOW,OECD.STI.PIE:DSD_PATENTS@DF_PATENTS_OECDSPECIFIC(1.0),,I,9P50_1,,A,,AP,,PATN,,PRIORITY,,PER,,_Z,,INVENTOR,,_Z,,_Z,,_T,,2024,,32.596489,,A,,1,,0,
DATAFLOW,OECD.STI.PIE:DSD_PATENTS@DF_PATENTS_OECDSPECIFIC(1.0),,I,9P50_1,,A,,AP,,PATN,,PRIORITY,,ITA,,_Z,,INVENTOR,,_Z,,_Z,,_T,,2024,,3702.1475,,A,,1,,0,
DATAFLOW,OECD.STI.PIE:DSD_PATENTS@DF_PATENTS_OECDSPECIFIC(1.0),,I,9P50_1,,A,,AP,,PATN,,PRIORITY,,EU27_2020,,_Z,,INVENTOR,,_Z,,_Z,,_T,,2024,,46277.723,,A,,1,,0,
DATAFLOW,OECD.STI.PIE:DSD_PATENTS@DF_PATENTS_OECDSPECIFIC(1.0),,I,9P50_1,,A,,AP,,PATN,,PRIORITY,,SVK,,_Z,,INVENTOR,,_Z,,_Z,,_T,,2024,,75.06076,,A,,1,,0,
DATAFLOW,OECD.STI.PIE:DSD_PATENTS@DF_PATENTS_OECDSPECIFIC(1.0),,I,9P50_1,,A,,AP,,PATN,,PRIORITY,,MLT,,_Z,,INVENTOR,,_Z,,_Z,,_T,,2024,,25.495081,,A,,1,,0,
DATAFLOW,OECD.STI.PIE:DSD_PATENTS@DF_PATENTS_OECDSPECIFIC(1.0),,I,9P50_1,,A,,AP,,PATN,,PRIORITY,,BGR,,_Z,,INVENTOR,,_Z,,_Z,,_T,,2024,,46.974533,,A,,1,,0,
DATAFLOW,OECD.STI.PIE:DSD_PATENTS@DF_PATENTS_OECDSPECIFIC(1.0),,I,9P50_1,,A,,AP,,PATN,,PRIORITY,,EST,,_Z,,INVENTOR,,_Z,,_Z,,_T,,2024,,35.01646,,A,,1,,0,
DATAFLOW,OECD.STI.PIE:DSD_PATENTS@DF_PATENTS_OECDSPECIFIC(1.0),,I,9P50_1,,A,,AP,,PATN,,PRIORITY,,PRT,,_Z,,INVENTOR,,_Z,,_Z,,_T,,2024,,266.08258,,A,,1,,0,
DATAFLOW,OECD.STI.PIE:DSD_PATENTS@DF_PATENTS_OECDSPECIFIC(1.0),,I,9P50_1,,A,,AP,,PATN,,PRIORITY,,TUN,,_Z,,INVENTOR,,_Z,,_Z,,_T,,2024,,9.6505661,,A,,1,,0,
DATAFLOW,OECD.STI.PIE:DSD_PATENTS@DF_PATENTS_OECDSPECIFIC(1.0),,I,9P50_1,,A,,AP,,PATN,,PRIORITY,,EGY,,_Z,,INVENTOR,,_Z,,_Z,,_T,,2024,,60.518311,,A,,1,,0,
DATAFLOW,OECD.STI.PIE:DSD_PATENTS@DF_PATENTS_OECDSPECIFIC(1.0),,I,9P50_1,,A,,AP,,PATN,,PRIORITY,,IRN,,_Z,,INVENTOR,,_Z,,_Z,,_T,,2024,,267.69196,,A,,1,,0,
DATAFLOW,OECD.STI.PIE:DSD_PATENTS@DF_PATENTS_OECDSPECIFIC(1.0),,I,9P50_1,,A,,AP,,PATN,,PRIORITY,,BIH,,_Z,,INVENTOR,,_Z,,_Z,,_T,,2024,,4.9740372,,A,,1,,0,
DATAFLOW,OECD.STI.PIE:DSD_PATENTS@DF_PATENTS_OECDSPECIFIC(1.0),,I,9P50_1,,A,,AP,,PATN,,PRIORITY,,MDA,,_Z,,INVENTOR,,_Z,,_Z,,_T,,2024,,4.3029113,,A,,1,,0,
DATAFLOW,OECD.STI.PIE:DSD_PATENTS@DF_PATENTS_OECDSPECIFIC(1.0),,I,9P50_1,,A,,AP,,PATN,,PRIORITY,,MNG,,_Z,,INVENTOR,,_Z,,_Z,,_T,,2024,,0.61381662,,A,,1,,0,
DATAFLOW,OECD.STI.PIE:DSD_PATENTS@DF_PATENTS_OECDSPECIFIC(1.0),,I,9P50_1,,A,,AP,,PATN,,PRIORITY,,SGP,,_Z,,INVENTOR,,_Z,,_Z,,_T,,2024,,1262.0114,,A,,1,,0,
DATAFLOW,OECD.STI.PIE:DSD_PATENTS@DF_PATENTS_OECDSPECIFIC(1.0),,I,9P50_1,,A,,AP,,PATN,,PRIORITY,,W,,_Z,,INVENTOR,,_Z,,_Z,,_T,,2024,,268835,,A,,1,,0,
DATAFLOW,OECD.STI.PIE:DSD_PATENTS@DF_PATENTS_OECDSPECIFIC(1.0),,I,9P50_1,,A,,AP,,PATN,,PRIORITY,,COL,,_Z,,INVENTOR,,_Z,,_Z,,_T,,2024,,111.8846,,A,,1,,0,
DATAFLOW,OECD.STI.PIE:DSD_PATENTS@DF_PATENTS_OECDSPECIFIC(1.0),,I,9P50_1,,A,,AP,,PATN,,PRIORITY,,TWN,,_Z,,INVENTOR,,_Z,,_Z,,_T,,2024,,740.216,,A,,1,,0,
DATAFLOW,OECD.STI.PIE:DSD_PATENTS@DF_PATENTS_OECDSPECIFIC(1.0),,I,9P50_1,,A,,AP,,PATN,,PRIORITY,,LBN,,_Z,,INVENTOR,,_Z,,_Z,,_T,,2024,,12.400689,,A,,1,,0,
DATAFLOW,OECD.STI.PIE:DSD_PATENTS@DF_PATENTS_OECDSPECIFIC(1.0),,I,9P50_1,,A,,AP,,PATN,,PRIORITY,,POL,,_Z,,INVENTOR,,_Z,,_Z,,_T,,2024,,442.5163,,A,,1,,0,
DATAFLOW,OECD.STI.PIE:DSD_PATENTS@DF_PATENTS_OECDSPECIFIC(1.0),,I,9P50_1,,A,,AP,,PATN,,PRIORITY,,MYS,,_Z,,INVENTOR,,_Z,,_Z,,_T,,2024,,175.02278,,A,,1,,0,
DATAFLOW,OECD.STI.PIE:DSD_PATENTS@DF_PATENTS_OECDSPECIFIC(1.0),,I,9P50_1,,A,,AP,,PATN,,PRIORITY,,ISR,,_Z,,INVENTOR,,_Z,,_Z,,_T,,2024,,2131.7473,,A,,1,,0,
DATAFLOW,OECD.STI.PIE:DSD_PATENTS@DF_PATENTS_OECDSPECIFIC(1.0),,I,9P50_1,,A,,AP,,PATN,,PRIORITY,,GEO,,_Z,,INVENTOR,,_Z,,_Z,,_T,,2024,,8.9294891,,A,,1,,0,
DATAFLOW,OECD.STI.PIE:DSD_PATENTS@DF_PATENTS_OECDSPECIFIC(1.0),,I,9P50_1,,A,,AP,,PATN,,PRIORITY,,DEU,,_Z,,INVENTOR,,_Z,,_Z,,_T,,2024,,17580.768,,A,,1,,0,
DATAFLOW,OECD.STI.PIE:DSD_PATENTS@DF_PATENTS_OECDSPECIFIC(1.0),,I,9P50_1,,A,,AP,,PATN,,PRIORITY,,FIN,,_Z,,INVENTOR,,_Z,,_Z,,_T,,2024,,1434.8199,,A,,1,,0,
DATAFLOW,OECD.STI.PIE:DSD_PATENTS@DF_PATENTS_OECDSPECIFIC(1.0),,I,9P50_1,,A,,AP,,PATN,,PRIORITY,,SWE,,_Z,,INVENTOR,,_Z,,_Z,,_T,,2024,,3297.1294,,A,,1,,0,
DATAFLOW,OECD.STI.PIE:DSD_PATENTS@DF_PATENTS_OECDSPECIFIC(1.0),,I,9P50_1,,A,,AP,,PATN,,PRIORITY,,CHE,,_Z,,INVENTOR,,_Z,,_Z,,_T,,2024,,3061.7461,,A,,1,,0,
DATAFLOW,OECD.STI.PIE:DSD_PATENTS@DF_PATENTS_OECDSPECIFIC(1.0),,I,9P50_1,,A,,AP,,PATN,,PRIORITY,,MAR,,_Z,,INVENTOR,,_Z,,_Z,,_T,,2024,,69.672676,,A,,1,,0,
DATAFLOW,OECD.STI.PIE:DSD_PATENTS@DF_PATENTS_OECDSPECIFIC(1.0),,I,9P50_1,,A,,AP,,PATN,,PRIORITY,,NLD,,_Z,,INVENTOR,,_Z,,_Z,,_T,,2024,,3721.6108,,A,,1,,0,
DATAFLOW,OECD.STI.PIE:DSD_PATENTS@DF_PATENTS_OECDSPECIFIC(1.0),,I,9P50_1,,A,,AP,,PATN,,PRIORITY,,AND,,_Z,,INVENTOR,,_Z,,_Z,,_T,,2024,,2.4535277,,A,,1,,0,
DATAFLOW,OECD.STI.PIE:DSD_PATENTS@DF_PATENTS_OECDSPECIFIC(1.0),,I,9P50_1,,A,,AP,,PATN,,PRIORITY,,DNK,,_Z,,INVENTOR,,_Z,,_Z,,_T,,2024,,1526.6606,,A,,1,,0,
DATAFLOW,OECD.STI.PIE:DSD_PATENTS@DF_PATENTS_OECDSPECIFIC(1.0),,I,9P50_1,,A,,AP,,PATN,,PRIORITY,,BRA,,_Z,,INVENTOR,,_Z,,_Z,,_T,,2024,,674.91443,,A,,1,,0,
DATAFLOW,OECD.STI.PIE:DSD_PATENTS@DF_PATENTS_OECDSPECIFIC(1.0),,I,9P50_1,,A,,AP,,PATN,,PRIORITY,,KEN,,_Z,,INVENTOR,,_Z,,_Z,,_T,,2024,,5.3642387,,A,,1,,0,
DATAFLOW,OECD.STI.PIE:DSD_PATENTS@DF_PATENTS_OECDSPECIFIC(1.0),,I,9P50_1,,A,,AP,,PATN,,PRIORITY,,CUB,,_Z,,INVENTOR,,_Z,,_Z,,_T,,2024,,8.194272,,A,,1,,0,
DATAFLOW,OECD.STI.PIE:DSD_PATENTS@DF_PATENTS_OECDSPECIFIC(1.0),,I,9P50_1,,A,,AP,,PATN,,PRIORITY,,LUX,,_Z,,INVENTOR,,_Z,,_Z,,_T,,2024,,90.829659,,A,,1,,0,
DATAFLOW,OECD.STI.PIE:DSD_PATENTS@DF_PATENTS_OECDSPECIFIC(1.0),,I,9P50_1,,A,,AP,,PATN,,PRIORITY,,LVA,,_Z,,INVENTOR,,_Z,,_Z,,_T,,2024,,42.187531,,A,,1,,0,
DATAFLOW,OECD.STI.PIE:DSD_PATENTS@DF_PATENTS_OECDSPECIFIC(1.0),,I,9P50_1,,A,,AP,,PATN,,PRIORITY,,SAU,,_Z,,INVENTOR,,_Z,,_Z,,_T,,2024,,388.44061,,A,,1,,0,
DATAFLOW,OECD.STI.PIE:DSD_PATENTS@DF_PATENTS_OECDSPECIFIC(1.0),,I,9P50_1,,A,,AP,,PATN,,PRIORITY,,ZAF,,_Z,,INVENTOR,,_Z,,_Z,,_T,,2024,,205.22205,,A,,1,,0,
DATAFLOW,OECD.STI.PIE:DSD_PATENTS@DF_PATENTS_OECDSPECIFIC(1.0),,I,9P50_1,,A,,AP,,PATN,,PRIORITY,,HRV,,_Z,,INVENTOR,,_Z,,_Z,,_T,,2024,,45.782082,,A,,1,,0,
DATAFLOW,OECD.STI.PIE:DSD_PATENTS@DF_PATENTS_OECDSPECIFIC(1.0),,I,9P50_1,,A,,AP,,PATN,,PRIORITY,,TTO,,_Z,,INVENTOR,,_Z,,_Z,,_T,,2024,,1.561342,,A,,1,,0,
DATAFLOW,OECD.STI.PIE:DSD_PATENTS@DF_PATENTS_OECDSPECIFIC(1.0),,I,9P50_1,,A,,AP,,PATN,,PRIORITY,,FRA,,_Z,,INVENTOR,,_Z,,_Z,,_T,,2024,,7806.1294,,A,,1,,0,
DATAFLOW,OECD.STI.PIE:DSD_PATENTS@DF_PATENTS_OECDSPECIFIC(1.0),,I,9P50_1,,A,,AP,,PATN,,PRIORITY,,LTU,,_Z,,INVENTOR,,_Z,,_Z,,_T,,2024,,39.966293,,A,,1,,0,
DATAFLOW,OECD.STI.PIE:DSD_PATENTS@DF_PATENTS_OECDSPECIFIC(1.0),,I,9P50_1,,A,,AP,,PATN,,PRIORITY,,HKG,,_Z,,INVENTOR,,_Z,,_Z,,_T,,2024,,528.33002,,A,,1,,0,
DATAFLOW,OECD.STI.PIE:DSD_PATENTS@DF_PATENTS_OECDSPECIFIC(1.0),,I,9P50_1,,A,,AP,,PATN,,PRIORITY,,IDN,,_Z,,INVENTOR,,_Z,,_Z,,_T,,2024,,30.848429,,A,,1,,0,
DATAFLOW,OECD.STI.PIE:DSD_PATENTS@DF_PATENTS_OECDSPECIFIC(1.0),,I,9P50_1,,A,,AP,,PATN,,PRIORITY,,GBR,,_Z,,INVENTOR,,_Z,,_Z,,_T,,2024,,6355.2778,,A,,1,,0,
DATAFLOW,OECD.STI.PIE:DSD_PATENTS@DF_PATENTS_OECDSPECIFIC(1.0),,I,9P50_1,,A,,AP,,PATN,,PRIORITY,,CZE,,_Z,,INVENTOR,,_Z,,_Z,,_T,,2024,,298.68219,,A,,1,,0,
DATAFLOW,OECD.STI.PIE:DSD_PATENTS@DF_PATENTS_OECDSPECIFIC(1.0),,I,9P50_1,,A,,AP,,PATN,,PRIORITY,,DZA,,_Z,,INVENTOR,,_Z,,_Z,,_T,,2024,,13.916459,,A,,1,,0,
DATAFLOW,OECD.STI.PIE:DSD_PATENTS@DF_PATENTS_OECDSPECIFIC(1.0),,I,9P50_1,,A,,AP,,PATN,,PRIORITY,,PAK,,_Z,,INVENTOR,,_Z,,_Z,,_T,,2024,,8.655695,,A,,1,,0,
DATAFLOW,OECD.STI.PIE:DSD_PATENTS@DF_PATENTS_OECDSPECIFIC(1.0),,I,9P50_1,,A,,AP,,PATN,,PRIORITY,,NGA,,_Z,,INVENTOR,,_Z,,_Z,,_T,,2024,,3.6605844,,A,,1,,0,
DATAFLOW,OECD.STI.PIE:DSD_PATENTS@DF_PATENTS_OECDSPECIFIC(1.0),,I,9P50_1,,A,,AP,,PATN,,PRIORITY,,ZWE,,_Z,,INVENTOR,,_Z,,_Z,,_T,,2019,,0.5,,A,,1,,0,
DATAFLOW,OECD.STI.PIE:DSD_PATENTS@DF_PATENTS_OECDSPECIFIC(1.0),,I,9P50_1,,A,,AP,,PATN,,PRIORITY,,ZWE,,_Z,,INVENTOR,,_Z,,_Z,,_T,,2020,,0.5,,A,,1,,0,
DATAFLOW,OECD.STI.PIE:DSD_PATENTS@DF_PATENTS_OECDSPECIFIC(1.0),,I,9P50_1,,A,,AP,,PATN,,PRIORITY,,PAN,,_Z,,INVENTOR,,_Z,,_Z,,_T,,2020,,3,,A,,1,,0,
DATAFLOW,OECD.STI.PIE:DSD_PATENTS@DF_PATENTS_OECDSPECIFIC(1.0),,I,9P50_1,,A,,AP,,PATN,,PRIORITY,,PRK,,_Z,,INVENTOR,,_Z,,_Z,,_T,,2021,,3,,A,,1,,0,
DATAFLOW,OECD.STI.PIE:DSD_PATENTS@DF_PATENTS_OECDSPECIFIC(1.0),,I,9P50_1,,A,,AP,,PATN,,PRIORITY,,JAM,,_Z,,INVENTOR,,_Z,,_Z,,_T,,2018,,2,,A,,1,,0,
DATAFLOW,OECD.STI.PIE:DSD_PATENTS@DF_PATENTS_OECDSPECIFIC(1.0),,I,9P50_1,,A,,AP,,PATN,,PRIORITY,,SYC,,_Z,,INVENTOR,,_Z,,_Z,,_T,,2019,,2,,A,,1,,0,
DATAFLOW,OECD.STI.PIE:DSD_PATENTS@DF_PATENTS_OECDSPECIFIC(1.0),,I,9P50_1,,A,,AP,,PATN,,PRIORITY,,SYC,,_Z,,INVENTOR,,_Z,,_Z,,_T,,2020,,2,,A,,1,,0,
DATAFLOW,OECD.STI.PIE:DSD_PATENTS@DF_PATENTS_OECDSPECIFIC(1.0),,I,9P50_1,,A,,AP,,PATN,,PRIORITY,,GTM,,_Z,,INVENTOR,,_Z,,_Z,,_T,,2021,,2,,A,,1,,0,
DATAFLOW,OECD.STI.PIE:DSD_PATENTS@DF_PATENTS_OECDSPECIFIC(1.0),,I,9P50_1,,A,,AP,,PATN,,PRIORITY,,TTO,,_Z,,INVENTOR,,_Z,,_Z,,_T,,2022,,2,,A,,1,,0,
DATAFLOW,OECD.STI.PIE:DSD_PATENTS@DF_PATENTS_OECDSPECIFIC(1.0),,I,6F0,,A,,GR,,PATN,,PRIORITY,,CHN,,_Z,,INVENTOR,,_Z,,_Z,,_T,,2018,,7550.6821,,A,,1,,0,
DATAFLOW,OECD.STI.PIE:DSD_PATENTS@DF_PATENTS_OECDSPECIFIC(1.0),,I,6F0,,A,,GR,,PATN,,PRIORITY,,NGA,,_Z,,INVENTOR,,_Z,,_Z,,_T,,2018,,0.1429,,A,,1,,0,
DATAFLOW,OECD.STI.PIE:DSD_PATENTS@DF_PATENTS_OECDSPECIFIC(1.0),,I,6F0,,A,,GR,,PATN,,PRIORITY,,AUT,,_Z,,INVENTOR,,_Z,,_Z,,_T,,2018,,1280.0553,,A,,1,,0,
DATAFLOW,OECD.STI.PIE:DSD_PATENTS@DF_PATENTS_OECDSPECIFIC(1.0),,I,6F0,,A,,GR,,PATN,,PRIORITY,,ZAF,,_Z,,INVENTOR,,_Z,,_Z,,_T,,2018,,54.216702,,A,,1,,0,
DATAFLOW,OECD.STI.PIE:DSD_PATENTS@DF_PATENTS_OECDSPECIFIC(1.0),,I,6F0,,A,,GR,,PATN,,PRIORITY,,NZL,,_Z,,INVENTOR,,_Z,,_Z,,_T,,2018,,56.652401,,A,,1,,0,
DATAFLOW,OECD.STI.PIE:DSD_PATENTS@DF_PATENTS_OECDSPECIFIC(1.0),,I,6F0,,A,,GR,,PATN,,PRIORITY,,TWN,,_Z,,INVENTOR,,_Z,,_Z,,_T,,2018,,857.53729,,A,,1,,0,
DATAFLOW,OECD.STI.PIE:DSD_PATENTS@DF_PATENTS_OECDSPECIFIC(1.0),,I,6F0,,A,,GR,,PATN,,PRIORITY,,W,,_Z,,INVENTOR,,_Z,,_Z,,_T,,2018,,82691,,A,,1,,0,
DATAFLOW,OECD.STI.PIE:DSD_PATENTS@DF_PATENTS_OECDSPECIFIC(1.0),,I,6F0,,A,,GR,,PATN,,PRIORITY,,NLD,,_Z,,INVENTOR,,_Z,,_Z,,_T,,2018,,1873.5133,,A,,1,,0,
DATAFLOW,OECD.STI.PIE:DSD_PATENTS@DF_PATENTS_OECDSPECIFIC(1.0),,I,6F0,,A,,GR,,PATN,,PRIORITY,,HUN,,_Z,,INVENTOR,,_Z,,_Z,,_T,,2018,,159.99361,,A,,1,,0,
DATAFLOW,OECD.STI.PIE:DSD_PATENTS@DF_PATENTS_OECDSPECIFIC(1.0),,I,6F0,,A,,GR,,PATN,,PRIORITY,,DEU,,_Z,,INVENTOR,,_Z,,_Z,,_T,,2018,,13549.862,,A,,1,,0,
DATAFLOW,OECD.STI.PIE:DSD_PATENTS@DF_PATENTS_OECDSPECIFIC(1.0),,I,6F0,,A,,GR,,PATN,,PRIORITY,,LBN,,_Z,,INVENTOR,,_Z,,_Z,,_T,,2018,,6.5833001,,A,,1,,0,
DATAFLOW,OECD.STI.PIE:DSD_PATENTS@DF_PATENTS_OECDSPECIFIC(1.0),,I,6F0,,A,,GR,,PATN,,PRIORITY,,SVN,,_Z,,INVENTOR,,_Z,,_Z,,_T,,2018,,69.976196,,A,,1,,0,
DATAFLOW,OECD.STI.PIE:DSD_PATENTS@DF_PATENTS_OECDSPECIFIC(1.0),,I,6F0,,A,,GR,,PATN,,PRIORITY,,TTO,,_Z,,INVENTOR,,_Z,,_Z,,_T,,2018,,1.1667,,A,,1,,0,
DATAFLOW,OECD.STI.PIE:DSD_PATENTS@DF_PATENTS_OECDSPECIFIC(1.0),,I,6F0,,A,,GR,,PATN,,PRIORITY,,BEL,,_Z,,INVENTOR,,_Z,,_Z,,_T,,2018,,920.34222,,A,,1,,0,
DATAFLOW,OECD.STI.PIE:DSD_PATENTS@DF_PATENTS_OECDSPECIFIC(1.0),,I,6F0,,A,,GR,,PATN,,PRIORITY,,LIE,,_Z,,INVENTOR,,_Z,,_Z,,_T,,2018,,22.366699,,A,,1,,0,
DATAFLOW,OECD.STI.PIE:DSD_PATENTS@DF_PATENTS_OECDSPECIFIC(1.0),,I,6F0,,A,,GR,,PATN,,PRIORITY,,BGR,,_Z,,INVENTOR,,_Z,,_Z,,_T,,2018,,22.5,,A,,1,,0,
DATAFLOW,OECD.STI.PIE:DSD_PATENTS@DF_PATENTS_OECDSPECIFIC(1.0),,I,6F0,,A,,GR,,PATN,,PRIORITY,,PRT,,_Z,,INVENTOR,,_Z,,_Z,,_T,,2018,,126.15,,A,,1,,0,
DATAFLOW,OECD.STI.PIE:DSD_PATENTS@DF_PATENTS_OECDSPECIFIC(1.0),,I,6F0,,A,,GR,,PATN,,PRIORITY,,USA,,_Z,,INVENTOR,,_Z,,_Z,,_T,,2018,,16940.139,,A,,1,,0,
DATAFLOW,OECD.STI.PIE:DSD_PATENTS@DF_PATENTS_OECDSPECIFIC(1.0),,I,6F0,,A,,GR,,PATN,,PRIORITY,,CRI,,_Z,,INVENTOR,,_Z,,_Z,,_T,,2018,,6.1027999,,A,,1,,0,
DATAFLOW,OECD.STI.PIE:DSD_PATENTS@DF_PATENTS_OECDSPECIFIC(1.0),,I,6F0,,A,,GR,,PATN,,PRIORITY,,AUS,,_Z,,INVENTOR,,_Z,,_Z,,_T,,2018,,348.27859,,A,,1,,0,
DATAFLOW,OECD.STI.PIE:DSD_PATENTS@DF_PATENTS_OECDSPECIFIC(1.0),,I,6F0,,A,,GR,,PATN,,PRIORITY,,SGP,,_Z,,INVENTOR,,_Z,,_Z,,_T,,2018,,125.2179,,A,,1,,0,
DATAFLOW,OECD.STI.PIE:DSD_PATENTS@DF_PATENTS_OECDSPECIFIC(1.0),,I,6F0,,A,,GR,,PATN,,PRIORITY,,MAR,,_Z,,INVENTOR,,_Z,,_Z,,_T,,2018,,5.1332998,,A,,1,,0,
DATAFLOW,OECD.STI.PIE:DSD_PATENTS@DF_PATENTS_OECDSPECIFIC(1.0),,I,6F0,,A,,GR,,PATN,,PRIORITY,,COL,,_Z,,INVENTOR,,_Z,,_Z,,_T,,2018,,9.5094995,,A,,1,,0,
DATAFLOW,OECD.STI.PIE:DSD_PATENTS@DF_PATENTS_OECDSPECIFIC(1.0),,I,6F0,,A,,GR,,PATN,,PRIORITY,,EST,,_Z,,INVENTOR,,_Z,,_Z,,_T,,2018,,15.5,,A,,1,,0,
DATAFLOW,OECD.STI.PIE:DSD_PATENTS@DF_PATENTS_OECDSPECIFIC(1.0),,I,6F0,,A,,GR,,PATN,,PRIORITY,,URY,,_Z,,INVENTOR,,_Z,,_Z,,_T,,2018,,1.7333,,A,,1,,0,
DATAFLOW,OECD.STI.PIE:DSD_PATENTS@DF_PATENTS_OECDSPECIFIC(1.0),,I,6F0,,A,,GR,,PATN,,PRIORITY,,ESP,,_Z,,INVENTOR,,_Z,,_Z,,_T,,2018,,974.24811,,A,,1,,0,
DATAFLOW,OECD.STI.PIE:DSD_PATENTS@DF_PATENTS_OECDSPECIFIC(1.0),,I,6F0,,A,,GR,,PATN,,PRIORITY,,MEX,,_Z,,INVENTOR,,_Z,,_Z,,_T,,2018,,27.194401,,A,,1,,0,
DATAFLOW,OECD.STI.PIE:DSD_PATENTS@DF_PATENTS_OECDSPECIFIC(1.0),,I,6F0,,A,,GR,,PATN,,PRIORITY,,MYS,,_Z,,INVENTOR,,_Z,,_Z,,_T,,2018,,25.935699,,A,,1,,0,
DATAFLOW,OECD.STI.PIE:DSD_PATENTS@DF_PATENTS_OECDSPECIFIC(1.0),,I,6F0,,A,,GR,,PATN,,PRIORITY,,HRV,,_Z,,INVENTOR,,_Z,,_Z,,_T,,2018,,20.65,,A,,1,,0,
DATAFLOW,OECD.STI.PIE:DSD_PATENTS@DF_PATENTS_OECDSPECIFIC(1.0),,I,6F0,,A,,GR,,PATN,,PRIORITY,,VEN,,_Z,,INVENTOR,,_Z,,_Z,,_T,,2018,,0.2,,A,,1,,0,
DATAFLOW,OECD.STI.PIE:DSD_PATENTS@DF_PATENTS_OECDSPECIFIC(1.0),,I,6F0,,A,,GR,,PATN,,PRIORITY,,CHL,,_Z,,INVENTOR,,_Z,,_Z,,_T,,2018,,16.733299,,A,,1,,0,
DATAFLOW,OECD.STI.PIE:DSD_PATENTS@DF_PATENTS_OECDSPECIFIC(1.0),,I,6F0,,A,,GR,,PATN,,PRIORITY,,TUR,,_Z,,INVENTOR,,_Z,,_Z,,_T,,2018,,338.65948,,A,,1,,0,
DATAFLOW,OECD.STI.PIE:DSD_PATENTS@DF_PATENTS_OECDSPECIFIC(1.0),,I,6F0,,A,,GR,,PATN,,PRIORITY,,RUS,,_Z,,INVENTOR,,_Z,,_Z,,_T,,2018,,134.50951,,A,,1,,0,
DATAFLOW,OECD.STI.PIE:DSD_PATENTS@DF_PATENTS_OECDSPECIFIC(1.0),,I,6F0,,A,,GR,,PATN,,PRIORITY,,CYM,,_Z,,INVENTOR,,_Z,,_Z,,_T,,2018,,10,,A,,1,,0,
DATAFLOW,OECD.STI.PIE:DSD_PATENTS@DF_PATENTS_OECDSPECIFIC(1.0),,I,6F0,,A,,GR,,PATN,,PRIORITY,,DNK,,_Z,,INVENTOR,,_Z,,_Z,,_T,,2018,,822.13452,,A,,1,,0,
DATAFLOW,OECD.STI.PIE:DSD_PATENTS@DF_PATENTS_OECDSPECIFIC(1.0),,I,6F0,,A,,GR,,PATN,,PRIORITY,,UKR,,_Z,,INVENTOR,,_Z,,_Z,,_T,,2018,,13.5833,,A,,1,,0,
DATAFLOW,OECD.STI.PIE:DSD_PATENTS@DF_PATENTS_OECDSPECIFIC(1.0),,I,6F0,,A,,GR,,PATN,,PRIORITY,,MLT,,_Z,,INVENTOR,,_Z,,_Z,,_T,,2018,,5.5,,A,,1,,0,
DATAFLOW,OECD.STI.PIE:DSD_PATENTS@DF_PATENTS_OECDSPECIFIC(1.0),,I,6F0,,A,,GR,,PATN,,PRIORITY,,OECD,,_Z,,INVENTOR,,_Z,,_Z,,_T,,2018,,72409.016,,A,,1,,0,
DATAFLOW,OECD.STI.PIE:DSD_PATENTS@DF_PATENTS_OECDSPECIFIC(1.0),,I,6F0,,A,,GR,,PATN,,PRIORITY,,PHL,,_Z,,INVENTOR,,_Z,,_Z,,_T,,2018,,3.2774,,A,,1,,0,
DATAFLOW,OECD.STI.PIE:DSD_PATENTS@DF_PATENTS_OECDSPECIFIC(1.0),,I,6F0,,A,,GR,,PATN,,PRIORITY,,MCO,,_Z,,INVENTOR,,_Z,,_Z,,_T,,2018,,8.2856998,,A,,1,,0,
DATAFLOW,OECD.STI.PIE:DSD_PATENTS@DF_PATENTS_OECDSPECIFIC(1.0),,I,6F0,,A,,GR,,PATN,,PRIORITY,,ROU,,_Z,,INVENTOR,,_Z,,_Z,,_T,,2018,,77.550003,,A,,1,,0,
DATAFLOW,OECD.STI.PIE:DSD_PATENTS@DF_PATENTS_OECDSPECIFIC(1.0),,I,6F0,,A,,GR,,PATN,,PRIORITY,,BIH,,_Z,,INVENTOR,,_Z,,_Z,,_T,,2018,,1.2,,A,,1,,0,
DATAFLOW,OECD.STI.PIE:DSD_PATENTS@DF_PATENTS_OECDSPECIFIC(1.0),,I,6F0,,A,,GR,,PATN,,PRIORITY,,IRL,,_Z,,INVENTOR,,_Z,,_Z,,_T,,2018,,213.0611,,A,,1,,0,
DATAFLOW,OECD.STI.PIE:DSD_PATENTS@DF_PATENTS_OECDSPECIFIC(1.0),,I,6F0,,A,,GR,,PATN,,PRIORITY,,ISL,,_Z,,INVENTOR,,_Z,,_Z,,_T,,2018,,19.890499,,A,,1,,0,
DATAFLOW,OECD.STI.PIE:DSD_PATENTS@DF_PATENTS_OECDSPECIFIC(1.0),,I,6F0,,A,,GR,,PATN,,PRIORITY,,CZE,,_Z,,INVENTOR,,_Z,,_Z,,_T,,2018,,152.2962,,A,,1,,0,
DATAFLOW,OECD.STI.PIE:DSD_PATENTS@DF_PATENTS_OECDSPECIFIC(1.0),,I,6F0,,A,,GR,,PATN,,PRIORITY,,GBR,,_Z,,INVENTOR,,_Z,,_Z,,_T,,2018,,2960.4092,,A,,1,,0,
DATAFLOW,OECD.STI.PIE:DSD_PATENTS@DF_PATENTS_OECDSPECIFIC(1.0),,I,6F0,,A,,GR,,PATN,,PRIORITY,,NOR,,_Z,,INVENTOR,,_Z,,_Z,,_T,,2018,,324.0726,,A,,1,,0,
DATAFLOW,OECD.STI.PIE:DSD_PATENTS@DF_PATENTS_OECDSPECIFIC(1.0),,I,6F0,,A,,GR,,PATN,,PRIORITY,,SVK,,_Z,,INVENTOR,,_Z,,_Z,,_T,,2018,,34.237099,,A,,1,,0,
DATAFLOW,OECD.STI.PIE:DSD_PATENTS@DF_PATENTS_OECDSPECIFIC(1.0),,I,6F0,,A,,GR,,PATN,,PRIORITY,,POL,,_Z,,INVENTOR,,_Z,,_Z,,_T,,2018,,376.98511,,A,,1,,0,
DATAFLOW,OECD.STI.PIE:DSD_PATENTS@DF_PATENTS_OECDSPECIFIC(1.0),,I,6F0,,A,,GR,,PATN,,PRIORITY,,CHE,,_Z,,INVENTOR,,_Z,,_Z,,_T,,2018,,2066.8933,,A,,1,,0,
DATAFLOW,OECD.STI.PIE:DSD_PATENTS@DF_PATENTS_OECDSPECIFIC(1.0),,I,6F0,,A,,GR,,PATN,,PRIORITY,,FRA,,_Z,,INVENTOR,,_Z,,_Z,,_T,,2018,,5685.2588,,A,,1,,0,
DATAFLOW,OECD.STI.PIE:DSD_PATENTS@DF_PATENTS_OECDSPECIFIC(1.0),,I,6F0,,A,,GR,,PATN,,PRIORITY,,MKD,,_Z,,INVENTOR,,_Z,,_Z,,_T,,2018,,0.75,,A,,1,,0,
DATAFLOW,OECD.STI.PIE:DSD_PATENTS@DF_PATENTS_OECDSPECIFIC(1.0),,I,6F0,,A,,GR,,PATN,,PRIORITY,,PAK,,_Z,,INVENTOR,,_Z,,_Z,,_T,,2018,,1.8451999,,A,,1,,0,
DATAFLOW,OECD.STI.PIE:DSD_PATENTS@DF_PATENTS_OECDSPECIFIC(1.0),,I,6F0,,A,,GR,,PATN,,PRIORITY,,LKA,,_Z,,INVENTOR,,_Z,,_Z,,_T,,2018,,2.5,,A,,1,,0,
DATAFLOW,OECD.STI.PIE:DSD_PATENTS@DF_PATENTS_OECDSPECIFIC(1.0),,I,6F0,,A,,GR,,PATN,,PRIORITY,,IND,,_Z,,INVENTOR,,_Z,,_Z,,_T,,2018,,771.22369,,A,,1,,0,
DATAFLOW,OECD.STI.PIE:DSD_PATENTS@DF_PATENTS_OECDSPECIFIC(1.0),,I,6F0,,A,,GR,,PATN,,PRIORITY,,MDA,,_Z,,INVENTOR,,_Z,,_Z,,_T,,2018,,1.1,,A,,1,,0,
DATAFLOW,OECD.STI.PIE:DSD_PATENTS@DF_PATENTS_OECDSPECIFIC(1.0),,I,6F0,,A,,GR,,PATN,,PRIORITY,,GRC,,_Z,,INVENTOR,,_Z,,_Z,,_T,,2018,,81.342102,,A,,1,,0,
DATAFLOW,OECD.STI.PIE:DSD_PATENTS@DF_PATENTS_OECDSPECIFIC(1.0),,I,6F0,,A,,GR,,PATN,,PRIORITY,,EU27_2020,,_Z,,INVENTOR,,_Z,,_Z,,_T,,2018,,32490.551,,A,,1,,0,
DATAFLOW,OECD.STI.PIE:DSD_PATENTS@DF_PATENTS_OECDSPECIFIC(1.0),,I,6F0,,A,,GR,,PATN,,PRIORITY,,CAN,,_Z,,INVENTOR,,_Z,,_Z,,_T,,2018,,889.15167,,A,,1,,0,
DATAFLOW,OECD.STI.PIE:DSD_PATENTS@DF_PATENTS_OECDSPECIFIC(1.0),,I,6F0,,A,,GR,,PATN,,PRIORITY,,FIN,,_Z,,INVENTOR,,_Z,,_Z,,_T,,2018,,789.69482,,A,,1,,0,
DATAFLOW,OECD.STI.PIE:DSD_PATENTS@DF_PATENTS_OECDSPECIFIC(1.0),,I,6F0,,A,,GR,,PATN,,PRIORITY,,ITA,,_Z,,INVENTOR,,_Z,,_Z,,_T,,2018,,3264.9138,,A,,1,,0,
DATAFLOW,OECD.STI.PIE:DSD_PATENTS@DF_PATENTS_OECDSPECIFIC(1.0),,I,6F0,,A,,GR,,PATN,,PRIORITY,,BRA,,_Z,,INVENTOR,,_Z,,_Z,,_T,,2018,,113.099,,A,,1,,0,
DATAFLOW,OECD.STI.PIE:DSD_PATENTS@DF_PATENTS_OECDSPECIFIC(1.0),,I,6F0,,A,,GR,,PATN,,PRIORITY,,BLR,,_Z,,INVENTOR,,_Z,,_Z,,_T,,2018,,4.0833001,,A,,1,,0,
DATAFLOW,OECD.STI.PIE:DSD_PATENTS@DF_PATENTS_OECDSPECIFIC(1.0),,I,6F0,,A,,GR,,PATN,,PRIORITY,,LUX,,_Z,,INVENTOR,,_Z,,_Z,,_T,,2018,,55.258701,,A,,1,,0,
DATAFLOW,OECD.STI.PIE:DSD_PATENTS@DF_PATENTS_OECDSPECIFIC(1.0),,I,6F0,,A,,GR,,PATN,,PRIORITY,,ARG,,_Z,,INVENTOR,,_Z,,_Z,,_T,,2018,,23.6262,,A,,1,,0,
DATAFLOW,OECD.STI.PIE:DSD_PATENTS@DF_PATENTS_OECDSPECIFIC(1.0),,I,6F0,,A,,GR,,PATN,,PRIORITY,,PAN,,_Z,,INVENTOR,,_Z,,_Z,,_T,,2018,,0.5,,A,,1,,0,
DATAFLOW,OECD.STI.PIE:DSD_PATENTS@DF_PATENTS_OECDSPECIFIC(1.0),,I,6F0,,A,,GR,,PATN,,PRIORITY,,TUN,,_Z,,INVENTOR,,_Z,,_Z,,_T,,2018,,2.8333001,,A,,1,,0,
DATAFLOW,OECD.STI.PIE:DSD_PATENTS@DF_PATENTS_OECDSPECIFIC(1.0),,I,6F0,,A,,GR,,PATN,,PRIORITY,,JPN,,_Z,,INVENTOR,,_Z,,_Z,,_T,,2018,,10683.367,,A,,1,,0,
DATAFLOW,OECD.STI.PIE:DSD_PATENTS@DF_PATENTS_OECDSPECIFIC(1.0),,I,6F0,,A,,GR,,PATN,,PRIORITY,,SAU,,_Z,,INVENTOR,,_Z,,_Z,,_T,,2018,,114.5524,,A,,1,,0,
DATAFLOW,OECD.STI.PIE:DSD_PATENTS@DF_PATENTS_OECDSPECIFIC(1.0),,I,6F0,,A,,GR,,PATN,,PRIORITY,,EGY,,_Z,,INVENTOR,,_Z,,_Z,,_T,,2018,,2.1111,,A,,1,,0,
DATAFLOW,OECD.STI.PIE:DSD_PATENTS@DF_PATENTS_OECDSPECIFIC(1.0),,I,6F0,,A,,GR,,PATN,,PRIORITY,,THA,,_Z,,INVENTOR,,_Z,,_Z,,_T,,2018,,18.9333,,A,,1,,0,
DATAFLOW,OECD.STI.PIE:DSD_PATENTS@DF_PATENTS_OECDSPECIFIC(1.0),,I,6F0,,A,,GR,,PATN,,PRIORITY,,LVA,,_Z,,INVENTOR,,_Z,,_Z,,_T,,2018,,8.5,,A,,1,,0,
DATAFLOW,OECD.STI.PIE:DSD_PATENTS@DF_PATENTS_OECDSPECIFIC(1.0),,I,6F0,,A,,GR,,PATN,,PRIORITY,,KWT,,_Z,,INVENTOR,,_Z,,_Z,,_T,,2018,,3.3333001,,A,,1,,0,
DATAFLOW,OECD.STI.PIE:DSD_PATENTS@DF_PATENTS_OECDSPECIFIC(1.0),,I,6F0,,A,,GR,,PATN,,PRIORITY,,CYP,,_Z,,INVENTOR,,_Z,,_Z,,_T,,2018,,2.2857001,,A,,1,,0,
DATAFLOW,OECD.STI.PIE:DSD_PATENTS@DF_PATENTS_OECDSPECIFIC(1.0),,I,6F0,,A,,GR,,PATN,,PRIORITY,,KOR,,_Z,,INVENTOR,,_Z,,_Z,,_T,,2018,,4711.4214,,A,,1,,0,
DATAFLOW,OECD.STI.PIE:DSD_PATENTS@DF_PATENTS_OECDSPECIFIC(1.0),,I,6F0,,A,,GR,,PATN,,PRIORITY,,ARE,,_Z,,INVENTOR,,_Z,,_Z,,_T,,2018,,17.0833,,A,,1,,0,
DATAFLOW,OECD.STI.PIE:DSD_PATENTS@DF_PATENTS_OECDSPECIFIC(1.0),,I,6F0,,A,,GR,,PATN,,PRIORITY,,ISR,,_Z,,INVENTOR,,_Z,,_Z,,_T,,2018,,648.47638,,A,,1,,0,
DATAFLOW,OECD.STI.PIE:DSD_PATENTS@DF_PATENTS_OECDSPECIFIC(1.0),,I,6F0,,A,,GR,,PATN,,PRIORITY,,IDN,,_Z,,INVENTOR,,_Z,,_Z,,_T,,2018,,0.5,,A,,1,,0,
DATAFLOW,OECD.STI.PIE:DSD_PATENTS@DF_PATENTS_OECDSPECIFIC(1.0),,I,6F0,,A,,GR,,PATN,,PRIORITY,,AND,,_Z,,INVENTOR,,_Z,,_Z,,_T,,2018,,0.2,,A,,1,,0,
DATAFLOW,OECD.STI.PIE:DSD_PATENTS@DF_PATENTS_OECDSPECIFIC(1.0),,I,6F0,,A,,GR,,PATN,,PRIORITY,,SWE,,_Z,,INVENTOR,,_Z,,_Z,,_T,,2018,,1887.1575,,A,,1,,0,
DATAFLOW,OECD.STI.PIE:DSD_PATENTS@DF_PATENTS_OECDSPECIFIC(1.0),,I,6F0,,A,,GR,,PATN,,PRIORITY,,PER,,_Z,,INVENTOR,,_Z,,_Z,,_T,,2018,,2.25,,A,,1,,0,
DATAFLOW,OECD.STI.PIE:DSD_PATENTS@DF_PATENTS_OECDSPECIFIC(1.0),,I,6F0,,A,,GR,,PATN,,PRIORITY,,HKG,,_Z,,INVENTOR,,_Z,,_Z,,_T,,2018,,105.7631,,A,,1,,0,
DATAFLOW,OECD.STI.PIE:DSD_PATENTS@DF_PATENTS_OECDSPECIFIC(1.0),,I,6F0,,A,,GR,,PATN,,PRIORITY,,LTU,,_Z,,INVENTOR,,_Z,,_Z,,_T,,2018,,21.5833,,A,,1,,0,
DATAFLOW,OECD.STI.PIE:DSD_PATENTS@DF_PATENTS_OECDSPECIFIC(1.0),,I,6F0,,A,,GR,,PATN,,PRIORITY,,LTU,,_Z,,INVENTOR,,_Z,,_Z,,_T,,2019,,17.5,,A,,1,,0,
DATAFLOW,OECD.STI.PIE:DSD_PATENTS@DF_PATENTS_OECDSPECIFIC(1.0),,I,6F0,,A,,GR,,PATN,,PRIORITY,,HKG,,_Z,,INVENTOR,,_Z,,_Z,,_T,,2019,,90.428596,,A,,1,,0,
DATAFLOW,OECD.STI.PIE:DSD_PATENTS@DF_PATENTS_OECDSPECIFIC(1.0),,I,6F0,,A,,GR,,PATN,,PRIORITY,,IRN,,_Z,,INVENTOR,,_Z,,_Z,,_T,,2019,,3.6666999,,A,,1,,0,
DATAFLOW,OECD.STI.PIE:DSD_PATENTS@DF_PATENTS_OECDSPECIFIC(1.0),,I,6F0,,A,,GR,,PATN,,PRIORITY,,SWE,,_Z,,INVENTOR,,_Z,,_Z,,_T,,2019,,1562.1526,,A,,1,,0,
DATAFLOW,OECD.STI.PIE:DSD_PATENTS@DF_PATENTS_OECDSPECIFIC(1.0),,I,6F0,,A,,GR,,PATN,,PRIORITY,,AND,,_Z,,INVENTOR,,_Z,,_Z,,_T,,2019,,0.75,,A,,1,,0,
DATAFLOW,OECD.STI.PIE:DSD_PATENTS@DF_PATENTS_OECDSPECIFIC(1.0),,I,6F0,,A,,GR,,PATN,,PRIORITY,,IDN,,_Z,,INVENTOR,,_Z,,_Z,,_T,,2019,,1.2,,A,,1,,0,
DATAFLOW,OECD.STI.PIE:DSD_PATENTS@DF_PATENTS_OECDSPECIFIC(1.0),,I,6F0,,A,,GR,,PATN,,PRIORITY,,ISR,,_Z,,INVENTOR,,_Z,,_Z,,_T,,2019,,516.5401,,A,,1,,0,
DATAFLOW,OECD.STI.PIE:DSD_PATENTS@DF_PATENTS_OECDSPECIFIC(1.0),,I,6F0,,A,,GR,,PATN,,PRIORITY,,ARE,,_Z,,INVENTOR,,_Z,,_Z,,_T,,2019,,18.025,,A,,1,,0,
DATAFLOW,OECD.STI.PIE:DSD_PATENTS@DF_PATENTS_OECDSPECIFIC(1.0),,I,6F0,,A,,GR,,PATN,,PRIORITY,,KOR,,_Z,,INVENTOR,,_Z,,_Z,,_T,,2019,,3895.9365,,A,,1,,0,
DATAFLOW,OECD.STI.PIE:DSD_PATENTS@DF_PATENTS_OECDSPECIFIC(1.0),,I,6F0,,A,,GR,,PATN,,PRIORITY,,CYP,,_Z,,INVENTOR,,_Z,,_Z,,_T,,2019,,5.5451999,,A,,1,,0,
DATAFLOW,OECD.STI.PIE:DSD_PATENTS@DF_PATENTS_OECDSPECIFIC(1.0),,I,6F0,,A,,GR,,PATN,,PRIORITY,,LVA,,_Z,,INVENTOR,,_Z,,_Z,,_T,,2019,,15.3833,,A,,1,,0,
DATAFLOW,OECD.STI.PIE:DSD_PATENTS@DF_PATENTS_OECDSPECIFIC(1.0),,I,6F0,,A,,GR,,PATN,,PRIORITY,,THA,,_Z,,INVENTOR,,_Z,,_Z,,_T,,2019,,19.234501,,A,,1,,0,
DATAFLOW,OECD.STI.PIE:DSD_PATENTS@DF_PATENTS_OECDSPECIFIC(1.0),,I,6F0,,A,,GR,,PATN,,PRIORITY,,EGY,,_Z,,INVENTOR,,_Z,,_Z,,_T,,2019,,6.7094998,,A,,1,,0,
DATAFLOW,OECD.STI.PIE:DSD_PATENTS@DF_PATENTS_OECDSPECIFIC(1.0),,I,6F0,,A,,GR,,PATN,,PRIORITY,,SAU,,_Z,,INVENTOR,,_Z,,_Z,,_T,,2019,,69.726196,,A,,1,,0,
DATAFLOW,OECD.STI.PIE:DSD_PATENTS@DF_PATENTS_OECDSPECIFIC(1.0),,I,6F0,,A,,GR,,PATN,,PRIORITY,,JPN,,_Z,,INVENTOR,,_Z,,_Z,,_T,,2019,,7891.9004,,A,,1,,0,
DATAFLOW,OECD.STI.PIE:DSD_PATENTS@DF_PATENTS_OECDSPECIFIC(1.0),,I,6F0,,A,,GR,,PATN,,PRIORITY,,TUN,,_Z,,INVENTOR,,_Z,,_Z,,_T,,2019,,4.8333001,,A,,1,,0,
DATAFLOW,OECD.STI.PIE:DSD_PATENTS@DF_PATENTS_OECDSPECIFIC(1.0),,I,6F0,,A,,GR,,PATN,,PRIORITY,,MNG,,_Z,,INVENTOR,,_Z,,_Z,,_T,,2019,,0.1429,,A,,1,,0,
DATAFLOW,OECD.STI.PIE:DSD_PATENTS@DF_PATENTS_OECDSPECIFIC(1.0),,I,6F0,,A,,GR,,PATN,,PRIORITY,,ECU,,_Z,,INVENTOR,,_Z,,_Z,,_T,,2019,,0.30950001,,A,,1,,0,
DATAFLOW,OECD.STI.PIE:DSD_PATENTS@DF_PATENTS_OECDSPECIFIC(1.0),,I,6F0,,A,,GR,,PATN,,PRIORITY,,ARG,,_Z,,INVENTOR,,_Z,,_Z,,_T,,2019,,11.75,,A,,1,,0,
DATAFLOW,OECD.STI.PIE:DSD_PATENTS@DF_PATENTS_OECDSPECIFIC(1.0),,I,6F0,,A,,GR,,PATN,,PRIORITY,,LUX,,_Z,,INVENTOR,,_Z,,_Z,,_T,,2019,,58.900799,,A,,1,,0,
DATAFLOW,OECD.STI.PIE:DSD_PATENTS@DF_PATENTS_OECDSPECIFIC(1.0),,I,6F0,,A,,GR,,PATN,,PRIORITY,,BLR,,_Z,,INVENTOR,,_Z,,_Z,,_T,,2019,,17.1429,,A,,1,,0,
DATAFLOW,OECD.STI.PIE:DSD_PATENTS@DF_PATENTS_OECDSPECIFIC(1.0),,I,6F0,,A,,GR,,PATN,,PRIORITY,,BRA,,_Z,,INVENTOR,,_Z,,_Z,,_T,,2019,,102.7826,,A,,1,,0,
DATAFLOW,OECD.STI.PIE:DSD_PATENTS@DF_PATENTS_OECDSPECIFIC(1.0),,I,6F0,,A,,GR,,PATN,,PRIORITY,,ITA,,_Z,,INVENTOR,,_Z,,_Z,,_T,,2019,,3169.0608,,A,,1,,0,
DATAFLOW,OECD.STI.PIE:DSD_PATENTS@DF_PATENTS_OECDSPECIFIC(1.0),,I,6F0,,A,,GR,,PATN,,PRIORITY,,FIN,,_Z,,INVENTOR,,_Z,,_Z,,_T,,2019,,631.09698,,A,,1,,0,
DATAFLOW,OECD.STI.PIE:DSD_PATENTS@DF_PATENTS_OECDSPECIFIC(1.0),,I,6F0,,A,,GR,,PATN,,PRIORITY,,DZA,,_Z,,INVENTOR,,_Z,,_Z,,_T,,2019,,0.5,,A,,1,,0,
DATAFLOW,OECD.STI.PIE:DSD_PATENTS@DF_PATENTS_OECDSPECIFIC(1.0),,I,6F0,,A,,GR,,PATN,,PRIORITY,,CAN,,_Z,,INVENTOR,,_Z,,_Z,,_T,,2019,,697.67499,,A,,1,,0,
DATAFLOW,OECD.STI.PIE:DSD_PATENTS@DF_PATENTS_OECDSPECIFIC(1.0),,I,6F0,,A,,GR,,PATN,,PRIORITY,,EU27_2020,,_Z,,INVENTOR,,_Z,,_Z,,_T,,2019,,28957.23,,A,,1,,0,
DATAFLOW,OECD.STI.PIE:DSD_PATENTS@DF_PATENTS_OECDSPECIFIC(1.0),,I,6F0,,A,,GR,,PATN,,PRIORITY,,GRC,,_Z,,INVENTOR,,_Z,,_Z,,_T,,2019,,58.069,,A,,1,,0,
DATAFLOW,OECD.STI.PIE:DSD_PATENTS@DF_PATENTS_OECDSPECIFIC(1.0),,I,6F0,,A,,GR,,PATN,,PRIORITY,,IND,,_Z,,INVENTOR,,_Z,,_Z,,_T,,2019,,623.52881,,A,,1,,0,
DATAFLOW,OECD.STI.PIE:DSD_PATENTS@DF_PATENTS_OECDSPECIFIC(1.0),,I,6F0,,A,,GR,,PATN,,PRIORITY,,LKA,,_Z,,INVENTOR,,_Z,,_Z,,_T,,2019,,9.3332996,,A,,1,,0,
DATAFLOW,OECD.STI.PIE:DSD_PATENTS@DF_PATENTS_OECDSPECIFIC(1.0),,I,6F0,,A,,GR,,PATN,,PRIORITY,,MKD,,_Z,,INVENTOR,,_Z,,_Z,,_T,,2019,,0.66670001,,A,,1,,0,
DATAFLOW,OECD.STI.PIE:DSD_PATENTS@DF_PATENTS_OECDSPECIFIC(1.0),,I,6F0,,A,,GR,,PATN,,PRIORITY,,FRA,,_Z,,INVENTOR,,_Z,,_Z,,_T,,2019,,4952.8442,,A,,1,,0,
DATAFLOW,OECD.STI.PIE:DSD_PATENTS@DF_PATENTS_OECDSPECIFIC(1.0),,I,6F0,,A,,GR,,PATN,,PRIORITY,,CHE,,_Z,,INVENTOR,,_Z,,_Z,,_T,,2019,,1786.3658,,A,,1,,0,
DATAFLOW,OECD.STI.PIE:DSD_PATENTS@DF_PATENTS_OECDSPECIFIC(1.0),,I,6F0,,A,,GR,,PATN,,PRIORITY,,POL,,_Z,,INVENTOR,,_Z,,_Z,,_T,,2019,,288.38889,,A,,1,,0,
DATAFLOW,OECD.STI.PIE:DSD_PATENTS@DF_PATENTS_OECDSPECIFIC(1.0),,I,6F0,,A,,GR,,PATN,,PRIORITY,,SVK,,_Z,,INVENTOR,,_Z,,_Z,,_T,,2019,,31.233299,,A,,1,,0,
DATAFLOW,OECD.STI.PIE:DSD_PATENTS@DF_PATENTS_OECDSPECIFIC(1.0),,I,6F0,,A,,GR,,PATN,,PRIORITY,,NOR,,_Z,,INVENTOR,,_Z,,_Z,,_T,,2019,,232.0619,,A,,1,,0,
DATAFLOW,OECD.STI.PIE:DSD_PATENTS@DF_PATENTS_OECDSPECIFIC(1.0),,I,6F0,,A,,GR,,PATN,,PRIORITY,,GBR,,_Z,,INVENTOR,,_Z,,_Z,,_T,,2019,,2459.3577,,A,,1,,0,
DATAFLOW,OECD.STI.PIE:DSD_PATENTS@DF_PATENTS_OECDSPECIFIC(1.0),,I,6F0,,A,,GR,,PATN,,PRIORITY,,CZE,,_Z,,INVENTOR,,_Z,,_Z,,_T,,2019,,141.55,,A,,1,,0,
DATAFLOW,OECD.STI.PIE:DSD_PATENTS@DF_PATENTS_OECDSPECIFIC(1.0),,I,6F0,,A,,GR,,PATN,,PRIORITY,,ISL,,_Z,,INVENTOR,,_Z,,_Z,,_T,,2019,,13.8,,A,,1,,0,
DATAFLOW,OECD.STI.PIE:DSD_PATENTS@DF_PATENTS_OECDSPECIFIC(1.0),,I,6F0,,A,,GR,,PATN,,PRIORITY,,IRL,,_Z,,INVENTOR,,_Z,,_Z,,_T,,2019,,193.7719,,A,,1,,0,
DATAFLOW,OECD.STI.PIE:DSD_PATENTS@DF_PATENTS_OECDSPECIFIC(1.0),,I,6F0,,A,,GR,,PATN,,PRIORITY,,ROU,,_Z,,INVENTOR,,_Z,,_Z,,_T,,2019,,36.6833,,A,,1,,0,
DATAFLOW,OECD.STI.PIE:DSD_PATENTS@DF_PATENTS_OECDSPECIFIC(1.0),,I,6F0,,A,,GR,,PATN,,PRIORITY,,MCO,,_Z,,INVENTOR,,_Z,,_Z,,_T,,2019,,16.676201,,A,,1,,0,
DATAFLOW,OECD.STI.PIE:DSD_PATENTS@DF_PATENTS_OECDSPECIFIC(1.0),,I,6F0,,A,,GR,,PATN,,PRIORITY,,OECD,,_Z,,INVENTOR,,_Z,,_Z,,_T,,2019,,59851.449,,A,,1,,0,
DATAFLOW,OECD.STI.PIE:DSD_PATENTS@DF_PATENTS_OECDSPECIFIC(1.0),,I,6F0,,A,,GR,,PATN,,PRIORITY,,MLT,,_Z,,INVENTOR,,_Z,,_Z,,_T,,2019,,5.5,,A,,1,,0,
DATAFLOW,OECD.STI.PIE:DSD_PATENTS@DF_PATENTS_OECDSPECIFIC(1.0),,I,6F0,,A,,GR,,PATN,,PRIORITY,,UKR,,_Z,,INVENTOR,,_Z,,_Z,,_T,,2019,,11.7262,,A,,1,,0,
DATAFLOW,OECD.STI.PIE:DSD_PATENTS@DF_PATENTS_OECDSPECIFIC(1.0),,I,6F0,,A,,GR,,PATN,,PRIORITY,,DNK,,_Z,,INVENTOR,,_Z,,_Z,,_T,,2019,,666.078,,A,,1,,0,
DATAFLOW,OECD.STI.PIE:DSD_PATENTS@DF_PATENTS_OECDSPECIFIC(1.0),,I,6F0,,A,,GR,,PATN,,PRIORITY,,ARM,,_Z,,INVENTOR,,_Z,,_Z,,_T,,2019,,2.8333001,,A,,1,,0,
DATAFLOW,OECD.STI.PIE:DSD_PATENTS@DF_PATENTS_OECDSPECIFIC(1.0),,I,6F0,,A,,GR,,PATN,,PRIORITY,,RUS,,_Z,,INVENTOR,,_Z,,_Z,,_T,,2019,,103.1289,,A,,1,,0,
DATAFLOW,OECD.STI.PIE:DSD_PATENTS@DF_PATENTS_OECDSPECIFIC(1.0),,I,6F0,,A,,GR,,PATN,,PRIORITY,,TUR,,_Z,,INVENTOR,,_Z,,_Z,,_T,,2019,,258.0466,,A,,1,,0,
DATAFLOW,OECD.STI.PIE:DSD_PATENTS@DF_PATENTS_OECDSPECIFIC(1.0),,I,6F0,,A,,GR,,PATN,,PRIORITY,,CHL,,_Z,,INVENTOR,,_Z,,_Z,,_T,,2019,,6.9166999,,A,,1,,0,
DATAFLOW,OECD.STI.PIE:DSD_PATENTS@DF_PATENTS_OECDSPECIFIC(1.0),,I,6F0,,A,,GR,,PATN,,PRIORITY,,HRV,,_Z,,INVENTOR,,_Z,,_Z,,_T,,2019,,20.378599,,A,,1,,0,
DATAFLOW,OECD.STI.PIE:DSD_PATENTS@DF_PATENTS_OECDSPECIFIC(1.0),,I,6F0,,A,,GR,,PATN,,PRIORITY,,MYS,,_Z,,INVENTOR,,_Z,,_Z,,_T,,2019,,23.299999,,A,,1,,0,
DATAFLOW,OECD.STI.PIE:DSD_PATENTS@DF_PATENTS_OECDSPECIFIC(1.0),,I,6F0,,A,,GR,,PATN,,PRIORITY,,MEX,,_Z,,INVENTOR,,_Z,,_Z,,_T,,2019,,25.6381,,A,,1,,0,
DATAFLOW,OECD.STI.PIE:DSD_PATENTS@DF_PATENTS_OECDSPECIFIC(1.0),,I,6F0,,A,,GR,,PATN,,PRIORITY,,ESP,,_Z,,INVENTOR,,_Z,,_Z,,_T,,2019,,816.40009,,A,,1,,0,
DATAFLOW,OECD.STI.PIE:DSD_PATENTS@DF_PATENTS_OECDSPECIFIC(1.0),,I,6F0,,A,,GR,,PATN,,PRIORITY,,URY,,_Z,,INVENTOR,,_Z,,_Z,,_T,,2019,,3.6429,,A,,1,,0,
DATAFLOW,OECD.STI.PIE:DSD_PATENTS@DF_PATENTS_OECDSPECIFIC(1.0),,I,6F0,,A,,GR,,PATN,,PRIORITY,,EST,,_Z,,INVENTOR,,_Z,,_Z,,_T,,2019,,21.5,,A,,1,,0,
DATAFLOW,OECD.STI.PIE:DSD_PATENTS@DF_PATENTS_OECDSPECIFIC(1.0),,I,6F0,,A,,GR,,PATN,,PRIORITY,,COL,,_Z,,INVENTOR,,_Z,,_Z,,_T,,2019,,3.6443999,,A,,1,,0,
DATAFLOW,OECD.STI.PIE:DSD_PATENTS@DF_PATENTS_OECDSPECIFIC(1.0),,I,6F0,,A,,GR,,PATN,,PRIORITY,,MAR,,_Z,,INVENTOR,,_Z,,_Z,,_T,,2019,,4.8333001,,A,,1,,0,
DATAFLOW,OECD.STI.PIE:DSD_PATENTS@DF_PATENTS_OECDSPECIFIC(1.0),,I,6F0,,A,,GR,,PATN,,PRIORITY,,SGP,,_Z,,INVENTOR,,_Z,,_Z,,_T,,2019,,115.7242,,A,,1,,0,
DATAFLOW,OECD.STI.PIE:DSD_PATENTS@DF_PATENTS_OECDSPECIFIC(1.0),,I,6F0,,A,,GR,,PATN,,PRIORITY,,AUS,,_Z,,INVENTOR,,_Z,,_Z,,_T,,2019,,226.8493,,A,,1,,0,
DATAFLOW,OECD.STI.PIE:DSD_PATENTS@DF_PATENTS_OECDSPECIFIC(1.0),,I,6F0,,A,,GR,,PATN,,PRIORITY,,CRI,,_Z,,INVENTOR,,_Z,,_Z,,_T,,2019,,5.4721999,,A,,1,,0,
DATAFLOW,OECD.STI.PIE:DSD_PATENTS@DF_PATENTS_OECDSPECIFIC(1.0),,I,6F0,,A,,GR,,PATN,,PRIORITY,,USA,,_Z,,INVENTOR,,_Z,,_Z,,_T,,2019,,12918.748,,A,,1,,0,
DATAFLOW,OECD.STI.PIE:DSD_PATENTS@DF_PATENTS_OECDSPECIFIC(1.0),,I,6F0,,A,,GR,,PATN,,PRIORITY,,PRT,,_Z,,INVENTOR,,_Z,,_Z,,_T,,2019,,106.1111,,A,,1,,0,
DATAFLOW,OECD.STI.PIE:DSD_PATENTS@DF_PATENTS_OECDSPECIFIC(1.0),,I,6F0,,A,,GR,,PATN,,PRIORITY,,BGR,,_Z,,INVENTOR,,_Z,,_Z,,_T,,2019,,24.2929,,A,,1,,0,
DATAFLOW,OECD.STI.PIE:DSD_PATENTS@DF_PATENTS_OECDSPECIFIC(1.0),,I,6F0,,A,,GR,,PATN,,PRIORITY,,LIE,,_Z,,INVENTOR,,_Z,,_Z,,_T,,2019,,12.3167,,A,,1,,0,
DATAFLOW,OECD.STI.PIE:DSD_PATENTS@DF_PATENTS_OECDSPECIFIC(1.0),,I,6F0,,A,,GR,,PATN,,PRIORITY,,BEL,,_Z,,INVENTOR,,_Z,,_Z,,_T,,2019,,739.15619,,A,,1,,0,
DATAFLOW,OECD.STI.PIE:DSD_PATENTS@DF_PATENTS_OECDSPECIFIC(1.0),,I,6F0,,A,,GR,,PATN,,PRIORITY,,PRK,,_Z,,INVENTOR,,_Z,,_Z,,_T,,2019,,1.625,,A,,1,,0,
DATAFLOW,OECD.STI.PIE:DSD_PATENTS@DF_PATENTS_OECDSPECIFIC(1.0),,I,6F0,,A,,GR,,PATN,,PRIORITY,,SVN,,_Z,,INVENTOR,,_Z,,_Z,,_T,,2019,,96.7024,,A,,1,,0,
DATAFLOW,OECD.STI.PIE:DSD_PATENTS@DF_PATENTS_OECDSPECIFIC(1.0),,I,6F0,,A,,GR,,PATN,,PRIORITY,,LBN,,_Z,,INVENTOR,,_Z,,_Z,,_T,,2019,,1.6667,,A,,1,,0,
DATAFLOW,OECD.STI.PIE:DSD_PATENTS@DF_PATENTS_OECDSPECIFIC(1.0),,I,6F0,,A,,GR,,PATN,,PRIORITY,,DEU,,_Z,,INVENTOR,,_Z,,_Z,,_T,,2019,,12255.078,,A,,1,,0,
DATAFLOW,OECD.STI.PIE:DSD_PATENTS@DF_PATENTS_OECDSPECIFIC(1.0),,I,6F0,,A,,GR,,PATN,,PRIORITY,,HUN,,_Z,,INVENTOR,,_Z,,_Z,,_T,,2019,,112.8442,,A,,1,,0,
DATAFLOW,OECD.STI.PIE:DSD_PATENTS@DF_PATENTS_OECDSPECIFIC(1.0),,I,6F0,,A,,GR,,PATN,,PRIORITY,,NLD,,_Z,,INVENTOR,,_Z,,_Z,,_T,,2019,,1671.7889,,A,,1,,0,
DATAFLOW,OECD.STI.PIE:DSD_PATENTS@DF_PATENTS_OECDSPECIFIC(1.0),,I,6F0,,A,,GR,,PATN,,PRIORITY,,W,,_Z,,INVENTOR,,_Z,,_Z,,_T,,2019,,68906,,A,,1,,0,
DATAFLOW,OECD.STI.PIE:DSD_PATENTS@DF_PATENTS_OECDSPECIFIC(1.0),,I,6F0,,A,,GR,,PATN,,PRIORITY,,TWN,,_Z,,INVENTOR,,_Z,,_Z,,_T,,2019,,796.19397,,A,,1,,0,
DATAFLOW,OECD.STI.PIE:DSD_PATENTS@DF_PATENTS_OECDSPECIFIC(1.0),,I,6F0,,A,,GR,,PATN,,PRIORITY,,NZL,,_Z,,INVENTOR,,_Z,,_Z,,_T,,2019,,47.6679,,A,,1,,0,
DATAFLOW,OECD.STI.PIE:DSD_PATENTS@DF_PATENTS_OECDSPECIFIC(1.0),,I,6F0,,A,,GR,,PATN,,PRIORITY,,ZAF,,_Z,,INVENTOR,,_Z,,_Z,,_T,,2019,,34.916698,,A,,1,,0,
DATAFLOW,OECD.STI.PIE:DSD_PATENTS@DF_PATENTS_OECDSPECIFIC(1.0),,I,6F0,,A,,GR,,PATN,,PRIORITY,,PRI,,_Z,,INVENTOR,,_Z,,_Z,,_T,,2019,,3.2742,,A,,1,,0,
DATAFLOW,OECD.STI.PIE:DSD_PATENTS@DF_PATENTS_OECDSPECIFIC(1.0),,I,6F0,,A,,GR,,PATN,,PRIORITY,,AUT,,_Z,,INVENTOR,,_Z,,_Z,,_T,,2019,,1259.2194,,A,,1,,0,
DATAFLOW,OECD.STI.PIE:DSD_PATENTS@DF_PATENTS_OECDSPECIFIC(1.0),,I,6F0,,A,,GR,,PATN,,PRIORITY,,CHN,,_Z,,INVENTOR,,_Z,,_Z,,_T,,2019,,6709.6226,,A,,1,,0,
DATAFLOW,OECD.STI.PIE:DSD_PATENTS@DF_PATENTS_OECDSPECIFIC(1.0),,I,6F0,,A,,GR,,PATN,,PRIORITY,,CHN,,_Z,,INVENTOR,,_Z,,_Z,,_T,,2020,,4478.6792,,A,,1,,0,
DATAFLOW,OECD.STI.PIE:DSD_PATENTS@DF_PATENTS_OECDSPECIFIC(1.0),,I,6F0,,A,,GR,,PATN,,PRIORITY,,AUT,,_Z,,INVENTOR,,_Z,,_Z,,_T,,2020,,955.25281,,A,,1,,0,
DATAFLOW,OECD.STI.PIE:DSD_PATENTS@DF_PATENTS_OECDSPECIFIC(1.0),,I,6F0,,A,,GR,,PATN,,PRIORITY,,PRI,,_Z,,INVENTOR,,_Z,,_Z,,_T,,2020,,2.7667,,A,,1,,0,
DATAFLOW,OECD.STI.PIE:DSD_PATENTS@DF_PATENTS_OECDSPECIFIC(1.0),,I,6F0,,A,,GR,,PATN,,PRIORITY,,ZAF,,_Z,,INVENTOR,,_Z,,_Z,,_T,,2020,,31.15,,A,,1,,0,
DATAFLOW,OECD.STI.PIE:DSD_PATENTS@DF_PATENTS_OECDSPECIFIC(1.0),,I,6F0,,A,,GR,,PATN,,PRIORITY,,NZL,,_Z,,INVENTOR,,_Z,,_Z,,_T,,2020,,16.2167,,A,,1,,0,
DATAFLOW,OECD.STI.PIE:DSD_PATENTS@DF_PATENTS_OECDSPECIFIC(1.0),,I,6F0,,A,,GR,,PATN,,PRIORITY,,TWN,,_Z,,INVENTOR,,_Z,,_Z,,_T,,2020,,571.85571,,A,,1,,0,
DATAFLOW,OECD.STI.PIE:DSD_PATENTS@DF_PATENTS_OECDSPECIFIC(1.0),,I,6F0,,A,,GR,,PATN,,PRIORITY,,W,,_Z,,INVENTOR,,_Z,,_Z,,_T,,2020,,46788,,A,,1,,0,
DATAFLOW,OECD.STI.PIE:DSD_PATENTS@DF_PATENTS_OECDSPECIFIC(1.0),,I,6F0,,A,,GR,,PATN,,PRIORITY,,NLD,,_Z,,INVENTOR,,_Z,,_Z,,_T,,2020,,1302.1088,,A,,1,,0,
DATAFLOW,OECD.STI.PIE:DSD_PATENTS@DF_PATENTS_OECDSPECIFIC(1.0),,I,6F0,,A,,GR,,PATN,,PRIORITY,,HUN,,_Z,,INVENTOR,,_Z,,_Z,,_T,,2020,,67.552399,,A,,1,,0,
DATAFLOW,OECD.STI.PIE:DSD_PATENTS@DF_PATENTS_OECDSPECIFIC(1.0),,I,6F0,,A,,GR,,PATN,,PRIORITY,,DEU,,_Z,,INVENTOR,,_Z,,_Z,,_T,,2020,,9038.6436,,A,,1,,0,
DATAFLOW,OECD.STI.PIE:DSD_PATENTS@DF_PATENTS_OECDSPECIFIC(1.0),,I,6F0,,A,,GR,,PATN,,PRIORITY,,LBN,,_Z,,INVENTOR,,_Z,,_Z,,_T,,2020,,2.1524,,A,,1,,0,
DATAFLOW,OECD.STI.PIE:DSD_PATENTS@DF_PATENTS_OECDSPECIFIC(1.0),,I,6F0,,A,,GR,,PATN,,PRIORITY,,SVN,,_Z,,INVENTOR,,_Z,,_Z,,_T,,2020,,69.933296,,A,,1,,0,
DATAFLOW,OECD.STI.PIE:DSD_PATENTS@DF_PATENTS_OECDSPECIFIC(1.0),,I,6F0,,A,,GR,,PATN,,PRIORITY,,PRK,,_Z,,INVENTOR,,_Z,,_Z,,_T,,2020,,2.4583001,,A,,1,,0,
DATAFLOW,OECD.STI.PIE:DSD_PATENTS@DF_PATENTS_OECDSPECIFIC(1.0),,I,6F0,,A,,GR,,PATN,,PRIORITY,,BEL,,_Z,,INVENTOR,,_Z,,_Z,,_T,,2020,,634.00238,,A,,1,,0,
DATAFLOW,OECD.STI.PIE:DSD_PATENTS@DF_PATENTS_OECDSPECIFIC(1.0),,I,6F0,,A,,GR,,PATN,,PRIORITY,,LIE,,_Z,,INVENTOR,,_Z,,_Z,,_T,,2020,,14.3012,,A,,1,,0,
DATAFLOW,OECD.STI.PIE:DSD_PATENTS@DF_PATENTS_OECDSPECIFIC(1.0),,I,6F0,,A,,GR,,PATN,,PRIORITY,,BGR,,_Z,,INVENTOR,,_Z,,_Z,,_T,,2020,,21.799999,,A,,1,,0,
DATAFLOW,OECD.STI.PIE:DSD_PATENTS@DF_PATENTS_OECDSPECIFIC(1.0),,I,6F0,,A,,GR,,PATN,,PRIORITY,,PRT,,_Z,,INVENTOR,,_Z,,_Z,,_T,,2020,,67.011101,,A,,1,,0,
DATAFLOW,OECD.STI.PIE:DSD_PATENTS@DF_PATENTS_OECDSPECIFIC(1.0),,I,6F0,,A,,GR,,PATN,,PRIORITY,,USA,,_Z,,INVENTOR,,_Z,,_Z,,_T,,2020,,7813.6846,,A,,1,,0,
DATAFLOW,OECD.STI.PIE:DSD_PATENTS@DF_PATENTS_OECDSPECIFIC(1.0),,I,6F0,,A,,GR,,PATN,,PRIORITY,,CRI,,_Z,,INVENTOR,,_Z,,_Z,,_T,,2020,,2.3333001,,A,,1,,0,
DATAFLOW,OECD.STI.PIE:DSD_PATENTS@DF_PATENTS_OECDSPECIFIC(1.0),,I,6F0,,A,,GR,,PATN,,PRIORITY,,AUS,,_Z,,INVENTOR,,_Z,,_Z,,_T,,2020,,103.7719,,A,,1,,0,
DATAFLOW,OECD.STI.PIE:DSD_PATENTS@DF_PATENTS_OECDSPECIFIC(1.0),,I,6F0,,A,,GR,,PATN,,PRIORITY,,SGP,,_Z,,INVENTOR,,_Z,,_Z,,_T,,2020,,77.076599,,A,,1,,0,
DATAFLOW,OECD.STI.PIE:DSD_PATENTS@DF_PATENTS_OECDSPECIFIC(1.0),,I,6F0,,A,,GR,,PATN,,PRIORITY,,MAR,,_Z,,INVENTOR,,_Z,,_Z,,_T,,2020,,6.5833001,,A,,1,,0,
DATAFLOW,OECD.STI.PIE:DSD_PATENTS@DF_PATENTS_OECDSPECIFIC(1.0),,I,6F0,,A,,GR,,PATN,,PRIORITY,,COL,,_Z,,INVENTOR,,_Z,,_Z,,_T,,2020,,2.1944001,,A,,1,,0,
DATAFLOW,OECD.STI.PIE:DSD_PATENTS@DF_PATENTS_OECDSPECIFIC(1.0),,I,6F0,,A,,GR,,PATN,,PRIORITY,,EST,,_Z,,INVENTOR,,_Z,,_Z,,_T,,2020,,21.0417,,A,,1,,0,
DATAFLOW,OECD.STI.PIE:DSD_PATENTS@DF_PATENTS_OECDSPECIFIC(1.0),,I,6F0,,A,,GR,,PATN,,PRIORITY,,URY,,_Z,,INVENTOR,,_Z,,_Z,,_T,,2020,,0.69999999,,A,,1,,0,
DATAFLOW,OECD.STI.PIE:DSD_PATENTS@DF_PATENTS_OECDSPECIFIC(1.0),,I,6F0,,A,,GR,,PATN,,PRIORITY,,ESP,,_Z,,INVENTOR,,_Z,,_Z,,_T,,2020,,604.61987,,A,,1,,0,
DATAFLOW,OECD.STI.PIE:DSD_PATENTS@DF_PATENTS_OECDSPECIFIC(1.0),,I,6F0,,A,,GR,,PATN,,PRIORITY,,MEX,,_Z,,INVENTOR,,_Z,,_Z,,_T,,2020,,14.0298,,A,,1,,0,
DATAFLOW,OECD.STI.PIE:DSD_PATENTS@DF_PATENTS_OECDSPECIFIC(1.0),,I,6F0,,A,,GR,,PATN,,PRIORITY,,MYS,,_Z,,INVENTOR,,_Z,,_Z,,_T,,2020,,16.3111,,A,,1,,0,
DATAFLOW,OECD.STI.PIE:DSD_PATENTS@DF_PATENTS_OECDSPECIFIC(1.0),,I,6F0,,A,,GR,,PATN,,PRIORITY,,HRV,,_Z,,INVENTOR,,_Z,,_Z,,_T,,2020,,8.5,,A,,1,,0,
DATAFLOW,OECD.STI.PIE:DSD_PATENTS@DF_PATENTS_OECDSPECIFIC(1.0),,I,6F0,,A,,GR,,PATN,,PRIORITY,,VEN,,_Z,,INVENTOR,,_Z,,_Z,,_T,,2020,,1.3333,,A,,1,,0,
DATAFLOW,OECD.STI.PIE:DSD_PATENTS@DF_PATENTS_OECDSPECIFIC(1.0),,I,6F0,,A,,GR,,PATN,,PRIORITY,,CHL,,_Z,,INVENTOR,,_Z,,_Z,,_T,,2020,,4.6999998,,A,,1,,0,
DATAFLOW,OECD.STI.PIE:DSD_PATENTS@DF_PATENTS_OECDSPECIFIC(1.0),,I,6F0,,A,,GR,,PATN,,PRIORITY,,TUR,,_Z,,INVENTOR,,_Z,,_Z,,_T,,2020,,142.02499,,A,,1,,0,
DATAFLOW,OECD.STI.PIE:DSD_PATENTS@DF_PATENTS_OECDSPECIFIC(1.0),,I,6F0,,A,,GR,,PATN,,PRIORITY,,RUS,,_Z,,INVENTOR,,_Z,,_Z,,_T,,2020,,54.107899,,A,,1,,0,
DATAFLOW,OECD.STI.PIE:DSD_PATENTS@DF_PATENTS_OECDSPECIFIC(1.0),,I,6F0,,A,,GR,,PATN,,PRIORITY,,ARM,,_Z,,INVENTOR,,_Z,,_Z,,_T,,2020,,2.9056001,,A,,1,,0,
DATAFLOW,OECD.STI.PIE:DSD_PATENTS@DF_PATENTS_OECDSPECIFIC(1.0),,I,6F0,,A,,GR,,PATN,,PRIORITY,,DNK,,_Z,,INVENTOR,,_Z,,_Z,,_T,,2020,,551.95081,,A,,1,,0,
DATAFLOW,OECD.STI.PIE:DSD_PATENTS@DF_PATENTS_OECDSPECIFIC(1.0),,I,6F0,,A,,GR,,PATN,,PRIORITY,,UKR,,_Z,,INVENTOR,,_Z,,_Z,,_T,,2020,,9.0964003,,A,,1,,0,
DATAFLOW,OECD.STI.PIE:DSD_PATENTS@DF_PATENTS_OECDSPECIFIC(1.0),,I,6F0,,A,,GR,,PATN,,PRIORITY,,OECD,,_Z,,INVENTOR,,_Z,,_Z,,_T,,2020,,40593.43,,A,,1,,0,
DATAFLOW,OECD.STI.PIE:DSD_PATENTS@DF_PATENTS_OECDSPECIFIC(1.0),,I,6F0,,A,,GR,,PATN,,PRIORITY,,PHL,,_Z,,INVENTOR,,_Z,,_Z,,_T,,2020,,4.5,,A,,1,,0,
DATAFLOW,OECD.STI.PIE:DSD_PATENTS@DF_PATENTS_OECDSPECIFIC(1.0),,I,6F0,,A,,GR,,PATN,,PRIORITY,,MCO,,_Z,,INVENTOR,,_Z,,_Z,,_T,,2020,,9.4167004,,A,,1,,0,
DATAFLOW,OECD.STI.PIE:DSD_PATENTS@DF_PATENTS_OECDSPECIFIC(1.0),,I,6F0,,A,,GR,,PATN,,PRIORITY,,ROU,,_Z,,INVENTOR,,_Z,,_Z,,_T,,2020,,32.049999,,A,,1,,0,
DATAFLOW,OECD.STI.PIE:DSD_PATENTS@DF_PATENTS_OECDSPECIFIC(1.0),,I,6F0,,A,,GR,,PATN,,PRIORITY,,BIH,,_Z,,INVENTOR,,_Z,,_Z,,_T,,2020,,0.83329999,,A,,1,,0,
DATAFLOW,OECD.STI.PIE:DSD_PATENTS@DF_PATENTS_OECDSPECIFIC(1.0),,I,6F0,,A,,GR,,PATN,,PRIORITY,,IRL,,_Z,,INVENTOR,,_Z,,_Z,,_T,,2020,,172.2119,,A,,1,,0,
DATAFLOW,OECD.STI.PIE:DSD_PATENTS@DF_PATENTS_OECDSPECIFIC(1.0),,I,6F0,,A,,GR,,PATN,,PRIORITY,,ISL,,_Z,,INVENTOR,,_Z,,_Z,,_T,,2020,,2.6666999,,A,,1,,0,
DATAFLOW,OECD.STI.PIE:DSD_PATENTS@DF_PATENTS_OECDSPECIFIC(1.0),,I,6F0,,A,,GR,,PATN,,PRIORITY,,CZE,,_Z,,INVENTOR,,_Z,,_Z,,_T,,2020,,113.3396,,A,,1,,0,
DATAFLOW,OECD.STI.PIE:DSD_PATENTS@DF_PATENTS_OECDSPECIFIC(1.0),,I,6F0,,A,,GR,,PATN,,PRIORITY,,GBR,,_Z,,INVENTOR,,_Z,,_Z,,_T,,2020,,1467.1317,,A,,1,,0,
DATAFLOW,OECD.STI.PIE:DSD_PATENTS@DF_PATENTS_OECDSPECIFIC(1.0),,I,6F0,,A,,GR,,PATN,,PRIORITY,,NOR,,_Z,,INVENTOR,,_Z,,_Z,,_T,,2020,,158.1667,,A,,1,,0,
DATAFLOW,OECD.STI.PIE:DSD_PATENTS@DF_PATENTS_OECDSPECIFIC(1.0),,I,6F0,,A,,GR,,PATN,,PRIORITY,,SVK,,_Z,,INVENTOR,,_Z,,_Z,,_T,,2020,,38.0933,,A,,1,,0,
DATAFLOW,OECD.STI.PIE:DSD_PATENTS@DF_PATENTS_OECDSPECIFIC(1.0),,I,6F0,,A,,GR,,PATN,,PRIORITY,,POL,,_Z,,INVENTOR,,_Z,,_Z,,_T,,2020,,271.18771,,A,,1,,0,
DATAFLOW,OECD.STI.PIE:DSD_PATENTS@DF_PATENTS_OECDSPECIFIC(1.0),,I,6F0,,A,,GR,,PATN,,PRIORITY,,CHE,,_Z,,INVENTOR,,_Z,,_Z,,_T,,2020,,1333.894,,A,,1,,0,
DATAFLOW,OECD.STI.PIE:DSD_PATENTS@DF_PATENTS_OECDSPECIFIC(1.0),,I,6F0,,A,,GR,,PATN,,PRIORITY,,FRA,,_Z,,INVENTOR,,_Z,,_Z,,_T,,2020,,3620.6833,,A,,1,,0,
DATAFLOW,OECD.STI.PIE:DSD_PATENTS@DF_PATENTS_OECDSPECIFIC(1.0),,I,6F0,,A,,GR,,PATN,,PRIORITY,,PAK,,_Z,,INVENTOR,,_Z,,_Z,,_T,,2020,,0.375,,A,,1,,0,
DATAFLOW,OECD.STI.PIE:DSD_PATENTS@DF_PATENTS_OECDSPECIFIC(1.0),,I,6F0,,A,,GR,,PATN,,PRIORITY,,LKA,,_Z,,INVENTOR,,_Z,,_Z,,_T,,2020,,4.25,,A,,1,,0,
DATAFLOW,OECD.STI.PIE:DSD_PATENTS@DF_PATENTS_OECDSPECIFIC(1.0),,I,6F0,,A,,GR,,PATN,,PRIORITY,,IND,,_Z,,INVENTOR,,_Z,,_Z,,_T,,2020,,511.0365,,A,,1,,0,
DATAFLOW,OECD.STI.PIE:DSD_PATENTS@DF_PATENTS_OECDSPECIFIC(1.0),,I,6F0,,A,,GR,,PATN,,PRIORITY,,MDA,,_Z,,INVENTOR,,_Z,,_Z,,_T,,2020,,1.5,,A,,1,,0,
DATAFLOW,OECD.STI.PIE:DSD_PATENTS@DF_PATENTS_OECDSPECIFIC(1.0),,I,6F0,,A,,GR,,PATN,,PRIORITY,,GRC,,_Z,,INVENTOR,,_Z,,_Z,,_T,,2020,,41.508301,,A,,1,,0,
DATAFLOW,OECD.STI.PIE:DSD_PATENTS@DF_PATENTS_OECDSPECIFIC(1.0),,I,6F0,,A,,GR,,PATN,,PRIORITY,,EU27_2020,,_Z,,INVENTOR,,_Z,,_Z,,_T,,2020,,21813.93,,A,,1,,0,
DATAFLOW,OECD.STI.PIE:DSD_PATENTS@DF_PATENTS_OECDSPECIFIC(1.0),,I,6F0,,A,,GR,,PATN,,PRIORITY,,CAN,,_Z,,INVENTOR,,_Z,,_Z,,_T,,2020,,407.18039,,A,,1,,0,
DATAFLOW,OECD.STI.PIE:DSD_PATENTS@DF_PATENTS_OECDSPECIFIC(1.0),,I,6F0,,A,,GR,,PATN,,PRIORITY,,FIN,,_Z,,INVENTOR,,_Z,,_Z,,_T,,2020,,496.31229,,A,,1,,0,
DATAFLOW,OECD.STI.PIE:DSD_PATENTS@DF_PATENTS_OECDSPECIFIC(1.0),,I,6F0,,A,,GR,,PATN,,PRIORITY,,ITA,,_Z,,INVENTOR,,_Z,,_Z,,_T,,2020,,2497.6748,,A,,1,,0,
DATAFLOW,OECD.STI.PIE:DSD_PATENTS@DF_PATENTS_OECDSPECIFIC(1.0),,I,6F0,,A,,GR,,PATN,,PRIORITY,,BRA,,_Z,,INVENTOR,,_Z,,_Z,,_T,,2020,,52.983299,,A,,1,,0,
DATAFLOW,OECD.STI.PIE:DSD_PATENTS@DF_PATENTS_OECDSPECIFIC(1.0),,I,6F0,,A,,GR,,PATN,,PRIORITY,,BLR,,_Z,,INVENTOR,,_Z,,_Z,,_T,,2020,,1.1,,A,,1,,0,
DATAFLOW,OECD.STI.PIE:DSD_PATENTS@DF_PATENTS_OECDSPECIFIC(1.0),,I,6F0,,A,,GR,,PATN,,PRIORITY,,LUX,,_Z,,INVENTOR,,_Z,,_Z,,_T,,2020,,54.940899,,A,,1,,0,
DATAFLOW,OECD.STI.PIE:DSD_PATENTS@DF_PATENTS_OECDSPECIFIC(1.0),,I,6F0,,A,,GR,,PATN,,PRIORITY,,ARG,,_Z,,INVENTOR,,_Z,,_Z,,_T,,2020,,9.5,,A,,1,,0,
DATAFLOW,OECD.STI.PIE:DSD_PATENTS@DF_PATENTS_OECDSPECIFIC(1.0),,I,6F0,,A,,GR,,PATN,,PRIORITY,,UZB,,_Z,,INVENTOR,,_Z,,_Z,,_T,,2020,,0.1111,,A,,1,,0,
DATAFLOW,OECD.STI.PIE:DSD_PATENTS@DF_PATENTS_OECDSPECIFIC(1.0),,I,6F0,,A,,GR,,PATN,,PRIORITY,,JPN,,_Z,,INVENTOR,,_Z,,_Z,,_T,,2020,,4651.1313,,A,,1,,0,
DATAFLOW,OECD.STI.PIE:DSD_PATENTS@DF_PATENTS_OECDSPECIFIC(1.0),,I,6F0,,A,,GR,,PATN,,PRIORITY,,SAU,,_Z,,INVENTOR,,_Z,,_Z,,_T,,2020,,58.6833,,A,,1,,0,
DATAFLOW,OECD.STI.PIE:DSD_PATENTS@DF_PATENTS_OECDSPECIFIC(1.0),,I,6F0,,A,,GR,,PATN,,PRIORITY,,EGY,,_Z,,INVENTOR,,_Z,,_Z,,_T,,2020,,5.4285998,,A,,1,,0,
DATAFLOW,OECD.STI.PIE:DSD_PATENTS@DF_PATENTS_OECDSPECIFIC(1.0),,I,6F0,,A,,GR,,PATN,,PRIORITY,,THA,,_Z,,INVENTOR,,_Z,,_Z,,_T,,2020,,17.9583,,A,,1,,0,
DATAFLOW,OECD.STI.PIE:DSD_PATENTS@DF_PATENTS_OECDSPECIFIC(1.0),,I,6F0,,A,,GR,,PATN,,PRIORITY,,LVA,,_Z,,INVENTOR,,_Z,,_Z,,_T,,2020,,14,,A,,1,,0,
DATAFLOW,OECD.STI.PIE:DSD_PATENTS@DF_PATENTS_OECDSPECIFIC(1.0),,I,6F0,,A,,GR,,PATN,,PRIORITY,,KWT,,_Z,,INVENTOR,,_Z,,_Z,,_T,,2020,,0.2,,A,,1,,0,
DATAFLOW,OECD.STI.PIE:DSD_PATENTS@DF_PATENTS_OECDSPECIFIC(1.0),,I,6F0,,A,,GR,,PATN,,PRIORITY,,CYP,,_Z,,INVENTOR,,_Z,,_Z,,_T,,2020,,11.9167,,A,,1,,0,
DATAFLOW,OECD.STI.PIE:DSD_PATENTS@DF_PATENTS_OECDSPECIFIC(1.0),,I,6F0,,A,,GR,,PATN,,PRIORITY,,KOR,,_Z,,INVENTOR,,_Z,,_Z,,_T,,2020,,2386.9795,,A,,1,,0,
DATAFLOW,OECD.STI.PIE:DSD_PATENTS@DF_PATENTS_OECDSPECIFIC(1.0),,I,6F0,,A,,GR,,PATN,,PRIORITY,,ARE,,_Z,,INVENTOR,,_Z,,_Z,,_T,,2020,,12.5,,A,,1,,0,
DATAFLOW,OECD.STI.PIE:DSD_PATENTS@DF_PATENTS_OECDSPECIFIC(1.0),,I,6F0,,A,,GR,,PATN,,PRIORITY,,ISR,,_Z,,INVENTOR,,_Z,,_Z,,_T,,2020,,348.66101,,A,,1,,0,
DATAFLOW,OECD.STI.PIE:DSD_PATENTS@DF_PATENTS_OECDSPECIFIC(1.0),,I,6F0,,A,,GR,,PATN,,PRIORITY,,IDN,,_Z,,INVENTOR,,_Z,,_Z,,_T,,2020,,2.2167001,,A,,1,,0,
DATAFLOW,OECD.STI.PIE:DSD_PATENTS@DF_PATENTS_OECDSPECIFIC(1.0),,I,6F0,,A,,GR,,PATN,,PRIORITY,,AND,,_Z,,INVENTOR,,_Z,,_Z,,_T,,2020,,0.75,,A,,1,,0,
DATAFLOW,OECD.STI.PIE:DSD_PATENTS@DF_PATENTS_OECDSPECIFIC(1.0),,I,6F0,,A,,GR,,PATN,,PRIORITY,,SWE,,_Z,,INVENTOR,,_Z,,_Z,,_T,,2020,,1081.2104,,A,,1,,0,
DATAFLOW,OECD.STI.PIE:DSD_PATENTS@DF_PATENTS_OECDSPECIFIC(1.0),,I,6F0,,A,,GR,,PATN,,PRIORITY,,PER,,_Z,,INVENTOR,,_Z,,_Z,,_T,,2020,,0.25,,A,,1,,0,
DATAFLOW,OECD.STI.PIE:DSD_PATENTS@DF_PATENTS_OECDSPECIFIC(1.0),,I,6F0,,A,,GR,,PATN,,PRIORITY,,HKG,,_Z,,INVENTOR,,_Z,,_Z,,_T,,2020,,57.670601,,A,,1,,0,
DATAFLOW,OECD.STI.PIE:DSD_PATENTS@DF_PATENTS_OECDSPECIFIC(1.0),,I,6F0,,A,,GR,,PATN,,PRIORITY,,LTU,,_Z,,INVENTOR,,_Z,,_Z,,_T,,2020,,25.383301,,A,,1,,0,
DATAFLOW,OECD.STI.PIE:DSD_PATENTS@DF_PATENTS_OECDSPECIFIC(1.0),,I,6F0,,A,,GR,,PATN,,PRIORITY,,LTU,,_Z,,INVENTOR,,_Z,,_Z,,_T,,2021,,25.15,,A,,1,,0,
DATAFLOW,OECD.STI.PIE:DSD_PATENTS@DF_PATENTS_OECDSPECIFIC(1.0),,I,6F0,,A,,GR,,PATN,,PRIORITY,,HKG,,_Z,,INVENTOR,,_Z,,_Z,,_T,,2021,,31.7167,,A,,1,,0,
DATAFLOW,OECD.STI.PIE:DSD_PATENTS@DF_PATENTS_OECDSPECIFIC(1.0),,I,6F0,,A,,GR,,PATN,,PRIORITY,,IRN,,_Z,,INVENTOR,,_Z,,_Z,,_T,,2021,,1.1667,,A,,1,,0,
DATAFLOW,OECD.STI.PIE:DSD_PATENTS@DF_PATENTS_OECDSPECIFIC(1.0),,I,6F0,,A,,GR,,PATN,,PRIORITY,,SWE,,_Z,,INVENTOR,,_Z,,_Z,,_T,,2021,,702.86963,,A,,1,,0,
DATAFLOW,OECD.STI.PIE:DSD_PATENTS@DF_PATENTS_OECDSPECIFIC(1.0),,I,6F0,,A,,GR,,PATN,,PRIORITY,,AND,,_Z,,INVENTOR,,_Z,,_Z,,_T,,2021,,1.125,,A,,1,,0,
DATAFLOW,OECD.STI.PIE:DSD_PATENTS@DF_PATENTS_OECDSPECIFIC(1.0),,I,6F0,,A,,GR,,PATN,,PRIORITY,,IDN,,_Z,,INVENTOR,,_Z,,_Z,,_T,,2021,,0.58329999,,A,,1,,0,
DATAFLOW,OECD.STI.PIE:DSD_PATENTS@DF_PATENTS_OECDSPECIFIC(1.0),,I,6F0,,A,,GR,,PATN,,PRIORITY,,ISR,,_Z,,INVENTOR,,_Z,,_Z,,_T,,2021,,147.3988,,A,,1,,0,
DATAFLOW,OECD.STI.PIE:DSD_PATENTS@DF_PATENTS_OECDSPECIFIC(1.0),,I,6F0,,A,,GR,,PATN,,PRIORITY,,ARE,,_Z,,INVENTOR,,_Z,,_Z,,_T,,2021,,8.8332996,,A,,1,,0,
DATAFLOW,OECD.STI.PIE:DSD_PATENTS@DF_PATENTS_OECDSPECIFIC(1.0),,I,6F0,,A,,GR,,PATN,,PRIORITY,,KOR,,_Z,,INVENTOR,,_Z,,_Z,,_T,,2021,,1332.7043,,A,,1,,0,
DATAFLOW,OECD.STI.PIE:DSD_PATENTS@DF_PATENTS_OECDSPECIFIC(1.0),,I,6F0,,A,,GR,,PATN,,PRIORITY,,CYP,,_Z,,INVENTOR,,_Z,,_Z,,_T,,2021,,8.5,,A,,1,,0,
DATAFLOW,OECD.STI.PIE:DSD_PATENTS@DF_PATENTS_OECDSPECIFIC(1.0),,I,6F0,,A,,GR,,PATN,,PRIORITY,,KWT,,_Z,,INVENTOR,,_Z,,_Z,,_T,,2021,,0.89999998,,A,,1,,0,
DATAFLOW,OECD.STI.PIE:DSD_PATENTS@DF_PATENTS_OECDSPECIFIC(1.0),,I,6F0,,A,,GR,,PATN,,PRIORITY,,LVA,,_Z,,INVENTOR,,_Z,,_Z,,_T,,2021,,11.4,,A,,1,,0,
DATAFLOW,OECD.STI.PIE:DSD_PATENTS@DF_PATENTS_OECDSPECIFIC(1.0),,I,6F0,,A,,GR,,PATN,,PRIORITY,,THA,,_Z,,INVENTOR,,_Z,,_Z,,_T,,2021,,4.3333001,,A,,1,,0,
DATAFLOW,OECD.STI.PIE:DSD_PATENTS@DF_PATENTS_OECDSPECIFIC(1.0),,I,6F0,,A,,GR,,PATN,,PRIORITY,,EGY,,_Z,,INVENTOR,,_Z,,_Z,,_T,,2021,,4,,A,,1,,0,
DATAFLOW,OECD.STI.PIE:DSD_PATENTS@DF_PATENTS_OECDSPECIFIC(1.0),,I,6F0,,A,,GR,,PATN,,PRIORITY,,SAU,,_Z,,INVENTOR,,_Z,,_Z,,_T,,2021,,19.766701,,A,,1,,0,
DATAFLOW,OECD.STI.PIE:DSD_PATENTS@DF_PATENTS_OECDSPECIFIC(1.0),,I,6F0,,A,,GR,,PATN,,PRIORITY,,JPN,,_Z,,INVENTOR,,_Z,,_Z,,_T,,2021,,2549.9937,,A,,1,,0,
DATAFLOW,OECD.STI.PIE:DSD_PATENTS@DF_PATENTS_OECDSPECIFIC(1.0),,I,6F0,,A,,GR,,PATN,,PRIORITY,,TUN,,_Z,,INVENTOR,,_Z,,_Z,,_T,,2021,,1.5,,A,,1,,0,
DATAFLOW,OECD.STI.PIE:DSD_PATENTS@DF_PATENTS_OECDSPECIFIC(1.0),,I,6F0,,A,,GR,,PATN,,PRIORITY,,KEN,,_Z,,INVENTOR,,_Z,,_Z,,_T,,2021,,0.25,,A,,1,,0,
DATAFLOW,OECD.STI.PIE:DSD_PATENTS@DF_PATENTS_OECDSPECIFIC(1.0),,I,6F0,,A,,GR,,PATN,,PRIORITY,,ARG,,_Z,,INVENTOR,,_Z,,_Z,,_T,,2021,,4.8333001,,A,,1,,0,
DATAFLOW,OECD.STI.PIE:DSD_PATENTS@DF_PATENTS_OECDSPECIFIC(1.0),,I,6F0,,A,,GR,,PATN,,PRIORITY,,LUX,,_Z,,INVENTOR,,_Z,,_Z,,_T,,2021,,35.266701,,A,,1,,0,
DATAFLOW,OECD.STI.PIE:DSD_PATENTS@DF_PATENTS_OECDSPECIFIC(1.0),,I,6F0,,A,,GR,,PATN,,PRIORITY,,BLR,,_Z,,INVENTOR,,_Z,,_Z,,_T,,2021,,2.3333001,,A,,1,,0,
DATAFLOW,OECD.STI.PIE:DSD_PATENTS@DF_PATENTS_OECDSPECIFIC(1.0),,I,6F0,,A,,GR,,PATN,,PRIORITY,,BRA,,_Z,,INVENTOR,,_Z,,_Z,,_T,,2021,,20.2579,,A,,1,,0,
DATAFLOW,OECD.STI.PIE:DSD_PATENTS@DF_PATENTS_OECDSPECIFIC(1.0),,I,6F0,,A,,GR,,PATN,,PRIORITY,,ITA,,_Z,,INVENTOR,,_Z,,_Z,,_T,,2021,,1909.9103,,A,,1,,0,
DATAFLOW,OECD.STI.PIE:DSD_PATENTS@DF_PATENTS_OECDSPECIFIC(1.0),,I,6F0,,A,,GR,,PATN,,PRIORITY,,FIN,,_Z,,INVENTOR,,_Z,,_Z,,_T,,2021,,303.85709,,A,,1,,0,
DATAFLOW,OECD.STI.PIE:DSD_PATENTS@DF_PATENTS_OECDSPECIFIC(1.0),,I,6F0,,A,,GR,,PATN,,PRIORITY,,CAN,,_Z,,INVENTOR,,_Z,,_Z,,_T,,2021,,267.73251,,A,,1,,0,
DATAFLOW,OECD.STI.PIE:DSD_PATENTS@DF_PATENTS_OECDSPECIFIC(1.0),,I,6F0,,A,,GR,,PATN,,PRIORITY,,EU27_2020,,_Z,,INVENTOR,,_Z,,_Z,,_T,,2021,,15142.196,,A,,1,,0,
DATAFLOW,OECD.STI.PIE:DSD_PATENTS@DF_PATENTS_OECDSPECIFIC(1.0),,I,6F0,,A,,GR,,PATN,,PRIORITY,,GRC,,_Z,,INVENTOR,,_Z,,_Z,,_T,,2021,,41.416698,,A,,1,,0,
DATAFLOW,OECD.STI.PIE:DSD_PATENTS@DF_PATENTS_OECDSPECIFIC(1.0),,I,6F0,,A,,GR,,PATN,,PRIORITY,,IND,,_Z,,INVENTOR,,_Z,,_Z,,_T,,2021,,354.4361,,A,,1,,0,
DATAFLOW,OECD.STI.PIE:DSD_PATENTS@DF_PATENTS_OECDSPECIFIC(1.0),,I,6F0,,A,,GR,,PATN,,PRIORITY,,LKA,,_Z,,INVENTOR,,_Z,,_Z,,_T,,2021,,2.2,,A,,1,,0,
DATAFLOW,OECD.STI.PIE:DSD_PATENTS@DF_PATENTS_OECDSPECIFIC(1.0),,I,6F0,,A,,GR,,PATN,,PRIORITY,,PAK,,_Z,,INVENTOR,,_Z,,_Z,,_T,,2021,,0.25,,A,,1,,0,
DATAFLOW,OECD.STI.PIE:DSD_PATENTS@DF_PATENTS_OECDSPECIFIC(1.0),,I,6F0,,A,,GR,,PATN,,PRIORITY,,FRA,,_Z,,INVENTOR,,_Z,,_Z,,_T,,2021,,2624.741,,A,,1,,0,
DATAFLOW,OECD.STI.PIE:DSD_PATENTS@DF_PATENTS_OECDSPECIFIC(1.0),,I,6F0,,A,,GR,,PATN,,PRIORITY,,CHE,,_Z,,INVENTOR,,_Z,,_Z,,_T,,2021,,880.95441,,A,,1,,0,
DATAFLOW,OECD.STI.PIE:DSD_PATENTS@DF_PATENTS_OECDSPECIFIC(1.0),,I,6F0,,A,,GR,,PATN,,PRIORITY,,POL,,_Z,,INVENTOR,,_Z,,_Z,,_T,,2021,,207.9912,,A,,1,,0,
DATAFLOW,OECD.STI.PIE:DSD_PATENTS@DF_PATENTS_OECDSPECIFIC(1.0),,I,6F0,,A,,GR,,PATN,,PRIORITY,,SVK,,_Z,,INVENTOR,,_Z,,_Z,,_T,,2021,,20.6607,,A,,1,,0,
DATAFLOW,OECD.STI.PIE:DSD_PATENTS@DF_PATENTS_OECDSPECIFIC(1.0),,I,6F0,,A,,GR,,PATN,,PRIORITY,,NOR,,_Z,,INVENTOR,,_Z,,_Z,,_T,,2021,,106.844,,A,,1,,0,
DATAFLOW,OECD.STI.PIE:DSD_PATENTS@DF_PATENTS_OECDSPECIFIC(1.0),,I,6F0,,A,,GR,,PATN,,PRIORITY,,GBR,,_Z,,INVENTOR,,_Z,,_Z,,_T,,2021,,857.67761,,A,,1,,0,
DATAFLOW,OECD.STI.PIE:DSD_PATENTS@DF_PATENTS_OECDSPECIFIC(1.0),,I,6F0,,A,,GR,,PATN,,PRIORITY,,CZE,,_Z,,INVENTOR,,_Z,,_Z,,_T,,2021,,69.817902,,A,,1,,0,
DATAFLOW,OECD.STI.PIE:DSD_PATENTS@DF_PATENTS_OECDSPECIFIC(1.0),,I,6F0,,A,,GR,,PATN,,PRIORITY,,ISL,,_Z,,INVENTOR,,_Z,,_Z,,_T,,2021,,5,,A,,1,,0,
DATAFLOW,OECD.STI.PIE:DSD_PATENTS@DF_PATENTS_OECDSPECIFIC(1.0),,I,6F0,,A,,GR,,PATN,,PRIORITY,,IRL,,_Z,,INVENTOR,,_Z,,_Z,,_T,,2021,,80.077003,,A,,1,,0,
DATAFLOW,OECD.STI.PIE:DSD_PATENTS@DF_PATENTS_OECDSPECIFIC(1.0),,I,6F0,,A,,GR,,PATN,,PRIORITY,,ROU,,_Z,,INVENTOR,,_Z,,_Z,,_T,,2021,,17.35,,A,,1,,0,
DATAFLOW,OECD.STI.PIE:DSD_PATENTS@DF_PATENTS_OECDSPECIFIC(1.0),,I,6F0,,A,,GR,,PATN,,PRIORITY,,MCO,,_Z,,INVENTOR,,_Z,,_Z,,_T,,2021,,1.3333,,A,,1,,0,
DATAFLOW,OECD.STI.PIE:DSD_PATENTS@DF_PATENTS_OECDSPECIFIC(1.0),,I,6F0,,A,,GR,,PATN,,PRIORITY,,OECD,,_Z,,INVENTOR,,_Z,,_Z,,_T,,2021,,25164.631,,A,,1,,0,
DATAFLOW,OECD.STI.PIE:DSD_PATENTS@DF_PATENTS_OECDSPECIFIC(1.0),,I,6F0,,A,,GR,,PATN,,PRIORITY,,MLT,,_Z,,INVENTOR,,_Z,,_Z,,_T,,2021,,3.25,,A,,1,,0,
DATAFLOW,OECD.STI.PIE:DSD_PATENTS@DF_PATENTS_OECDSPECIFIC(1.0),,I,6F0,,A,,GR,,PATN,,PRIORITY,,UKR,,_Z,,INVENTOR,,_Z,,_Z,,_T,,2021,,2.5,,A,,1,,0,
DATAFLOW,OECD.STI.PIE:DSD_PATENTS@DF_PATENTS_OECDSPECIFIC(1.0),,I,6F0,,A,,GR,,PATN,,PRIORITY,,DNK,,_Z,,INVENTOR,,_Z,,_Z,,_T,,2021,,322.30829,,A,,1,,0,
DATAFLOW,OECD.STI.PIE:DSD_PATENTS@DF_PATENTS_OECDSPECIFIC(1.0),,I,6F0,,A,,GR,,PATN,,PRIORITY,,RUS,,_Z,,INVENTOR,,_Z,,_Z,,_T,,2021,,27.2012,,A,,1,,0,
DATAFLOW,OECD.STI.PIE:DSD_PATENTS@DF_PATENTS_OECDSPECIFIC(1.0),,I,6F0,,A,,GR,,PATN,,PRIORITY,,TUR,,_Z,,INVENTOR,,_Z,,_Z,,_T,,2021,,77.194397,,A,,1,,0,
DATAFLOW,OECD.STI.PIE:DSD_PATENTS@DF_PATENTS_OECDSPECIFIC(1.0),,I,6F0,,A,,GR,,PATN,,PRIORITY,,CHL,,_Z,,INVENTOR,,_Z,,_Z,,_T,,2021,,6,,A,,1,,0,
DATAFLOW,OECD.STI.PIE:DSD_PATENTS@DF_PATENTS_OECDSPECIFIC(1.0),,I,6F0,,A,,GR,,PATN,,PRIORITY,,HRV,,_Z,,INVENTOR,,_Z,,_Z,,_T,,2021,,5.9166999,,A,,1,,0,
DATAFLOW,OECD.STI.PIE:DSD_PATENTS@DF_PATENTS_OECDSPECIFIC(1.0),,I,6F0,,A,,GR,,PATN,,PRIORITY,,MYS,,_Z,,INVENTOR,,_Z,,_Z,,_T,,2021,,9.8285999,,A,,1,,0,
DATAFLOW,OECD.STI.PIE:DSD_PATENTS@DF_PATENTS_OECDSPECIFIC(1.0),,I,6F0,,A,,GR,,PATN,,PRIORITY,,MEX,,_Z,,INVENTOR,,_Z,,_Z,,_T,,2021,,10.9957,,A,,1,,0,
DATAFLOW,OECD.STI.PIE:DSD_PATENTS@DF_PATENTS_OECDSPECIFIC(1.0),,I,6F0,,A,,GR,,PATN,,PRIORITY,,ESP,,_Z,,INVENTOR,,_Z,,_Z,,_T,,2021,,398.79309,,A,,1,,0,
DATAFLOW,OECD.STI.PIE:DSD_PATENTS@DF_PATENTS_OECDSPECIFIC(1.0),,I,6F0,,A,,GR,,PATN,,PRIORITY,,EST,,_Z,,INVENTOR,,_Z,,_Z,,_T,,2021,,12.7,,A,,1,,0,
DATAFLOW,OECD.STI.PIE:DSD_PATENTS@DF_PATENTS_OECDSPECIFIC(1.0),,I,6F0,,A,,GR,,PATN,,PRIORITY,,COL,,_Z,,INVENTOR,,_Z,,_Z,,_T,,2021,,1.75,,A,,1,,0,
DATAFLOW,OECD.STI.PIE:DSD_PATENTS@DF_PATENTS_OECDSPECIFIC(1.0),,I,6F0,,A,,GR,,PATN,,PRIORITY,,MAR,,_Z,,INVENTOR,,_Z,,_Z,,_T,,2021,,13.6333,,A,,1,,0,
DATAFLOW,OECD.STI.PIE:DSD_PATENTS@DF_PATENTS_OECDSPECIFIC(1.0),,I,6F0,,A,,GR,,PATN,,PRIORITY,,SGP,,_Z,,INVENTOR,,_Z,,_Z,,_T,,2021,,58.307598,,A,,1,,0,
DATAFLOW,OECD.STI.PIE:DSD_PATENTS@DF_PATENTS_OECDSPECIFIC(1.0),,I,6F0,,A,,GR,,PATN,,PRIORITY,,AUS,,_Z,,INVENTOR,,_Z,,_Z,,_T,,2021,,43.233299,,A,,1,,0,
DATAFLOW,OECD.STI.PIE:DSD_PATENTS@DF_PATENTS_OECDSPECIFIC(1.0),,I,6F0,,A,,GR,,PATN,,PRIORITY,,CRI,,_Z,,INVENTOR,,_Z,,_Z,,_T,,2021,,1.5,,A,,1,,0,
DATAFLOW,OECD.STI.PIE:DSD_PATENTS@DF_PATENTS_OECDSPECIFIC(1.0),,I,6F0,,A,,GR,,PATN,,PRIORITY,,USA,,_Z,,INVENTOR,,_Z,,_Z,,_T,,2021,,3777.8694,,A,,1,,0,
DATAFLOW,OECD.STI.PIE:DSD_PATENTS@DF_PATENTS_OECDSPECIFIC(1.0),,I,6F0,,A,,GR,,PATN,,PRIORITY,,PRT,,_Z,,INVENTOR,,_Z,,_Z,,_T,,2021,,56.959499,,A,,1,,0,
DATAFLOW,OECD.STI.PIE:DSD_PATENTS@DF_PATENTS_OECDSPECIFIC(1.0),,I,6F0,,A,,GR,,PATN,,PRIORITY,,BGR,,_Z,,INVENTOR,,_Z,,_Z,,_T,,2021,,17.5214,,A,,1,,0,
DATAFLOW,OECD.STI.PIE:DSD_PATENTS@DF_PATENTS_OECDSPECIFIC(1.0),,I,6F0,,A,,GR,,PATN,,PRIORITY,,LIE,,_Z,,INVENTOR,,_Z,,_Z,,_T,,2021,,11.0262,,A,,1,,0,
DATAFLOW,OECD.STI.PIE:DSD_PATENTS@DF_PATENTS_OECDSPECIFIC(1.0),,I,6F0,,A,,GR,,PATN,,PRIORITY,,BEL,,_Z,,INVENTOR,,_Z,,_Z,,_T,,2021,,404.34329,,A,,1,,0,
DATAFLOW,OECD.STI.PIE:DSD_PATENTS@DF_PATENTS_OECDSPECIFIC(1.0),,I,6F0,,A,,GR,,PATN,,PRIORITY,,GEO,,_Z,,INVENTOR,,_Z,,_Z,,_T,,2021,,1.5,,A,,1,,0,
DATAFLOW,OECD.STI.PIE:DSD_PATENTS@DF_PATENTS_OECDSPECIFIC(1.0),,I,6F0,,A,,GR,,PATN,,PRIORITY,,SVN,,_Z,,INVENTOR,,_Z,,_Z,,_T,,2021,,44.233299,,A,,1,,0,
DATAFLOW,OECD.STI.PIE:DSD_PATENTS@DF_PATENTS_OECDSPECIFIC(1.0),,I,6F0,,A,,GR,,PATN,,PRIORITY,,LBN,,_Z,,INVENTOR,,_Z,,_Z,,_T,,2021,,0.33329999,,A,,1,,0,
DATAFLOW,OECD.STI.PIE:DSD_PATENTS@DF_PATENTS_OECDSPECIFIC(1.0),,I,6F0,,A,,GR,,PATN,,PRIORITY,,DEU,,_Z,,INVENTOR,,_Z,,_Z,,_T,,2021,,6164.5054,,A,,1,,0,
DATAFLOW,OECD.STI.PIE:DSD_PATENTS@DF_PATENTS_OECDSPECIFIC(1.0),,I,6F0,,A,,GR,,PATN,,PRIORITY,,HUN,,_Z,,INVENTOR,,_Z,,_Z,,_T,,2021,,53.354801,,A,,1,,0,
DATAFLOW,OECD.STI.PIE:DSD_PATENTS@DF_PATENTS_OECDSPECIFIC(1.0),,I,6F0,,A,,GR,,PATN,,PRIORITY,,NLD,,_Z,,INVENTOR,,_Z,,_Z,,_T,,2021,,940.26349,,A,,1,,0,
DATAFLOW,OECD.STI.PIE:DSD_PATENTS@DF_PATENTS_OECDSPECIFIC(1.0),,I,6F0,,A,,GR,,PATN,,PRIORITY,,W,,_Z,,INVENTOR,,_Z,,_Z,,_T,,2021,,28836,,A,,1,,0,
DATAFLOW,OECD.STI.PIE:DSD_PATENTS@DF_PATENTS_OECDSPECIFIC(1.0),,I,6F0,,A,,GR,,PATN,,PRIORITY,,TWN,,_Z,,INVENTOR,,_Z,,_Z,,_T,,2021,,429.17691,,A,,1,,0,
DATAFLOW,OECD.STI.PIE:DSD_PATENTS@DF_PATENTS_OECDSPECIFIC(1.0),,I,6F0,,A,,GR,,PATN,,PRIORITY,,NZL,,_Z,,INVENTOR,,_Z,,_Z,,_T,,2021,,8.125,,A,,1,,0,
DATAFLOW,OECD.STI.PIE:DSD_PATENTS@DF_PATENTS_OECDSPECIFIC(1.0),,I,6F0,,A,,GR,,PATN,,PRIORITY,,ZAF,,_Z,,INVENTOR,,_Z,,_Z,,_T,,2021,,10.6429,,A,,1,,0,
DATAFLOW,OECD.STI.PIE:DSD_PATENTS@DF_PATENTS_OECDSPECIFIC(1.0),,I,6F0,,A,,GR,,PATN,,PRIORITY,,AUT,,_Z,,INVENTOR,,_Z,,_Z,,_T,,2021,,659.03851,,A,,1,,0,
DATAFLOW,OECD.STI.PIE:DSD_PATENTS@DF_PATENTS_OECDSPECIFIC(1.0),,I,6F0,,A,,GR,,PATN,,PRIORITY,,NGA,,_Z,,INVENTOR,,_Z,,_Z,,_T,,2021,,0.71429998,,A,,1,,0,
DATAFLOW,OECD.STI.PIE:DSD_PATENTS@DF_PATENTS_OECDSPECIFIC(1.0),,I,6F0,,A,,GR,,PATN,,PRIORITY,,CHN,,_Z,,INVENTOR,,_Z,,_Z,,_T,,2021,,2514.2478,,A,,1,,0,
DATAFLOW,OECD.STI.PIE:DSD_PATENTS@DF_PATENTS_OECDSPECIFIC(1.0),,I,6F0,,A,,AP,,PATN,,PRIORITY,,BGR,,_Z,,INVENTOR,,_Z,,_Z,,_T,,2018,,45.9944,,A,,1,,0,
DATAFLOW,OECD.STI.PIE:DSD_PATENTS@DF_PATENTS_OECDSPECIFIC(1.0),,I,6F0,,A,,AP,,PATN,,PRIORITY,,GBR,,_Z,,INVENTOR,,_Z,,_Z,,_T,,2018,,6425.7622,,A,,1,,0,
DATAFLOW,OECD.STI.PIE:DSD_PATENTS@DF_PATENTS_OECDSPECIFIC(1.0),,I,6F0,,A,,AP,,PATN,,PRIORITY,,MYS,,_Z,,INVENTOR,,_Z,,_Z,,_T,,2018,,52.052799,,A,,1,,0,
DATAFLOW,OECD.STI.PIE:DSD_PATENTS@DF_PATENTS_OECDSPECIFIC(1.0),,I,6F0,,A,,AP,,PATN,,PRIORITY,,SVK,,_Z,,INVENTOR,,_Z,,_Z,,_T,,2018,,64.212601,,A,,1,,0,
DATAFLOW,OECD.STI.PIE:DSD_PATENTS@DF_PATENTS_OECDSPECIFIC(1.0),,I,6F0,,A,,AP,,PATN,,PRIORITY,,IDN,,_Z,,INVENTOR,,_Z,,_Z,,_T,,2018,,3.7262001,,A,,1,,0,
DATAFLOW,OECD.STI.PIE:DSD_PATENTS@DF_PATENTS_OECDSPECIFIC(1.0),,I,6F0,,A,,AP,,PATN,,PRIORITY,,VEN,,_Z,,INVENTOR,,_Z,,_Z,,_T,,2018,,0.30000001,,A,,1,,0,
DATAFLOW,OECD.STI.PIE:DSD_PATENTS@DF_PATENTS_OECDSPECIFIC(1.0),,I,6F0,,A,,AP,,PATN,,PRIORITY,,LIE,,_Z,,INVENTOR,,_Z,,_Z,,_T,,2018,,51.150002,,A,,1,,0,
DATAFLOW,OECD.STI.PIE:DSD_PATENTS@DF_PATENTS_OECDSPECIFIC(1.0),,I,6F0,,A,,AP,,PATN,,PRIORITY,,AND,,_Z,,INVENTOR,,_Z,,_Z,,_T,,2018,,1.45,,A,,1,,0,
DATAFLOW,OECD.STI.PIE:DSD_PATENTS@DF_PATENTS_OECDSPECIFIC(1.0),,I,6F0,,A,,AP,,PATN,,PRIORITY,,ISR,,_Z,,INVENTOR,,_Z,,_Z,,_T,,2018,,1763.8311,,A,,1,,0,
DATAFLOW,OECD.STI.PIE:DSD_PATENTS@DF_PATENTS_OECDSPECIFIC(1.0),,I,6F0,,A,,AP,,PATN,,PRIORITY,,ARE,,_Z,,INVENTOR,,_Z,,_Z,,_T,,2018,,52.108799,,A,,1,,0,
DATAFLOW,OECD.STI.PIE:DSD_PATENTS@DF_PATENTS_OECDSPECIFIC(1.0),,I,6F0,,A,,AP,,PATN,,PRIORITY,,LVA,,_Z,,INVENTOR,,_Z,,_Z,,_T,,2018,,21.1667,,A,,1,,0,
DATAFLOW,OECD.STI.PIE:DSD_PATENTS@DF_PATENTS_OECDSPECIFIC(1.0),,I,6F0,,A,,AP,,PATN,,PRIORITY,,POL,,_Z,,INVENTOR,,_Z,,_Z,,_T,,2018,,684.15198,,A,,1,,0,
DATAFLOW,OECD.STI.PIE:DSD_PATENTS@DF_PATENTS_OECDSPECIFIC(1.0),,I,6F0,,A,,AP,,PATN,,PRIORITY,,ROU,,_Z,,INVENTOR,,_Z,,_Z,,_T,,2018,,154.9012,,A,,1,,0,
DATAFLOW,OECD.STI.PIE:DSD_PATENTS@DF_PATENTS_OECDSPECIFIC(1.0),,I,6F0,,A,,AP,,PATN,,PRIORITY,,TUN,,_Z,,INVENTOR,,_Z,,_Z,,_T,,2018,,6.0332999,,A,,1,,0,
DATAFLOW,OECD.STI.PIE:DSD_PATENTS@DF_PATENTS_OECDSPECIFIC(1.0),,I,6F0,,A,,AP,,PATN,,PRIORITY,,KWT,,_Z,,INVENTOR,,_Z,,_Z,,_T,,2018,,6.3333001,,A,,1,,0,
DATAFLOW,OECD.STI.PIE:DSD_PATENTS@DF_PATENTS_OECDSPECIFIC(1.0),,I,6F0,,A,,AP,,PATN,,PRIORITY,,PER,,_Z,,INVENTOR,,_Z,,_Z,,_T,,2018,,3.25,,A,,1,,0,
DATAFLOW,OECD.STI.PIE:DSD_PATENTS@DF_PATENTS_OECDSPECIFIC(1.0),,I,6F0,,A,,AP,,PATN,,PRIORITY,,CHL,,_Z,,INVENTOR,,_Z,,_Z,,_T,,2018,,53.411098,,A,,1,,0,
DATAFLOW,OECD.STI.PIE:DSD_PATENTS@DF_PATENTS_OECDSPECIFIC(1.0),,I,6F0,,A,,AP,,PATN,,PRIORITY,,MAR,,_Z,,INVENTOR,,_Z,,_Z,,_T,,2018,,11.5083,,A,,1,,0,
DATAFLOW,OECD.STI.PIE:DSD_PATENTS@DF_PATENTS_OECDSPECIFIC(1.0),,I,6F0,,A,,AP,,PATN,,PRIORITY,,MLT,,_Z,,INVENTOR,,_Z,,_Z,,_T,,2018,,15.1429,,A,,1,,0,
DATAFLOW,OECD.STI.PIE:DSD_PATENTS@DF_PATENTS_OECDSPECIFIC(1.0),,I,6F0,,A,,AP,,PATN,,PRIORITY,,SGP,,_Z,,INVENTOR,,_Z,,_Z,,_T,,2018,,381.48489,,A,,1,,0,
DATAFLOW,OECD.STI.PIE:DSD_PATENTS@DF_PATENTS_OECDSPECIFIC(1.0),,I,6F0,,A,,AP,,PATN,,PRIORITY,,AUT,,_Z,,INVENTOR,,_Z,,_Z,,_T,,2018,,2184.3,,A,,1,,0,
DATAFLOW,OECD.STI.PIE:DSD_PATENTS@DF_PATENTS_OECDSPECIFIC(1.0),,I,6F0,,A,,AP,,PATN,,PRIORITY,,NLD,,_Z,,INVENTOR,,_Z,,_Z,,_T,,2018,,4223.6958,,A,,1,,0,
DATAFLOW,OECD.STI.PIE:DSD_PATENTS@DF_PATENTS_OECDSPECIFIC(1.0),,I,6F0,,A,,AP,,PATN,,PRIORITY,,AUS,,_Z,,INVENTOR,,_Z,,_Z,,_T,,2018,,1074.7771,,A,,1,,0,
DATAFLOW,OECD.STI.PIE:DSD_PATENTS@DF_PATENTS_OECDSPECIFIC(1.0),,I,6F0,,A,,AP,,PATN,,PRIORITY,,LKA,,_Z,,INVENTOR,,_Z,,_Z,,_T,,2018,,6.5511999,,A,,1,,0,
DATAFLOW,OECD.STI.PIE:DSD_PATENTS@DF_PATENTS_OECDSPECIFIC(1.0),,I,6F0,,A,,AP,,PATN,,PRIORITY,,CRI,,_Z,,INVENTOR,,_Z,,_Z,,_T,,2018,,15.4282,,A,,1,,0,
DATAFLOW,OECD.STI.PIE:DSD_PATENTS@DF_PATENTS_OECDSPECIFIC(1.0),,I,6F0,,A,,AP,,PATN,,PRIORITY,,IRL,,_Z,,INVENTOR,,_Z,,_Z,,_T,,2018,,476.6709,,A,,1,,0,
DATAFLOW,OECD.STI.PIE:DSD_PATENTS@DF_PATENTS_OECDSPECIFIC(1.0),,I,6F0,,A,,AP,,PATN,,PRIORITY,,ITA,,_Z,,INVENTOR,,_Z,,_Z,,_T,,2018,,4941.439,,A,,1,,0,
DATAFLOW,OECD.STI.PIE:DSD_PATENTS@DF_PATENTS_OECDSPECIFIC(1.0),,I,6F0,,A,,AP,,PATN,,PRIORITY,,FIN,,_Z,,INVENTOR,,_Z,,_Z,,_T,,2018,,1559.4801,,A,,1,,0,
DATAFLOW,OECD.STI.PIE:DSD_PATENTS@DF_PATENTS_OECDSPECIFIC(1.0),,I,6F0,,A,,AP,,PATN,,PRIORITY,,ZAF,,_Z,,INVENTOR,,_Z,,_Z,,_T,,2018,,117.5833,,A,,1,,0,
DATAFLOW,OECD.STI.PIE:DSD_PATENTS@DF_PATENTS_OECDSPECIFIC(1.0),,I,6F0,,A,,AP,,PATN,,PRIORITY,,THA,,_Z,,INVENTOR,,_Z,,_Z,,_T,,2018,,52.422298,,A,,1,,0,
DATAFLOW,OECD.STI.PIE:DSD_PATENTS@DF_PATENTS_OECDSPECIFIC(1.0),,I,6F0,,A,,AP,,PATN,,PRIORITY,,TWN,,_Z,,INVENTOR,,_Z,,_Z,,_T,,2018,,1687.317,,A,,1,,0,
DATAFLOW,OECD.STI.PIE:DSD_PATENTS@DF_PATENTS_OECDSPECIFIC(1.0),,I,6F0,,A,,AP,,PATN,,PRIORITY,,NGA,,_Z,,INVENTOR,,_Z,,_Z,,_T,,2018,,1.1429,,A,,1,,0,
DATAFLOW,OECD.STI.PIE:DSD_PATENTS@DF_PATENTS_OECDSPECIFIC(1.0),,I,6F0,,A,,AP,,PATN,,PRIORITY,,IND,,_Z,,INVENTOR,,_Z,,_Z,,_T,,2018,,1652.6155,,A,,1,,0,
DATAFLOW,OECD.STI.PIE:DSD_PATENTS@DF_PATENTS_OECDSPECIFIC(1.0),,I,6F0,,A,,AP,,PATN,,PRIORITY,,PRI,,_Z,,INVENTOR,,_Z,,_Z,,_T,,2018,,4.2856998,,A,,1,,0,
DATAFLOW,OECD.STI.PIE:DSD_PATENTS@DF_PATENTS_OECDSPECIFIC(1.0),,I,6F0,,A,,AP,,PATN,,PRIORITY,,DEU,,_Z,,INVENTOR,,_Z,,_Z,,_T,,2018,,23232.457,,A,,1,,0,
DATAFLOW,OECD.STI.PIE:DSD_PATENTS@DF_PATENTS_OECDSPECIFIC(1.0),,I,6F0,,A,,AP,,PATN,,PRIORITY,,IRN,,_Z,,INVENTOR,,_Z,,_Z,,_T,,2018,,6.5179,,A,,1,,0,
DATAFLOW,OECD.STI.PIE:DSD_PATENTS@DF_PATENTS_OECDSPECIFIC(1.0),,I,6F0,,A,,AP,,PATN,,PRIORITY,,PAN,,_Z,,INVENTOR,,_Z,,_Z,,_T,,2018,,2.3333001,,A,,1,,0,
DATAFLOW,OECD.STI.PIE:DSD_PATENTS@DF_PATENTS_OECDSPECIFIC(1.0),,I,6F0,,A,,AP,,PATN,,PRIORITY,,PHL,,_Z,,INVENTOR,,_Z,,_Z,,_T,,2018,,7.7536001,,A,,1,,0,
DATAFLOW,OECD.STI.PIE:DSD_PATENTS@DF_PATENTS_OECDSPECIFIC(1.0),,I,6F0,,A,,AP,,PATN,,PRIORITY,,COL,,_Z,,INVENTOR,,_Z,,_Z,,_T,,2018,,25.0786,,A,,1,,0,
DATAFLOW,OECD.STI.PIE:DSD_PATENTS@DF_PATENTS_OECDSPECIFIC(1.0),,I,6F0,,A,,AP,,PATN,,PRIORITY,,CYM,,_Z,,INVENTOR,,_Z,,_Z,,_T,,2018,,14.5,,A,,1,,0,
DATAFLOW,OECD.STI.PIE:DSD_PATENTS@DF_PATENTS_OECDSPECIFIC(1.0),,I,6F0,,A,,AP,,PATN,,PRIORITY,,UKR,,_Z,,INVENTOR,,_Z,,_Z,,_T,,2018,,40.705601,,A,,1,,0,
DATAFLOW,OECD.STI.PIE:DSD_PATENTS@DF_PATENTS_OECDSPECIFIC(1.0),,I,6F0,,A,,AP,,PATN,,PRIORITY,,LTU,,_Z,,INVENTOR,,_Z,,_Z,,_T,,2018,,36.277802,,A,,1,,0,
DATAFLOW,OECD.STI.PIE:DSD_PATENTS@DF_PATENTS_OECDSPECIFIC(1.0),,I,6F0,,A,,AP,,PATN,,PRIORITY,,ISL,,_Z,,INVENTOR,,_Z,,_Z,,_T,,2018,,32.107101,,A,,1,,0,
DATAFLOW,OECD.STI.PIE:DSD_PATENTS@DF_PATENTS_OECDSPECIFIC(1.0),,I,6F0,,A,,AP,,PATN,,PRIORITY,,CUB,,_Z,,INVENTOR,,_Z,,_Z,,_T,,2018,,7.375,,A,,1,,0,
DATAFLOW,OECD.STI.PIE:DSD_PATENTS@DF_PATENTS_OECDSPECIFIC(1.0),,I,6F0,,A,,AP,,PATN,,PRIORITY,,MEX,,_Z,,INVENTOR,,_Z,,_Z,,_T,,2018,,80.138901,,A,,1,,0,
DATAFLOW,OECD.STI.PIE:DSD_PATENTS@DF_PATENTS_OECDSPECIFIC(1.0),,I,6F0,,A,,AP,,PATN,,PRIORITY,,MDA,,_Z,,INVENTOR,,_Z,,_Z,,_T,,2018,,2.2,,A,,1,,0,
DATAFLOW,OECD.STI.PIE:DSD_PATENTS@DF_PATENTS_OECDSPECIFIC(1.0),,I,6F0,,A,,AP,,PATN,,PRIORITY,,EU27_2020,,_Z,,INVENTOR,,_Z,,_Z,,_T,,2018,,57434.777,,A,,1,,0,
DATAFLOW,OECD.STI.PIE:DSD_PATENTS@DF_PATENTS_OECDSPECIFIC(1.0),,I,6F0,,A,,AP,,PATN,,PRIORITY,,CHE,,_Z,,INVENTOR,,_Z,,_Z,,_T,,2018,,4034.3469,,A,,1,,0,
DATAFLOW,OECD.STI.PIE:DSD_PATENTS@DF_PATENTS_OECDSPECIFIC(1.0),,I,6F0,,A,,AP,,PATN,,PRIORITY,,HUN,,_Z,,INVENTOR,,_Z,,_Z,,_T,,2018,,272.78281,,A,,1,,0,
DATAFLOW,OECD.STI.PIE:DSD_PATENTS@DF_PATENTS_OECDSPECIFIC(1.0),,I,6F0,,A,,AP,,PATN,,PRIORITY,,CAN,,_Z,,INVENTOR,,_Z,,_Z,,_T,,2018,,2369.0237,,A,,1,,0,
DATAFLOW,OECD.STI.PIE:DSD_PATENTS@DF_PATENTS_OECDSPECIFIC(1.0),,I,6F0,,A,,AP,,PATN,,PRIORITY,,NOR,,_Z,,INVENTOR,,_Z,,_Z,,_T,,2018,,626.34381,,A,,1,,0,
DATAFLOW,OECD.STI.PIE:DSD_PATENTS@DF_PATENTS_OECDSPECIFIC(1.0),,I,6F0,,A,,AP,,PATN,,PRIORITY,,ARM,,_Z,,INVENTOR,,_Z,,_Z,,_T,,2018,,3.2316999,,A,,1,,0,
DATAFLOW,OECD.STI.PIE:DSD_PATENTS@DF_PATENTS_OECDSPECIFIC(1.0),,I,6F0,,A,,AP,,PATN,,PRIORITY,,SWE,,_Z,,INVENTOR,,_Z,,_Z,,_T,,2018,,3587.0889,,A,,1,,0,
DATAFLOW,OECD.STI.PIE:DSD_PATENTS@DF_PATENTS_OECDSPECIFIC(1.0),,I,6F0,,A,,AP,,PATN,,PRIORITY,,HKG,,_Z,,INVENTOR,,_Z,,_Z,,_T,,2018,,262.52979,,A,,1,,0,
DATAFLOW,OECD.STI.PIE:DSD_PATENTS@DF_PATENTS_OECDSPECIFIC(1.0),,I,6F0,,A,,AP,,PATN,,PRIORITY,,CYP,,_Z,,INVENTOR,,_Z,,_Z,,_T,,2018,,11.6571,,A,,1,,0,
DATAFLOW,OECD.STI.PIE:DSD_PATENTS@DF_PATENTS_OECDSPECIFIC(1.0),,I,6F0,,A,,AP,,PATN,,PRIORITY,,PRT,,_Z,,INVENTOR,,_Z,,_Z,,_T,,2018,,251.4881,,A,,1,,0,
DATAFLOW,OECD.STI.PIE:DSD_PATENTS@DF_PATENTS_OECDSPECIFIC(1.0),,I,6F0,,A,,AP,,PATN,,PRIORITY,,KEN,,_Z,,INVENTOR,,_Z,,_Z,,_T,,2018,,1.2857,,A,,1,,0,
DATAFLOW,OECD.STI.PIE:DSD_PATENTS@DF_PATENTS_OECDSPECIFIC(1.0),,I,6F0,,A,,AP,,PATN,,PRIORITY,,OECD,,_Z,,INVENTOR,,_Z,,_Z,,_T,,2018,,145831.55,,A,,1,,0,
DATAFLOW,OECD.STI.PIE:DSD_PATENTS@DF_PATENTS_OECDSPECIFIC(1.0),,I,6F0,,A,,AP,,PATN,,PRIORITY,,EGY,,_Z,,INVENTOR,,_Z,,_Z,,_T,,2018,,7.5159001,,A,,1,,0,
DATAFLOW,OECD.STI.PIE:DSD_PATENTS@DF_PATENTS_OECDSPECIFIC(1.0),,I,6F0,,A,,AP,,PATN,,PRIORITY,,FRA,,_Z,,INVENTOR,,_Z,,_Z,,_T,,2018,,9516.1016,,A,,1,,0,
DATAFLOW,OECD.STI.PIE:DSD_PATENTS@DF_PATENTS_OECDSPECIFIC(1.0),,I,6F0,,A,,AP,,PATN,,PRIORITY,,HRV,,_Z,,INVENTOR,,_Z,,_Z,,_T,,2018,,35.641701,,A,,1,,0,
DATAFLOW,OECD.STI.PIE:DSD_PATENTS@DF_PATENTS_OECDSPECIFIC(1.0),,I,6F0,,A,,AP,,PATN,,PRIORITY,,PRK,,_Z,,INVENTOR,,_Z,,_Z,,_T,,2018,,1.2,,A,,1,,0,
DATAFLOW,OECD.STI.PIE:DSD_PATENTS@DF_PATENTS_OECDSPECIFIC(1.0),,I,6F0,,A,,AP,,PATN,,PRIORITY,,LBN,,_Z,,INVENTOR,,_Z,,_Z,,_T,,2018,,12.3512,,A,,1,,0,
DATAFLOW,OECD.STI.PIE:DSD_PATENTS@DF_PATENTS_OECDSPECIFIC(1.0),,I,6F0,,A,,AP,,PATN,,PRIORITY,,DNK,,_Z,,INVENTOR,,_Z,,_Z,,_T,,2018,,1722.899,,A,,1,,0,
DATAFLOW,OECD.STI.PIE:DSD_PATENTS@DF_PATENTS_OECDSPECIFIC(1.0),,I,6F0,,A,,AP,,PATN,,PRIORITY,,CHN,,_Z,,INVENTOR,,_Z,,_Z,,_T,,2018,,14706.385,,A,,1,,0,
DATAFLOW,OECD.STI.PIE:DSD_PATENTS@DF_PATENTS_OECDSPECIFIC(1.0),,I,6F0,,A,,AP,,PATN,,PRIORITY,,SVN,,_Z,,INVENTOR,,_Z,,_Z,,_T,,2018,,126.8602,,A,,1,,0,
DATAFLOW,OECD.STI.PIE:DSD_PATENTS@DF_PATENTS_OECDSPECIFIC(1.0),,I,6F0,,A,,AP,,PATN,,PRIORITY,,LUX,,_Z,,INVENTOR,,_Z,,_Z,,_T,,2018,,94.382103,,A,,1,,0,
DATAFLOW,OECD.STI.PIE:DSD_PATENTS@DF_PATENTS_OECDSPECIFIC(1.0),,I,6F0,,A,,AP,,PATN,,PRIORITY,,BEL,,_Z,,INVENTOR,,_Z,,_Z,,_T,,2018,,1819.8674,,A,,1,,0,
DATAFLOW,OECD.STI.PIE:DSD_PATENTS@DF_PATENTS_OECDSPECIFIC(1.0),,I,6F0,,A,,AP,,PATN,,PRIORITY,,SAU,,_Z,,INVENTOR,,_Z,,_Z,,_T,,2018,,360.11829,,A,,1,,0,
DATAFLOW,OECD.STI.PIE:DSD_PATENTS@DF_PATENTS_OECDSPECIFIC(1.0),,I,6F0,,A,,AP,,PATN,,PRIORITY,,URY,,_Z,,INVENTOR,,_Z,,_Z,,_T,,2018,,6.2333002,,A,,1,,0,
DATAFLOW,OECD.STI.PIE:DSD_PATENTS@DF_PATENTS_OECDSPECIFIC(1.0),,I,6F0,,A,,AP,,PATN,,PRIORITY,,CZE,,_Z,,INVENTOR,,_Z,,_Z,,_T,,2018,,272.11169,,A,,1,,0,
DATAFLOW,OECD.STI.PIE:DSD_PATENTS@DF_PATENTS_OECDSPECIFIC(1.0),,I,6F0,,A,,AP,,PATN,,PRIORITY,,PAK,,_Z,,INVENTOR,,_Z,,_Z,,_T,,2018,,5.0881,,A,,1,,0,
DATAFLOW,OECD.STI.PIE:DSD_PATENTS@DF_PATENTS_OECDSPECIFIC(1.0),,I,6F0,,A,,AP,,PATN,,PRIORITY,,BIH,,_Z,,INVENTOR,,_Z,,_Z,,_T,,2018,,2.2,,A,,1,,0,
DATAFLOW,OECD.STI.PIE:DSD_PATENTS@DF_PATENTS_OECDSPECIFIC(1.0),,I,6F0,,A,,AP,,PATN,,PRIORITY,,MKD,,_Z,,INVENTOR,,_Z,,_Z,,_T,,2018,,3.75,,A,,1,,0,
DATAFLOW,OECD.STI.PIE:DSD_PATENTS@DF_PATENTS_OECDSPECIFIC(1.0),,I,6F0,,A,,AP,,PATN,,PRIORITY,,JPN,,_Z,,INVENTOR,,_Z,,_Z,,_T,,2018,,21041.43,,A,,1,,0,
DATAFLOW,OECD.STI.PIE:DSD_PATENTS@DF_PATENTS_OECDSPECIFIC(1.0),,I,6F0,,A,,AP,,PATN,,PRIORITY,,BLR,,_Z,,INVENTOR,,_Z,,_Z,,_T,,2018,,7.2832999,,A,,1,,0,
DATAFLOW,OECD.STI.PIE:DSD_PATENTS@DF_PATENTS_OECDSPECIFIC(1.0),,I,6F0,,A,,AP,,PATN,,PRIORITY,,KOR,,_Z,,INVENTOR,,_Z,,_Z,,_T,,2018,,8491.4326,,A,,1,,0,
DATAFLOW,OECD.STI.PIE:DSD_PATENTS@DF_PATENTS_OECDSPECIFIC(1.0),,I,6F0,,A,,AP,,PATN,,PRIORITY,,EST,,_Z,,INVENTOR,,_Z,,_Z,,_T,,2018,,41.607101,,A,,1,,0,
DATAFLOW,OECD.STI.PIE:DSD_PATENTS@DF_PATENTS_OECDSPECIFIC(1.0),,I,6F0,,A,,AP,,PATN,,PRIORITY,,BRA,,_Z,,INVENTOR,,_Z,,_Z,,_T,,2018,,289.55139,,A,,1,,0,
DATAFLOW,OECD.STI.PIE:DSD_PATENTS@DF_PATENTS_OECDSPECIFIC(1.0),,I,6F0,,A,,AP,,PATN,,PRIORITY,,ARG,,_Z,,INVENTOR,,_Z,,_Z,,_T,,2018,,46.059502,,A,,1,,0,
DATAFLOW,OECD.STI.PIE:DSD_PATENTS@DF_PATENTS_OECDSPECIFIC(1.0),,I,6F0,,A,,AP,,PATN,,PRIORITY,,NZL,,_Z,,INVENTOR,,_Z,,_Z,,_T,,2018,,168.9158,,A,,1,,0,
DATAFLOW,OECD.STI.PIE:DSD_PATENTS@DF_PATENTS_OECDSPECIFIC(1.0),,I,6F0,,A,,AP,,PATN,,PRIORITY,,MNG,,_Z,,INVENTOR,,_Z,,_Z,,_T,,2018,,0.2,,A,,1,,0,
DATAFLOW,OECD.STI.PIE:DSD_PATENTS@DF_PATENTS_OECDSPECIFIC(1.0),,I,6F0,,A,,AP,,PATN,,PRIORITY,,USA,,_Z,,INVENTOR,,_Z,,_Z,,_T,,2018,,41742.289,,A,,1,,0,
DATAFLOW,OECD.STI.PIE:DSD_PATENTS@DF_PATENTS_OECDSPECIFIC(1.0),,I,6F0,,A,,AP,,PATN,,PRIORITY,,ESP,,_Z,,INVENTOR,,_Z,,_Z,,_T,,2018,,1891.8107,,A,,1,,0,
DATAFLOW,OECD.STI.PIE:DSD_PATENTS@DF_PATENTS_OECDSPECIFIC(1.0),,I,6F0,,A,,AP,,PATN,,PRIORITY,,W,,_Z,,INVENTOR,,_Z,,_Z,,_T,,2018,,166602,,A,,1,,0,
DATAFLOW,OECD.STI.PIE:DSD_PATENTS@DF_PATENTS_OECDSPECIFIC(1.0),,I,6F0,,A,,AP,,PATN,,PRIORITY,,GRC,,_Z,,INVENTOR,,_Z,,_Z,,_T,,2018,,150.5865,,A,,1,,0,
DATAFLOW,OECD.STI.PIE:DSD_PATENTS@DF_PATENTS_OECDSPECIFIC(1.0),,I,6F0,,A,,AP,,PATN,,PRIORITY,,TTO,,_Z,,INVENTOR,,_Z,,_Z,,_T,,2018,,2.1666999,,A,,1,,0,
DATAFLOW,OECD.STI.PIE:DSD_PATENTS@DF_PATENTS_OECDSPECIFIC(1.0),,I,6F0,,A,,AP,,PATN,,PRIORITY,,RUS,,_Z,,INVENTOR,,_Z,,_Z,,_T,,2018,,343.7782,,A,,1,,0,
DATAFLOW,OECD.STI.PIE:DSD_PATENTS@DF_PATENTS_OECDSPECIFIC(1.0),,I,6F0,,A,,AP,,PATN,,PRIORITY,,TUR,,_Z,,INVENTOR,,_Z,,_Z,,_T,,2018,,715.79999,,A,,1,,0,
DATAFLOW,OECD.STI.PIE:DSD_PATENTS@DF_PATENTS_OECDSPECIFIC(1.0),,I,6F0,,A,,AP,,PATN,,PRIORITY,,MCO,,_Z,,INVENTOR,,_Z,,_Z,,_T,,2018,,14.9881,,A,,1,,0,
DATAFLOW,OECD.STI.PIE:DSD_PATENTS@DF_PATENTS_OECDSPECIFIC(1.0),,I,6F0,,A,,AP,,PATN,,PRIORITY,,MCO,,_Z,,INVENTOR,,_Z,,_Z,,_T,,2019,,35.176201,,A,,1,,0,
DATAFLOW,OECD.STI.PIE:DSD_PATENTS@DF_PATENTS_OECDSPECIFIC(1.0),,I,6F0,,A,,AP,,PATN,,PRIORITY,,TUR,,_Z,,INVENTOR,,_Z,,_Z,,_T,,2019,,651.78168,,A,,1,,0,
DATAFLOW,OECD.STI.PIE:DSD_PATENTS@DF_PATENTS_OECDSPECIFIC(1.0),,I,6F0,,A,,AP,,PATN,,PRIORITY,,RUS,,_Z,,INVENTOR,,_Z,,_Z,,_T,,2019,,333.3063,,A,,1,,0,
DATAFLOW,OECD.STI.PIE:DSD_PATENTS@DF_PATENTS_OECDSPECIFIC(1.0),,I,6F0,,A,,AP,,PATN,,PRIORITY,,GRC,,_Z,,INVENTOR,,_Z,,_Z,,_T,,2019,,134.1163,,A,,1,,0,
DATAFLOW,OECD.STI.PIE:DSD_PATENTS@DF_PATENTS_OECDSPECIFIC(1.0),,I,6F0,,A,,AP,,PATN,,PRIORITY,,W,,_Z,,INVENTOR,,_Z,,_Z,,_T,,2019,,172346,,A,,1,,0,
DATAFLOW,OECD.STI.PIE:DSD_PATENTS@DF_PATENTS_OECDSPECIFIC(1.0),,I,6F0,,A,,AP,,PATN,,PRIORITY,,ESP,,_Z,,INVENTOR,,_Z,,_Z,,_T,,2019,,1906.8813,,A,,1,,0,
DATAFLOW,OECD.STI.PIE:DSD_PATENTS@DF_PATENTS_OECDSPECIFIC(1.0),,I,6F0,,A,,AP,,PATN,,PRIORITY,,USA,,_Z,,INVENTOR,,_Z,,_Z,,_T,,2019,,43433.215,,A,,1,,0,
DATAFLOW,OECD.STI.PIE:DSD_PATENTS@DF_PATENTS_OECDSPECIFIC(1.0),,I,6F0,,A,,AP,,PATN,,PRIORITY,,MNG,,_Z,,INVENTOR,,_Z,,_Z,,_T,,2019,,0.34290001,,A,,1,,0,
DATAFLOW,OECD.STI.PIE:DSD_PATENTS@DF_PATENTS_OECDSPECIFIC(1.0),,I,6F0,,A,,AP,,PATN,,PRIORITY,,NZL,,_Z,,INVENTOR,,_Z,,_Z,,_T,,2019,,201.09641,,A,,1,,0,
DATAFLOW,OECD.STI.PIE:DSD_PATENTS@DF_PATENTS_OECDSPECIFIC(1.0),,I,6F0,,A,,AP,,PATN,,PRIORITY,,ARG,,_Z,,INVENTOR,,_Z,,_Z,,_T,,2019,,41.833302,,A,,1,,0,
DATAFLOW,OECD.STI.PIE:DSD_PATENTS@DF_PATENTS_OECDSPECIFIC(1.0),,I,6F0,,A,,AP,,PATN,,PRIORITY,,BRA,,_Z,,INVENTOR,,_Z,,_Z,,_T,,2019,,324.53339,,A,,1,,0,
DATAFLOW,OECD.STI.PIE:DSD_PATENTS@DF_PATENTS_OECDSPECIFIC(1.0),,I,6F0,,A,,AP,,PATN,,PRIORITY,,EST,,_Z,,INVENTOR,,_Z,,_Z,,_T,,2019,,63.275002,,A,,1,,0,
DATAFLOW,OECD.STI.PIE:DSD_PATENTS@DF_PATENTS_OECDSPECIFIC(1.0),,I,6F0,,A,,AP,,PATN,,PRIORITY,,KOR,,_Z,,INVENTOR,,_Z,,_Z,,_T,,2019,,9158.1084,,A,,1,,0,
DATAFLOW,OECD.STI.PIE:DSD_PATENTS@DF_PATENTS_OECDSPECIFIC(1.0),,I,6F0,,A,,AP,,PATN,,PRIORITY,,BLR,,_Z,,INVENTOR,,_Z,,_Z,,_T,,2019,,21.6667,,A,,1,,0,
DATAFLOW,OECD.STI.PIE:DSD_PATENTS@DF_PATENTS_OECDSPECIFIC(1.0),,I,6F0,,A,,AP,,PATN,,PRIORITY,,JOR,,_Z,,INVENTOR,,_Z,,_Z,,_T,,2019,,2.5,,A,,1,,0,
DATAFLOW,OECD.STI.PIE:DSD_PATENTS@DF_PATENTS_OECDSPECIFIC(1.0),,I,6F0,,A,,AP,,PATN,,PRIORITY,,JPN,,_Z,,INVENTOR,,_Z,,_Z,,_T,,2019,,20352.107,,A,,1,,0,
DATAFLOW,OECD.STI.PIE:DSD_PATENTS@DF_PATENTS_OECDSPECIFIC(1.0),,I,6F0,,A,,AP,,PATN,,PRIORITY,,MKD,,_Z,,INVENTOR,,_Z,,_Z,,_T,,2019,,0.66670001,,A,,1,,0,
DATAFLOW,OECD.STI.PIE:DSD_PATENTS@DF_PATENTS_OECDSPECIFIC(1.0),,I,6F0,,A,,AP,,PATN,,PRIORITY,,BIH,,_Z,,INVENTOR,,_Z,,_Z,,_T,,2019,,2.1111,,A,,1,,0,
DATAFLOW,OECD.STI.PIE:DSD_PATENTS@DF_PATENTS_OECDSPECIFIC(1.0),,I,6F0,,A,,AP,,PATN,,PRIORITY,,PAK,,_Z,,INVENTOR,,_Z,,_Z,,_T,,2019,,1.4,,A,,1,,0,
DATAFLOW,OECD.STI.PIE:DSD_PATENTS@DF_PATENTS_OECDSPECIFIC(1.0),,I,6F0,,A,,AP,,PATN,,PRIORITY,,CZE,,_Z,,INVENTOR,,_Z,,_Z,,_T,,2019,,305.63489,,A,,1,,0,
DATAFLOW,OECD.STI.PIE:DSD_PATENTS@DF_PATENTS_OECDSPECIFIC(1.0),,I,6F0,,A,,AP,,PATN,,PRIORITY,,URY,,_Z,,INVENTOR,,_Z,,_Z,,_T,,2019,,10.4262,,A,,1,,0,
DATAFLOW,OECD.STI.PIE:DSD_PATENTS@DF_PATENTS_OECDSPECIFIC(1.0),,I,6F0,,A,,AP,,PATN,,PRIORITY,,SAU,,_Z,,INVENTOR,,_Z,,_Z,,_T,,2019,,253.89841,,A,,1,,0,
DATAFLOW,OECD.STI.PIE:DSD_PATENTS@DF_PATENTS_OECDSPECIFIC(1.0),,I,6F0,,A,,AP,,PATN,,PRIORITY,,BEL,,_Z,,INVENTOR,,_Z,,_Z,,_T,,2019,,1745.0305,,A,,1,,0,
DATAFLOW,OECD.STI.PIE:DSD_PATENTS@DF_PATENTS_OECDSPECIFIC(1.0),,I,6F0,,A,,AP,,PATN,,PRIORITY,,LUX,,_Z,,INVENTOR,,_Z,,_Z,,_T,,2019,,118.8937,,A,,1,,0,
DATAFLOW,OECD.STI.PIE:DSD_PATENTS@DF_PATENTS_OECDSPECIFIC(1.0),,I,6F0,,A,,AP,,PATN,,PRIORITY,,SVN,,_Z,,INVENTOR,,_Z,,_Z,,_T,,2019,,167.1274,,A,,1,,0,
DATAFLOW,OECD.STI.PIE:DSD_PATENTS@DF_PATENTS_OECDSPECIFIC(1.0),,I,6F0,,A,,AP,,PATN,,PRIORITY,,CHN,,_Z,,INVENTOR,,_Z,,_Z,,_T,,2019,,16841.729,,A,,1,,0,
DATAFLOW,OECD.STI.PIE:DSD_PATENTS@DF_PATENTS_OECDSPECIFIC(1.0),,I,6F0,,A,,AP,,PATN,,PRIORITY,,DNK,,_Z,,INVENTOR,,_Z,,_Z,,_T,,2019,,1712.5272,,A,,1,,0,
DATAFLOW,OECD.STI.PIE:DSD_PATENTS@DF_PATENTS_OECDSPECIFIC(1.0),,I,6F0,,A,,AP,,PATN,,PRIORITY,,LBN,,_Z,,INVENTOR,,_Z,,_Z,,_T,,2019,,9.7909002,,A,,1,,0,
DATAFLOW,OECD.STI.PIE:DSD_PATENTS@DF_PATENTS_OECDSPECIFIC(1.0),,I,6F0,,A,,AP,,PATN,,PRIORITY,,PRK,,_Z,,INVENTOR,,_Z,,_Z,,_T,,2019,,3.9583001,,A,,1,,0,
DATAFLOW,OECD.STI.PIE:DSD_PATENTS@DF_PATENTS_OECDSPECIFIC(1.0),,I,6F0,,A,,AP,,PATN,,PRIORITY,,ECU,,_Z,,INVENTOR,,_Z,,_Z,,_T,,2019,,0.30950001,,A,,1,,0,
DATAFLOW,OECD.STI.PIE:DSD_PATENTS@DF_PATENTS_OECDSPECIFIC(1.0),,I,6F0,,A,,AP,,PATN,,PRIORITY,,HRV,,_Z,,INVENTOR,,_Z,,_Z,,_T,,2019,,43.128601,,A,,1,,0,
DATAFLOW,OECD.STI.PIE:DSD_PATENTS@DF_PATENTS_OECDSPECIFIC(1.0),,I,6F0,,A,,AP,,PATN,,PRIORITY,,FRA,,_Z,,INVENTOR,,_Z,,_Z,,_T,,2019,,9569.4619,,A,,1,,0,
DATAFLOW,OECD.STI.PIE:DSD_PATENTS@DF_PATENTS_OECDSPECIFIC(1.0),,I,6F0,,A,,AP,,PATN,,PRIORITY,,EGY,,_Z,,INVENTOR,,_Z,,_Z,,_T,,2019,,11.9524,,A,,1,,0,
DATAFLOW,OECD.STI.PIE:DSD_PATENTS@DF_PATENTS_OECDSPECIFIC(1.0),,I,6F0,,A,,AP,,PATN,,PRIORITY,,OECD,,_Z,,INVENTOR,,_Z,,_Z,,_T,,2019,,149382.7,,A,,1,,0,
DATAFLOW,OECD.STI.PIE:DSD_PATENTS@DF_PATENTS_OECDSPECIFIC(1.0),,I,6F0,,A,,AP,,PATN,,PRIORITY,,PRT,,_Z,,INVENTOR,,_Z,,_Z,,_T,,2019,,294.99399,,A,,1,,0,
DATAFLOW,OECD.STI.PIE:DSD_PATENTS@DF_PATENTS_OECDSPECIFIC(1.0),,I,6F0,,A,,AP,,PATN,,PRIORITY,,CYP,,_Z,,INVENTOR,,_Z,,_Z,,_T,,2019,,20.871401,,A,,1,,0,
DATAFLOW,OECD.STI.PIE:DSD_PATENTS@DF_PATENTS_OECDSPECIFIC(1.0),,I,6F0,,A,,AP,,PATN,,PRIORITY,,GEO,,_Z,,INVENTOR,,_Z,,_Z,,_T,,2019,,1.5,,A,,1,,0,
DATAFLOW,OECD.STI.PIE:DSD_PATENTS@DF_PATENTS_OECDSPECIFIC(1.0),,I,6F0,,A,,AP,,PATN,,PRIORITY,,HKG,,_Z,,INVENTOR,,_Z,,_Z,,_T,,2019,,270.00519,,A,,1,,0,
DATAFLOW,OECD.STI.PIE:DSD_PATENTS@DF_PATENTS_OECDSPECIFIC(1.0),,I,6F0,,A,,AP,,PATN,,PRIORITY,,SWE,,_Z,,INVENTOR,,_Z,,_Z,,_T,,2019,,3666.7351,,A,,1,,0,
DATAFLOW,OECD.STI.PIE:DSD_PATENTS@DF_PATENTS_OECDSPECIFIC(1.0),,I,6F0,,A,,AP,,PATN,,PRIORITY,,ARM,,_Z,,INVENTOR,,_Z,,_Z,,_T,,2019,,6.1845002,,A,,1,,0,
DATAFLOW,OECD.STI.PIE:DSD_PATENTS@DF_PATENTS_OECDSPECIFIC(1.0),,I,6F0,,A,,AP,,PATN,,PRIORITY,,NOR,,_Z,,INVENTOR,,_Z,,_Z,,_T,,2019,,542.48328,,A,,1,,0,
DATAFLOW,OECD.STI.PIE:DSD_PATENTS@DF_PATENTS_OECDSPECIFIC(1.0),,I,6F0,,A,,AP,,PATN,,PRIORITY,,CAN,,_Z,,INVENTOR,,_Z,,_Z,,_T,,2019,,2357.0811,,A,,1,,0,
DATAFLOW,OECD.STI.PIE:DSD_PATENTS@DF_PATENTS_OECDSPECIFIC(1.0),,I,6F0,,A,,AP,,PATN,,PRIORITY,,HUN,,_Z,,INVENTOR,,_Z,,_Z,,_T,,2019,,227.21449,,A,,1,,0,
DATAFLOW,OECD.STI.PIE:DSD_PATENTS@DF_PATENTS_OECDSPECIFIC(1.0),,I,6F0,,A,,AP,,PATN,,PRIORITY,,DZA,,_Z,,INVENTOR,,_Z,,_Z,,_T,,2019,,2.7,,A,,1,,0,
DATAFLOW,OECD.STI.PIE:DSD_PATENTS@DF_PATENTS_OECDSPECIFIC(1.0),,I,6F0,,A,,AP,,PATN,,PRIORITY,,CHE,,_Z,,INVENTOR,,_Z,,_Z,,_T,,2019,,4031.1426,,A,,1,,0,
DATAFLOW,OECD.STI.PIE:DSD_PATENTS@DF_PATENTS_OECDSPECIFIC(1.0),,I,6F0,,A,,AP,,PATN,,PRIORITY,,EU27_2020,,_Z,,INVENTOR,,_Z,,_Z,,_T,,2019,,58836.344,,A,,1,,0,
DATAFLOW,OECD.STI.PIE:DSD_PATENTS@DF_PATENTS_OECDSPECIFIC(1.0),,I,6F0,,A,,AP,,PATN,,PRIORITY,,MEX,,_Z,,INVENTOR,,_Z,,_Z,,_T,,2019,,79.304901,,A,,1,,0,
DATAFLOW,OECD.STI.PIE:DSD_PATENTS@DF_PATENTS_OECDSPECIFIC(1.0),,I,6F0,,A,,AP,,PATN,,PRIORITY,,KAZ,,_Z,,INVENTOR,,_Z,,_Z,,_T,,2019,,2.4333,,A,,1,,0,
DATAFLOW,OECD.STI.PIE:DSD_PATENTS@DF_PATENTS_OECDSPECIFIC(1.0),,I,6F0,,A,,AP,,PATN,,PRIORITY,,CUB,,_Z,,INVENTOR,,_Z,,_Z,,_T,,2019,,6.9369001,,A,,1,,0,
DATAFLOW,OECD.STI.PIE:DSD_PATENTS@DF_PATENTS_OECDSPECIFIC(1.0),,I,6F0,,A,,AP,,PATN,,PRIORITY,,ISL,,_Z,,INVENTOR,,_Z,,_Z,,_T,,2019,,40.333302,,A,,1,,0,
DATAFLOW,OECD.STI.PIE:DSD_PATENTS@DF_PATENTS_OECDSPECIFIC(1.0),,I,6F0,,A,,AP,,PATN,,PRIORITY,,LTU,,_Z,,INVENTOR,,_Z,,_Z,,_T,,2019,,46.1889,,A,,1,,0,
DATAFLOW,OECD.STI.PIE:DSD_PATENTS@DF_PATENTS_OECDSPECIFIC(1.0),,I,6F0,,A,,AP,,PATN,,PRIORITY,,UKR,,_Z,,INVENTOR,,_Z,,_Z,,_T,,2019,,36.577702,,A,,1,,0,
DATAFLOW,OECD.STI.PIE:DSD_PATENTS@DF_PATENTS_OECDSPECIFIC(1.0),,I,6F0,,A,,AP,,PATN,,PRIORITY,,CYM,,_Z,,INVENTOR,,_Z,,_Z,,_T,,2019,,9.4167004,,A,,1,,0,
DATAFLOW,OECD.STI.PIE:DSD_PATENTS@DF_PATENTS_OECDSPECIFIC(1.0),,I,6F0,,A,,AP,,PATN,,PRIORITY,,COL,,_Z,,INVENTOR,,_Z,,_Z,,_T,,2019,,19.5944,,A,,1,,0,
DATAFLOW,OECD.STI.PIE:DSD_PATENTS@DF_PATENTS_OECDSPECIFIC(1.0),,I,6F0,,A,,AP,,PATN,,PRIORITY,,PHL,,_Z,,INVENTOR,,_Z,,_Z,,_T,,2019,,7.9047999,,A,,1,,0,
DATAFLOW,OECD.STI.PIE:DSD_PATENTS@DF_PATENTS_OECDSPECIFIC(1.0),,I,6F0,,A,,AP,,PATN,,PRIORITY,,PAN,,_Z,,INVENTOR,,_Z,,_Z,,_T,,2019,,2.45,,A,,1,,0,
DATAFLOW,OECD.STI.PIE:DSD_PATENTS@DF_PATENTS_OECDSPECIFIC(1.0),,I,6F0,,A,,AP,,PATN,,PRIORITY,,IRN,,_Z,,INVENTOR,,_Z,,_Z,,_T,,2019,,11.5,,A,,1,,0,
DATAFLOW,OECD.STI.PIE:DSD_PATENTS@DF_PATENTS_OECDSPECIFIC(1.0),,I,6F0,,A,,AP,,PATN,,PRIORITY,,DEU,,_Z,,INVENTOR,,_Z,,_Z,,_T,,2019,,23933.965,,A,,1,,0,
DATAFLOW,OECD.STI.PIE:DSD_PATENTS@DF_PATENTS_OECDSPECIFIC(1.0),,I,6F0,,A,,AP,,PATN,,PRIORITY,,PRI,,_Z,,INVENTOR,,_Z,,_Z,,_T,,2019,,5.6076002,,A,,1,,0,
DATAFLOW,OECD.STI.PIE:DSD_PATENTS@DF_PATENTS_OECDSPECIFIC(1.0),,I,6F0,,A,,AP,,PATN,,PRIORITY,,IND,,_Z,,INVENTOR,,_Z,,_Z,,_T,,2019,,1737.9039,,A,,1,,0,
DATAFLOW,OECD.STI.PIE:DSD_PATENTS@DF_PATENTS_OECDSPECIFIC(1.0),,I,6F0,,A,,AP,,PATN,,PRIORITY,,TWN,,_Z,,INVENTOR,,_Z,,_Z,,_T,,2019,,1643.2384,,A,,1,,0,
DATAFLOW,OECD.STI.PIE:DSD_PATENTS@DF_PATENTS_OECDSPECIFIC(1.0),,I,6F0,,A,,AP,,PATN,,PRIORITY,,THA,,_Z,,INVENTOR,,_Z,,_Z,,_T,,2019,,54.817902,,A,,1,,0,
DATAFLOW,OECD.STI.PIE:DSD_PATENTS@DF_PATENTS_OECDSPECIFIC(1.0),,I,6F0,,A,,AP,,PATN,,PRIORITY,,ZAF,,_Z,,INVENTOR,,_Z,,_Z,,_T,,2019,,100.9488,,A,,1,,0,
DATAFLOW,OECD.STI.PIE:DSD_PATENTS@DF_PATENTS_OECDSPECIFIC(1.0),,I,6F0,,A,,AP,,PATN,,PRIORITY,,FIN,,_Z,,INVENTOR,,_Z,,_Z,,_T,,2019,,1546.9611,,A,,1,,0,
DATAFLOW,OECD.STI.PIE:DSD_PATENTS@DF_PATENTS_OECDSPECIFIC(1.0),,I,6F0,,A,,AP,,PATN,,PRIORITY,,ITA,,_Z,,INVENTOR,,_Z,,_Z,,_T,,2019,,5273.4907,,A,,1,,0,
DATAFLOW,OECD.STI.PIE:DSD_PATENTS@DF_PATENTS_OECDSPECIFIC(1.0),,I,6F0,,A,,AP,,PATN,,PRIORITY,,IRL,,_Z,,INVENTOR,,_Z,,_Z,,_T,,2019,,528.6153,,A,,1,,0,
DATAFLOW,OECD.STI.PIE:DSD_PATENTS@DF_PATENTS_OECDSPECIFIC(1.0),,I,6F0,,A,,AP,,PATN,,PRIORITY,,CRI,,_Z,,INVENTOR,,_Z,,_Z,,_T,,2019,,12.5159,,A,,1,,0,
DATAFLOW,OECD.STI.PIE:DSD_PATENTS@DF_PATENTS_OECDSPECIFIC(1.0),,I,6F0,,A,,AP,,PATN,,PRIORITY,,LKA,,_Z,,INVENTOR,,_Z,,_Z,,_T,,2019,,14.8167,,A,,1,,0,
DATAFLOW,OECD.STI.PIE:DSD_PATENTS@DF_PATENTS_OECDSPECIFIC(1.0),,I,6F0,,A,,AP,,PATN,,PRIORITY,,ZWE,,_Z,,INVENTOR,,_Z,,_Z,,_T,,2019,,0.5,,A,,1,,0,
DATAFLOW,OECD.STI.PIE:DSD_PATENTS@DF_PATENTS_OECDSPECIFIC(1.0),,I,6F0,,A,,AP,,PATN,,PRIORITY,,AUS,,_Z,,INVENTOR,,_Z,,_Z,,_T,,2019,,1098.7003,,A,,1,,0,
DATAFLOW,OECD.STI.PIE:DSD_PATENTS@DF_PATENTS_OECDSPECIFIC(1.0),,I,6F0,,A,,AP,,PATN,,PRIORITY,,NLD,,_Z,,INVENTOR,,_Z,,_Z,,_T,,2019,,4305.7026,,A,,1,,0,
DATAFLOW,OECD.STI.PIE:DSD_PATENTS@DF_PATENTS_OECDSPECIFIC(1.0),,I,6F0,,A,,AP,,PATN,,PRIORITY,,AUT,,_Z,,INVENTOR,,_Z,,_Z,,_T,,2019,,2335.1118,,A,,1,,0,
DATAFLOW,OECD.STI.PIE:DSD_PATENTS@DF_PATENTS_OECDSPECIFIC(1.0),,I,6F0,,A,,AP,,PATN,,PRIORITY,,SGP,,_Z,,INVENTOR,,_Z,,_Z,,_T,,2019,,483.09769,,A,,1,,0,
DATAFLOW,OECD.STI.PIE:DSD_PATENTS@DF_PATENTS_OECDSPECIFIC(1.0),,I,6F0,,A,,AP,,PATN,,PRIORITY,,MLT,,_Z,,INVENTOR,,_Z,,_Z,,_T,,2019,,18.6429,,A,,1,,0,
DATAFLOW,OECD.STI.PIE:DSD_PATENTS@DF_PATENTS_OECDSPECIFIC(1.0),,I,6F0,,A,,AP,,PATN,,PRIORITY,,MAR,,_Z,,INVENTOR,,_Z,,_Z,,_T,,2019,,12.4583,,A,,1,,0,
DATAFLOW,OECD.STI.PIE:DSD_PATENTS@DF_PATENTS_OECDSPECIFIC(1.0),,I,6F0,,A,,AP,,PATN,,PRIORITY,,CHL,,_Z,,INVENTOR,,_Z,,_Z,,_T,,2019,,54.799999,,A,,1,,0,
DATAFLOW,OECD.STI.PIE:DSD_PATENTS@DF_PATENTS_OECDSPECIFIC(1.0),,I,6F0,,A,,AP,,PATN,,PRIORITY,,PER,,_Z,,INVENTOR,,_Z,,_Z,,_T,,2019,,3.7548001,,A,,1,,0,
DATAFLOW,OECD.STI.PIE:DSD_PATENTS@DF_PATENTS_OECDSPECIFIC(1.0),,I,6F0,,A,,AP,,PATN,,PRIORITY,,TUN,,_Z,,INVENTOR,,_Z,,_Z,,_T,,2019,,8.6667004,,A,,1,,0,
DATAFLOW,OECD.STI.PIE:DSD_PATENTS@DF_PATENTS_OECDSPECIFIC(1.0),,I,6F0,,A,,AP,,PATN,,PRIORITY,,ROU,,_Z,,INVENTOR,,_Z,,_Z,,_T,,2019,,92.8881,,A,,1,,0,
DATAFLOW,OECD.STI.PIE:DSD_PATENTS@DF_PATENTS_OECDSPECIFIC(1.0),,I,6F0,,A,,AP,,PATN,,PRIORITY,,POL,,_Z,,INVENTOR,,_Z,,_Z,,_T,,2019,,622.77069,,A,,1,,0,
DATAFLOW,OECD.STI.PIE:DSD_PATENTS@DF_PATENTS_OECDSPECIFIC(1.0),,I,6F0,,A,,AP,,PATN,,PRIORITY,,LVA,,_Z,,INVENTOR,,_Z,,_Z,,_T,,2019,,26.7048,,A,,1,,0,
DATAFLOW,OECD.STI.PIE:DSD_PATENTS@DF_PATENTS_OECDSPECIFIC(1.0),,I,6F0,,A,,AP,,PATN,,PRIORITY,,ARE,,_Z,,INVENTOR,,_Z,,_Z,,_T,,2019,,57.307598,,A,,1,,0,
DATAFLOW,OECD.STI.PIE:DSD_PATENTS@DF_PATENTS_OECDSPECIFIC(1.0),,I,6F0,,A,,AP,,PATN,,PRIORITY,,ISR,,_Z,,INVENTOR,,_Z,,_Z,,_T,,2019,,1842.9238,,A,,1,,0,
DATAFLOW,OECD.STI.PIE:DSD_PATENTS@DF_PATENTS_OECDSPECIFIC(1.0),,I,6F0,,A,,AP,,PATN,,PRIORITY,,AND,,_Z,,INVENTOR,,_Z,,_Z,,_T,,2019,,2.2083001,,A,,1,,0,
DATAFLOW,OECD.STI.PIE:DSD_PATENTS@DF_PATENTS_OECDSPECIFIC(1.0),,I,6F0,,A,,AP,,PATN,,PRIORITY,,LIE,,_Z,,INVENTOR,,_Z,,_Z,,_T,,2019,,25.5333,,A,,1,,0,
DATAFLOW,OECD.STI.PIE:DSD_PATENTS@DF_PATENTS_OECDSPECIFIC(1.0),,I,6F0,,A,,AP,,PATN,,PRIORITY,,VEN,,_Z,,INVENTOR,,_Z,,_Z,,_T,,2019,,1.5,,A,,1,,0,
DATAFLOW,OECD.STI.PIE:DSD_PATENTS@DF_PATENTS_OECDSPECIFIC(1.0),,I,6F0,,A,,AP,,PATN,,PRIORITY,,IDN,,_Z,,INVENTOR,,_Z,,_Z,,_T,,2019,,8.3570995,,A,,1,,0,
DATAFLOW,OECD.STI.PIE:DSD_PATENTS@DF_PATENTS_OECDSPECIFIC(1.0),,I,6F0,,A,,AP,,PATN,,PRIORITY,,SVK,,_Z,,INVENTOR,,_Z,,_Z,,_T,,2019,,73.469002,,A,,1,,0,
DATAFLOW,OECD.STI.PIE:DSD_PATENTS@DF_PATENTS_OECDSPECIFIC(1.0),,I,6F0,,A,,AP,,PATN,,PRIORITY,,MYS,,_Z,,INVENTOR,,_Z,,_Z,,_T,,2019,,79.620201,,A,,1,,0,
DATAFLOW,OECD.STI.PIE:DSD_PATENTS@DF_PATENTS_OECDSPECIFIC(1.0),,I,6F0,,A,,AP,,PATN,,PRIORITY,,GBR,,_Z,,INVENTOR,,_Z,,_Z,,_T,,2019,,6902.6348,,A,,1,,0,
DATAFLOW,OECD.STI.PIE:DSD_PATENTS@DF_PATENTS_OECDSPECIFIC(1.0),,I,6F0,,A,,AP,,PATN,,PRIORITY,,BGR,,_Z,,INVENTOR,,_Z,,_Z,,_T,,2019,,55.942902,,A,,1,,0,
DATAFLOW,OECD.STI.PIE:DSD_PATENTS@DF_PATENTS_OECDSPECIFIC(1.0),,I,6F0,,A,,AP,,PATN,,PRIORITY,,BGR,,_Z,,INVENTOR,,_Z,,_Z,,_T,,2020,,53.528599,,A,,1,,0,
DATAFLOW,OECD.STI.PIE:DSD_PATENTS@DF_PATENTS_OECDSPECIFIC(1.0),,I,6F0,,A,,AP,,PATN,,PRIORITY,,GBR,,_Z,,INVENTOR,,_Z,,_Z,,_T,,2020,,6203.791,,A,,1,,0,
DATAFLOW,OECD.STI.PIE:DSD_PATENTS@DF_PATENTS_OECDSPECIFIC(1.0),,I,6F0,,A,,AP,,PATN,,PRIORITY,,MYS,,_Z,,INVENTOR,,_Z,,_Z,,_T,,2020,,72.050797,,A,,1,,0,
DATAFLOW,OECD.STI.PIE:DSD_PATENTS@DF_PATENTS_OECDSPECIFIC(1.0),,I,6F0,,A,,AP,,PATN,,PRIORITY,,SVK,,_Z,,INVENTOR,,_Z,,_Z,,_T,,2020,,82.362198,,A,,1,,0,
DATAFLOW,OECD.STI.PIE:DSD_PATENTS@DF_PATENTS_OECDSPECIFIC(1.0),,I,6F0,,A,,AP,,PATN,,PRIORITY,,IDN,,_Z,,INVENTOR,,_Z,,_Z,,_T,,2020,,6.8298001,,A,,1,,0,
DATAFLOW,OECD.STI.PIE:DSD_PATENTS@DF_PATENTS_OECDSPECIFIC(1.0),,I,6F0,,A,,AP,,PATN,,PRIORITY,,VEN,,_Z,,INVENTOR,,_Z,,_Z,,_T,,2020,,1.8583,,A,,1,,0,
DATAFLOW,OECD.STI.PIE:DSD_PATENTS@DF_PATENTS_OECDSPECIFIC(1.0),,I,6F0,,A,,AP,,PATN,,PRIORITY,,LIE,,_Z,,INVENTOR,,_Z,,_Z,,_T,,2020,,34.370201,,A,,1,,0,
DATAFLOW,OECD.STI.PIE:DSD_PATENTS@DF_PATENTS_OECDSPECIFIC(1.0),,I,6F0,,A,,AP,,PATN,,PRIORITY,,AND,,_Z,,INVENTOR,,_Z,,_Z,,_T,,2020,,1.3333,,A,,1,,0,
DATAFLOW,OECD.STI.PIE:DSD_PATENTS@DF_PATENTS_OECDSPECIFIC(1.0),,I,6F0,,A,,AP,,PATN,,PRIORITY,,ISR,,_Z,,INVENTOR,,_Z,,_Z,,_T,,2020,,1972.3265,,A,,1,,0,
DATAFLOW,OECD.STI.PIE:DSD_PATENTS@DF_PATENTS_OECDSPECIFIC(1.0),,I,6F0,,A,,AP,,PATN,,PRIORITY,,ARE,,_Z,,INVENTOR,,_Z,,_Z,,_T,,2020,,63.904301,,A,,1,,0,
DATAFLOW,OECD.STI.PIE:DSD_PATENTS@DF_PATENTS_OECDSPECIFIC(1.0),,I,6F0,,A,,AP,,PATN,,PRIORITY,,LVA,,_Z,,INVENTOR,,_Z,,_Z,,_T,,2020,,33.775101,,A,,1,,0,
DATAFLOW,OECD.STI.PIE:DSD_PATENTS@DF_PATENTS_OECDSPECIFIC(1.0),,I,6F0,,A,,AP,,PATN,,PRIORITY,,POL,,_Z,,INVENTOR,,_Z,,_Z,,_T,,2020,,701.37042,,A,,1,,0,
DATAFLOW,OECD.STI.PIE:DSD_PATENTS@DF_PATENTS_OECDSPECIFIC(1.0),,I,6F0,,A,,AP,,PATN,,PRIORITY,,ROU,,_Z,,INVENTOR,,_Z,,_Z,,_T,,2020,,79.772797,,A,,1,,0,
DATAFLOW,OECD.STI.PIE:DSD_PATENTS@DF_PATENTS_OECDSPECIFIC(1.0),,I,6F0,,A,,AP,,PATN,,PRIORITY,,TUN,,_Z,,INVENTOR,,_Z,,_Z,,_T,,2020,,8.2054005,,A,,1,,0,
DATAFLOW,OECD.STI.PIE:DSD_PATENTS@DF_PATENTS_OECDSPECIFIC(1.0),,I,6F0,,A,,AP,,PATN,,PRIORITY,,KWT,,_Z,,INVENTOR,,_Z,,_Z,,_T,,2020,,0.2,,A,,1,,0,
DATAFLOW,OECD.STI.PIE:DSD_PATENTS@DF_PATENTS_OECDSPECIFIC(1.0),,I,6F0,,A,,AP,,PATN,,PRIORITY,,PER,,_Z,,INVENTOR,,_Z,,_Z,,_T,,2020,,6.0250001,,A,,1,,0,
DATAFLOW,OECD.STI.PIE:DSD_PATENTS@DF_PATENTS_OECDSPECIFIC(1.0),,I,6F0,,A,,AP,,PATN,,PRIORITY,,CHL,,_Z,,INVENTOR,,_Z,,_Z,,_T,,2020,,44.584499,,A,,1,,0,
DATAFLOW,OECD.STI.PIE:DSD_PATENTS@DF_PATENTS_OECDSPECIFIC(1.0),,I,6F0,,A,,AP,,PATN,,PRIORITY,,MAR,,_Z,,INVENTOR,,_Z,,_Z,,_T,,2020,,18.6667,,A,,1,,0,
DATAFLOW,OECD.STI.PIE:DSD_PATENTS@DF_PATENTS_OECDSPECIFIC(1.0),,I,6F0,,A,,AP,,PATN,,PRIORITY,,MLT,,_Z,,INVENTOR,,_Z,,_Z,,_T,,2020,,32.966702,,A,,1,,0,
DATAFLOW,OECD.STI.PIE:DSD_PATENTS@DF_PATENTS_OECDSPECIFIC(1.0),,I,6F0,,A,,AP,,PATN,,PRIORITY,,SGP,,_Z,,INVENTOR,,_Z,,_Z,,_T,,2020,,493.77051,,A,,1,,0,
DATAFLOW,OECD.STI.PIE:DSD_PATENTS@DF_PATENTS_OECDSPECIFIC(1.0),,I,6F0,,A,,AP,,PATN,,PRIORITY,,AUT,,_Z,,INVENTOR,,_Z,,_Z,,_T,,2020,,2267.2346,,A,,1,,0,
DATAFLOW,OECD.STI.PIE:DSD_PATENTS@DF_PATENTS_OECDSPECIFIC(1.0),,I,6F0,,A,,AP,,PATN,,PRIORITY,,NLD,,_Z,,INVENTOR,,_Z,,_Z,,_T,,2020,,4368.1953,,A,,1,,0,
DATAFLOW,OECD.STI.PIE:DSD_PATENTS@DF_PATENTS_OECDSPECIFIC(1.0),,I,6F0,,A,,AP,,PATN,,PRIORITY,,AUS,,_Z,,INVENTOR,,_Z,,_Z,,_T,,2020,,1047.1173,,A,,1,,0,
DATAFLOW,OECD.STI.PIE:DSD_PATENTS@DF_PATENTS_OECDSPECIFIC(1.0),,I,6F0,,A,,AP,,PATN,,PRIORITY,,LKA,,_Z,,INVENTOR,,_Z,,_Z,,_T,,2020,,10.85,,A,,1,,0,
DATAFLOW,OECD.STI.PIE:DSD_PATENTS@DF_PATENTS_OECDSPECIFIC(1.0),,I,6F0,,A,,AP,,PATN,,PRIORITY,,CRI,,_Z,,INVENTOR,,_Z,,_Z,,_T,,2020,,15.3262,,A,,1,,0,
DATAFLOW,OECD.STI.PIE:DSD_PATENTS@DF_PATENTS_OECDSPECIFIC(1.0),,I,6F0,,A,,AP,,PATN,,PRIORITY,,IRL,,_Z,,INVENTOR,,_Z,,_Z,,_T,,2020,,602.98492,,A,,1,,0,
DATAFLOW,OECD.STI.PIE:DSD_PATENTS@DF_PATENTS_OECDSPECIFIC(1.0),,I,6F0,,A,,AP,,PATN,,PRIORITY,,ITA,,_Z,,INVENTOR,,_Z,,_Z,,_T,,2020,,5211.7822,,A,,1,,0,
DATAFLOW,OECD.STI.PIE:DSD_PATENTS@DF_PATENTS_OECDSPECIFIC(1.0),,I,6F0,,A,,AP,,PATN,,PRIORITY,,FIN,,_Z,,INVENTOR,,_Z,,_Z,,_T,,2020,,1577.9854,,A,,1,,0,
DATAFLOW,OECD.STI.PIE:DSD_PATENTS@DF_PATENTS_OECDSPECIFIC(1.0),,I,6F0,,A,,AP,,PATN,,PRIORITY,,ZAF,,_Z,,INVENTOR,,_Z,,_Z,,_T,,2020,,98.745201,,A,,1,,0,
DATAFLOW,OECD.STI.PIE:DSD_PATENTS@DF_PATENTS_OECDSPECIFIC(1.0),,I,6F0,,A,,AP,,PATN,,PRIORITY,,THA,,_Z,,INVENTOR,,_Z,,_Z,,_T,,2020,,58.007999,,A,,1,,0,
DATAFLOW,OECD.STI.PIE:DSD_PATENTS@DF_PATENTS_OECDSPECIFIC(1.0),,I,6F0,,A,,AP,,PATN,,PRIORITY,,TWN,,_Z,,INVENTOR,,_Z,,_Z,,_T,,2020,,1585.9977,,A,,1,,0,
DATAFLOW,OECD.STI.PIE:DSD_PATENTS@DF_PATENTS_OECDSPECIFIC(1.0),,I,6F0,,A,,AP,,PATN,,PRIORITY,,IND,,_Z,,INVENTOR,,_Z,,_Z,,_T,,2020,,1981.6985,,A,,1,,0,
DATAFLOW,OECD.STI.PIE:DSD_PATENTS@DF_PATENTS_OECDSPECIFIC(1.0),,I,6F0,,A,,AP,,PATN,,PRIORITY,,PRI,,_Z,,INVENTOR,,_Z,,_Z,,_T,,2020,,11.7048,,A,,1,,0,
DATAFLOW,OECD.STI.PIE:DSD_PATENTS@DF_PATENTS_OECDSPECIFIC(1.0),,I,6F0,,A,,AP,,PATN,,PRIORITY,,DEU,,_Z,,INVENTOR,,_Z,,_Z,,_T,,2020,,23043.898,,A,,1,,0,
DATAFLOW,OECD.STI.PIE:DSD_PATENTS@DF_PATENTS_OECDSPECIFIC(1.0),,I,6F0,,A,,AP,,PATN,,PRIORITY,,IRN,,_Z,,INVENTOR,,_Z,,_Z,,_T,,2020,,10.5742,,A,,1,,0,
DATAFLOW,OECD.STI.PIE:DSD_PATENTS@DF_PATENTS_OECDSPECIFIC(1.0),,I,6F0,,A,,AP,,PATN,,PRIORITY,,PHL,,_Z,,INVENTOR,,_Z,,_Z,,_T,,2020,,13.4278,,A,,1,,0,
DATAFLOW,OECD.STI.PIE:DSD_PATENTS@DF_PATENTS_OECDSPECIFIC(1.0),,I,6F0,,A,,AP,,PATN,,PRIORITY,,COL,,_Z,,INVENTOR,,_Z,,_Z,,_T,,2020,,13.8236,,A,,1,,0,
DATAFLOW,OECD.STI.PIE:DSD_PATENTS@DF_PATENTS_OECDSPECIFIC(1.0),,I,6F0,,A,,AP,,PATN,,PRIORITY,,CYM,,_Z,,INVENTOR,,_Z,,_Z,,_T,,2020,,5.4583001,,A,,1,,0,
DATAFLOW,OECD.STI.PIE:DSD_PATENTS@DF_PATENTS_OECDSPECIFIC(1.0),,I,6F0,,A,,AP,,PATN,,PRIORITY,,UKR,,_Z,,INVENTOR,,_Z,,_Z,,_T,,2020,,40.985298,,A,,1,,0,
DATAFLOW,OECD.STI.PIE:DSD_PATENTS@DF_PATENTS_OECDSPECIFIC(1.0),,I,6F0,,A,,AP,,PATN,,PRIORITY,,LTU,,_Z,,INVENTOR,,_Z,,_Z,,_T,,2020,,59.049999,,A,,1,,0,
DATAFLOW,OECD.STI.PIE:DSD_PATENTS@DF_PATENTS_OECDSPECIFIC(1.0),,I,6F0,,A,,AP,,PATN,,PRIORITY,,ISL,,_Z,,INVENTOR,,_Z,,_Z,,_T,,2020,,23.366699,,A,,1,,0,
DATAFLOW,OECD.STI.PIE:DSD_PATENTS@DF_PATENTS_OECDSPECIFIC(1.0),,I,6F0,,A,,AP,,PATN,,PRIORITY,,CUB,,_Z,,INVENTOR,,_Z,,_Z,,_T,,2020,,13.147,,A,,1,,0,
DATAFLOW,OECD.STI.PIE:DSD_PATENTS@DF_PATENTS_OECDSPECIFIC(1.0),,I,6F0,,A,,AP,,PATN,,PRIORITY,,KAZ,,_Z,,INVENTOR,,_Z,,_Z,,_T,,2020,,0.076899998,,A,,1,,0,
DATAFLOW,OECD.STI.PIE:DSD_PATENTS@DF_PATENTS_OECDSPECIFIC(1.0),,I,6F0,,A,,AP,,PATN,,PRIORITY,,MEX,,_Z,,INVENTOR,,_Z,,_Z,,_T,,2020,,76.042397,,A,,1,,0,
DATAFLOW,OECD.STI.PIE:DSD_PATENTS@DF_PATENTS_OECDSPECIFIC(1.0),,I,6F0,,A,,AP,,PATN,,PRIORITY,,MDA,,_Z,,INVENTOR,,_Z,,_Z,,_T,,2020,,1.6,,A,,1,,0,
DATAFLOW,OECD.STI.PIE:DSD_PATENTS@DF_PATENTS_OECDSPECIFIC(1.0),,I,6F0,,A,,AP,,PATN,,PRIORITY,,EU27_2020,,_Z,,INVENTOR,,_Z,,_Z,,_T,,2020,,57630.996,,A,,1,,0,
DATAFLOW,OECD.STI.PIE:DSD_PATENTS@DF_PATENTS_OECDSPECIFIC(1.0),,I,6F0,,A,,AP,,PATN,,PRIORITY,,CHE,,_Z,,INVENTOR,,_Z,,_Z,,_T,,2020,,4139.9443,,A,,1,,0,
DATAFLOW,OECD.STI.PIE:DSD_PATENTS@DF_PATENTS_OECDSPECIFIC(1.0),,I,6F0,,A,,AP,,PATN,,PRIORITY,,HUN,,_Z,,INVENTOR,,_Z,,_Z,,_T,,2020,,212.7919,,A,,1,,0,
DATAFLOW,OECD.STI.PIE:DSD_PATENTS@DF_PATENTS_OECDSPECIFIC(1.0),,I,6F0,,A,,AP,,PATN,,PRIORITY,,CAN,,_Z,,INVENTOR,,_Z,,_Z,,_T,,2020,,2403.9861,,A,,1,,0,
DATAFLOW,OECD.STI.PIE:DSD_PATENTS@DF_PATENTS_OECDSPECIFIC(1.0),,I,6F0,,A,,AP,,PATN,,PRIORITY,,NOR,,_Z,,INVENTOR,,_Z,,_Z,,_T,,2020,,589.01019,,A,,1,,0,
DATAFLOW,OECD.STI.PIE:DSD_PATENTS@DF_PATENTS_OECDSPECIFIC(1.0),,I,6F0,,A,,AP,,PATN,,PRIORITY,,ARM,,_Z,,INVENTOR,,_Z,,_Z,,_T,,2020,,4.9611001,,A,,1,,0,
DATAFLOW,OECD.STI.PIE:DSD_PATENTS@DF_PATENTS_OECDSPECIFIC(1.0),,I,6F0,,A,,AP,,PATN,,PRIORITY,,SWE,,_Z,,INVENTOR,,_Z,,_Z,,_T,,2020,,3473.7898,,A,,1,,0,
DATAFLOW,OECD.STI.PIE:DSD_PATENTS@DF_PATENTS_OECDSPECIFIC(1.0),,I,6F0,,A,,AP,,PATN,,PRIORITY,,HKG,,_Z,,INVENTOR,,_Z,,_Z,,_T,,2020,,272.81421,,A,,1,,0,
DATAFLOW,OECD.STI.PIE:DSD_PATENTS@DF_PATENTS_OECDSPECIFIC(1.0),,I,6F0,,A,,AP,,PATN,,PRIORITY,,GEO,,_Z,,INVENTOR,,_Z,,_Z,,_T,,2020,,4.25,,A,,1,,0,
DATAFLOW,OECD.STI.PIE:DSD_PATENTS@DF_PATENTS_OECDSPECIFIC(1.0),,I,6F0,,A,,AP,,PATN,,PRIORITY,,CYP,,_Z,,INVENTOR,,_Z,,_Z,,_T,,2020,,23.8095,,A,,1,,0,
DATAFLOW,OECD.STI.PIE:DSD_PATENTS@DF_PATENTS_OECDSPECIFIC(1.0),,I,6F0,,A,,AP,,PATN,,PRIORITY,,GTM,,_Z,,INVENTOR,,_Z,,_Z,,_T,,2020,,1.8571,,A,,1,,0,
DATAFLOW,OECD.STI.PIE:DSD_PATENTS@DF_PATENTS_OECDSPECIFIC(1.0),,I,6F0,,A,,AP,,PATN,,PRIORITY,,PRT,,_Z,,INVENTOR,,_Z,,_Z,,_T,,2020,,262.07269,,A,,1,,0,
DATAFLOW,OECD.STI.PIE:DSD_PATENTS@DF_PATENTS_OECDSPECIFIC(1.0),,I,6F0,,A,,AP,,PATN,,PRIORITY,,OECD,,_Z,,INVENTOR,,_Z,,_Z,,_T,,2020,,147072.8,,A,,1,,0,
DATAFLOW,OECD.STI.PIE:DSD_PATENTS@DF_PATENTS_OECDSPECIFIC(1.0),,I,6F0,,A,,AP,,PATN,,PRIORITY,,JAM,,_Z,,INVENTOR,,_Z,,_Z,,_T,,2020,,1.4762,,A,,1,,0,
DATAFLOW,OECD.STI.PIE:DSD_PATENTS@DF_PATENTS_OECDSPECIFIC(1.0),,I,6F0,,A,,AP,,PATN,,PRIORITY,,EGY,,_Z,,INVENTOR,,_Z,,_Z,,_T,,2020,,14.123,,A,,1,,0,
DATAFLOW,OECD.STI.PIE:DSD_PATENTS@DF_PATENTS_OECDSPECIFIC(1.0),,I,6F0,,A,,AP,,PATN,,PRIORITY,,FRA,,_Z,,INVENTOR,,_Z,,_Z,,_T,,2020,,8987.7285,,A,,1,,0,
DATAFLOW,OECD.STI.PIE:DSD_PATENTS@DF_PATENTS_OECDSPECIFIC(1.0),,I,6F0,,A,,AP,,PATN,,PRIORITY,,UZB,,_Z,,INVENTOR,,_Z,,_Z,,_T,,2020,,0.1111,,A,,1,,0,
DATAFLOW,OECD.STI.PIE:DSD_PATENTS@DF_PATENTS_OECDSPECIFIC(1.0),,I,6F0,,A,,AP,,PATN,,PRIORITY,,HRV,,_Z,,INVENTOR,,_Z,,_Z,,_T,,2020,,33.383301,,A,,1,,0,
DATAFLOW,OECD.STI.PIE:DSD_PATENTS@DF_PATENTS_OECDSPECIFIC(1.0),,I,6F0,,A,,AP,,PATN,,PRIORITY,,ECU,,_Z,,INVENTOR,,_Z,,_Z,,_T,,2020,,1.2,,A,,1,,0,
DATAFLOW,OECD.STI.PIE:DSD_PATENTS@DF_PATENTS_OECDSPECIFIC(1.0),,I,6F0,,A,,AP,,PATN,,PRIORITY,,PRK,,_Z,,INVENTOR,,_Z,,_Z,,_T,,2020,,5.4583001,,A,,1,,0,
DATAFLOW,OECD.STI.PIE:DSD_PATENTS@DF_PATENTS_OECDSPECIFIC(1.0),,I,6F0,,A,,AP,,PATN,,PRIORITY,,LBN,,_Z,,INVENTOR,,_Z,,_Z,,_T,,2020,,12.9143,,A,,1,,0,
DATAFLOW,OECD.STI.PIE:DSD_PATENTS@DF_PATENTS_OECDSPECIFIC(1.0),,I,6F0,,A,,AP,,PATN,,PRIORITY,,DNK,,_Z,,INVENTOR,,_Z,,_Z,,_T,,2020,,1898.2332,,A,,1,,0,
DATAFLOW,OECD.STI.PIE:DSD_PATENTS@DF_PATENTS_OECDSPECIFIC(1.0),,I,6F0,,A,,AP,,PATN,,PRIORITY,,CHN,,_Z,,INVENTOR,,_Z,,_Z,,_T,,2020,,19988.396,,A,,1,,0,
DATAFLOW,OECD.STI.PIE:DSD_PATENTS@DF_PATENTS_OECDSPECIFIC(1.0),,I,6F0,,A,,AP,,PATN,,PRIORITY,,SVN,,_Z,,INVENTOR,,_Z,,_Z,,_T,,2020,,169.3409,,A,,1,,0,
DATAFLOW,OECD.STI.PIE:DSD_PATENTS@DF_PATENTS_OECDSPECIFIC(1.0),,I,6F0,,A,,AP,,PATN,,PRIORITY,,LUX,,_Z,,INVENTOR,,_Z,,_Z,,_T,,2020,,145.1234,,A,,1,,0,
DATAFLOW,OECD.STI.PIE:DSD_PATENTS@DF_PATENTS_OECDSPECIFIC(1.0),,I,6F0,,A,,AP,,PATN,,PRIORITY,,BEL,,_Z,,INVENTOR,,_Z,,_Z,,_T,,2020,,1878.5817,,A,,1,,0,
DATAFLOW,OECD.STI.PIE:DSD_PATENTS@DF_PATENTS_OECDSPECIFIC(1.0),,I,6F0,,A,,AP,,PATN,,PRIORITY,,SAU,,_Z,,INVENTOR,,_Z,,_Z,,_T,,2020,,179.0083,,A,,1,,0,
DATAFLOW,OECD.STI.PIE:DSD_PATENTS@DF_PATENTS_OECDSPECIFIC(1.0),,I,6F0,,A,,AP,,PATN,,PRIORITY,,URY,,_Z,,INVENTOR,,_Z,,_Z,,_T,,2020,,3.7333,,A,,1,,0,
DATAFLOW,OECD.STI.PIE:DSD_PATENTS@DF_PATENTS_OECDSPECIFIC(1.0),,I,6F0,,A,,AP,,PATN,,PRIORITY,,CZE,,_Z,,INVENTOR,,_Z,,_Z,,_T,,2020,,292.50421,,A,,1,,0,
DATAFLOW,OECD.STI.PIE:DSD_PATENTS@DF_PATENTS_OECDSPECIFIC(1.0),,I,6F0,,A,,AP,,PATN,,PRIORITY,,PAK,,_Z,,INVENTOR,,_Z,,_Z,,_T,,2020,,6.375,,A,,1,,0,
DATAFLOW,OECD.STI.PIE:DSD_PATENTS@DF_PATENTS_OECDSPECIFIC(1.0),,I,6F0,,A,,AP,,PATN,,PRIORITY,,BIH,,_Z,,INVENTOR,,_Z,,_Z,,_T,,2020,,5.1666999,,A,,1,,0,
DATAFLOW,OECD.STI.PIE:DSD_PATENTS@DF_PATENTS_OECDSPECIFIC(1.0),,I,6F0,,A,,AP,,PATN,,PRIORITY,,MKD,,_Z,,INVENTOR,,_Z,,_Z,,_T,,2020,,5.25,,A,,1,,0,
DATAFLOW,OECD.STI.PIE:DSD_PATENTS@DF_PATENTS_OECDSPECIFIC(1.0),,I,6F0,,A,,AP,,PATN,,PRIORITY,,JPN,,_Z,,INVENTOR,,_Z,,_Z,,_T,,2020,,19151.939,,A,,1,,0,
DATAFLOW,OECD.STI.PIE:DSD_PATENTS@DF_PATENTS_OECDSPECIFIC(1.0),,I,6F0,,A,,AP,,PATN,,PRIORITY,,JOR,,_Z,,INVENTOR,,_Z,,_Z,,_T,,2020,,4.5,,A,,1,,0,
DATAFLOW,OECD.STI.PIE:DSD_PATENTS@DF_PATENTS_OECDSPECIFIC(1.0),,I,6F0,,A,,AP,,PATN,,PRIORITY,,BLR,,_Z,,INVENTOR,,_Z,,_Z,,_T,,2020,,11.1409,,A,,1,,0,
DATAFLOW,OECD.STI.PIE:DSD_PATENTS@DF_PATENTS_OECDSPECIFIC(1.0),,I,6F0,,A,,AP,,PATN,,PRIORITY,,KOR,,_Z,,INVENTOR,,_Z,,_Z,,_T,,2020,,9774.543,,A,,1,,0,
DATAFLOW,OECD.STI.PIE:DSD_PATENTS@DF_PATENTS_OECDSPECIFIC(1.0),,I,6F0,,A,,AP,,PATN,,PRIORITY,,EST,,_Z,,INVENTOR,,_Z,,_Z,,_T,,2020,,54.598801,,A,,1,,0,
DATAFLOW,OECD.STI.PIE:DSD_PATENTS@DF_PATENTS_OECDSPECIFIC(1.0),,I,6F0,,A,,AP,,PATN,,PRIORITY,,BRA,,_Z,,INVENTOR,,_Z,,_Z,,_T,,2020,,310.55081,,A,,1,,0,
DATAFLOW,OECD.STI.PIE:DSD_PATENTS@DF_PATENTS_OECDSPECIFIC(1.0),,I,6F0,,A,,AP,,PATN,,PRIORITY,,ARG,,_Z,,INVENTOR,,_Z,,_Z,,_T,,2020,,50.5242,,A,,1,,0,
DATAFLOW,OECD.STI.PIE:DSD_PATENTS@DF_PATENTS_OECDSPECIFIC(1.0),,I,6F0,,A,,AP,,PATN,,PRIORITY,,NZL,,_Z,,INVENTOR,,_Z,,_Z,,_T,,2020,,205.72861,,A,,1,,0,
DATAFLOW,OECD.STI.PIE:DSD_PATENTS@DF_PATENTS_OECDSPECIFIC(1.0),,I,6F0,,A,,AP,,PATN,,PRIORITY,,USA,,_Z,,INVENTOR,,_Z,,_Z,,_T,,2020,,43329.973,,A,,1,,0,
DATAFLOW,OECD.STI.PIE:DSD_PATENTS@DF_PATENTS_OECDSPECIFIC(1.0),,I,6F0,,A,,AP,,PATN,,PRIORITY,,ESP,,_Z,,INVENTOR,,_Z,,_Z,,_T,,2020,,1919.3724,,A,,1,,0,
DATAFLOW,OECD.STI.PIE:DSD_PATENTS@DF_PATENTS_OECDSPECIFIC(1.0),,I,6F0,,A,,AP,,PATN,,PRIORITY,,W,,_Z,,INVENTOR,,_Z,,_Z,,_T,,2020,,173257,,A,,1,,0,
DATAFLOW,OECD.STI.PIE:DSD_PATENTS@DF_PATENTS_OECDSPECIFIC(1.0),,I,6F0,,A,,AP,,PATN,,PRIORITY,,GRC,,_Z,,INVENTOR,,_Z,,_Z,,_T,,2020,,164.7589,,A,,1,,0,
DATAFLOW,OECD.STI.PIE:DSD_PATENTS@DF_PATENTS_OECDSPECIFIC(1.0),,I,6F0,,A,,AP,,PATN,,PRIORITY,,RUS,,_Z,,INVENTOR,,_Z,,_Z,,_T,,2020,,282.25571,,A,,1,,0,
DATAFLOW,OECD.STI.PIE:DSD_PATENTS@DF_PATENTS_OECDSPECIFIC(1.0),,I,6F0,,A,,AP,,PATN,,PRIORITY,,TUR,,_Z,,INVENTOR,,_Z,,_Z,,_T,,2020,,673.7583,,A,,1,,0,
DATAFLOW,OECD.STI.PIE:DSD_PATENTS@DF_PATENTS_OECDSPECIFIC(1.0),,I,6F0,,A,,AP,,PATN,,PRIORITY,,MCO,,_Z,,INVENTOR,,_Z,,_Z,,_T,,2020,,26.8333,,A,,1,,0,
DATAFLOW,OECD.STI.PIE:DSD_PATENTS@DF_PATENTS_OECDSPECIFIC(1.0),,I,6F0,,A,,AP,,PATN,,PRIORITY,,MCO,,_Z,,INVENTOR,,_Z,,_Z,,_T,,2021,,10.7429,,A,,1,,0,
DATAFLOW,OECD.STI.PIE:DSD_PATENTS@DF_PATENTS_OECDSPECIFIC(1.0),,I,6F0,,A,,AP,,PATN,,PRIORITY,,TUR,,_Z,,INVENTOR,,_Z,,_Z,,_T,,2021,,565.20819,,A,,1,,0,
DATAFLOW,OECD.STI.PIE:DSD_PATENTS@DF_PATENTS_OECDSPECIFIC(1.0),,I,6F0,,A,,AP,,PATN,,PRIORITY,,RUS,,_Z,,INVENTOR,,_Z,,_Z,,_T,,2021,,271.31879,,A,,1,,0,
DATAFLOW,OECD.STI.PIE:DSD_PATENTS@DF_PATENTS_OECDSPECIFIC(1.0),,I,6F0,,A,,AP,,PATN,,PRIORITY,,GRC,,_Z,,INVENTOR,,_Z,,_Z,,_T,,2021,,191.25481,,A,,1,,0,
DATAFLOW,OECD.STI.PIE:DSD_PATENTS@DF_PATENTS_OECDSPECIFIC(1.0),,I,6F0,,A,,AP,,PATN,,PRIORITY,,W,,_Z,,INVENTOR,,_Z,,_Z,,_T,,2021,,173549,,A,,1,,0,
DATAFLOW,OECD.STI.PIE:DSD_PATENTS@DF_PATENTS_OECDSPECIFIC(1.0),,I,6F0,,A,,AP,,PATN,,PRIORITY,,ESP,,_Z,,INVENTOR,,_Z,,_Z,,_T,,2021,,1938.1625,,A,,1,,0,
DATAFLOW,OECD.STI.PIE:DSD_PATENTS@DF_PATENTS_OECDSPECIFIC(1.0),,I,6F0,,A,,AP,,PATN,,PRIORITY,,USA,,_Z,,INVENTOR,,_Z,,_Z,,_T,,2021,,40953.438,,A,,1,,0,
DATAFLOW,OECD.STI.PIE:DSD_PATENTS@DF_PATENTS_OECDSPECIFIC(1.0),,I,6F0,,A,,AP,,PATN,,PRIORITY,,NZL,,_Z,,INVENTOR,,_Z,,_Z,,_T,,2021,,200.38651,,A,,1,,0,
DATAFLOW,OECD.STI.PIE:DSD_PATENTS@DF_PATENTS_OECDSPECIFIC(1.0),,I,6F0,,A,,AP,,PATN,,PRIORITY,,ARG,,_Z,,INVENTOR,,_Z,,_Z,,_T,,2021,,44.401199,,A,,1,,0,
DATAFLOW,OECD.STI.PIE:DSD_PATENTS@DF_PATENTS_OECDSPECIFIC(1.0),,I,6F0,,A,,AP,,PATN,,PRIORITY,,BRA,,_Z,,INVENTOR,,_Z,,_Z,,_T,,2021,,267.26419,,A,,1,,0,
DATAFLOW,OECD.STI.PIE:DSD_PATENTS@DF_PATENTS_OECDSPECIFIC(1.0),,I,6F0,,A,,AP,,PATN,,PRIORITY,,EST,,_Z,,INVENTOR,,_Z,,_Z,,_T,,2021,,47.230999,,A,,1,,0,
DATAFLOW,OECD.STI.PIE:DSD_PATENTS@DF_PATENTS_OECDSPECIFIC(1.0),,I,6F0,,A,,AP,,PATN,,PRIORITY,,KOR,,_Z,,INVENTOR,,_Z,,_Z,,_T,,2021,,11139.384,,A,,1,,0,
DATAFLOW,OECD.STI.PIE:DSD_PATENTS@DF_PATENTS_OECDSPECIFIC(1.0),,I,6F0,,A,,AP,,PATN,,PRIORITY,,BLR,,_Z,,INVENTOR,,_Z,,_Z,,_T,,2021,,8.8999996,,A,,1,,0,
DATAFLOW,OECD.STI.PIE:DSD_PATENTS@DF_PATENTS_OECDSPECIFIC(1.0),,I,6F0,,A,,AP,,PATN,,PRIORITY,,JOR,,_Z,,INVENTOR,,_Z,,_Z,,_T,,2021,,3.6666999,,A,,1,,0,
DATAFLOW,OECD.STI.PIE:DSD_PATENTS@DF_PATENTS_OECDSPECIFIC(1.0),,I,6F0,,A,,AP,,PATN,,PRIORITY,,JPN,,_Z,,INVENTOR,,_Z,,_Z,,_T,,2021,,19907.025,,A,,1,,0,
DATAFLOW,OECD.STI.PIE:DSD_PATENTS@DF_PATENTS_OECDSPECIFIC(1.0),,I,6F0,,A,,AP,,PATN,,PRIORITY,,MKD,,_Z,,INVENTOR,,_Z,,_Z,,_T,,2021,,0.33329999,,A,,1,,0,
DATAFLOW,OECD.STI.PIE:DSD_PATENTS@DF_PATENTS_OECDSPECIFIC(1.0),,I,6F0,,A,,AP,,PATN,,PRIORITY,,BIH,,_Z,,INVENTOR,,_Z,,_Z,,_T,,2021,,1.7,,A,,1,,0,
DATAFLOW,OECD.STI.PIE:DSD_PATENTS@DF_PATENTS_OECDSPECIFIC(1.0),,I,6F0,,A,,AP,,PATN,,PRIORITY,,PAK,,_Z,,INVENTOR,,_Z,,_Z,,_T,,2021,,4,,A,,1,,0,
DATAFLOW,OECD.STI.PIE:DSD_PATENTS@DF_PATENTS_OECDSPECIFIC(1.0),,I,6F0,,A,,AP,,PATN,,PRIORITY,,CZE,,_Z,,INVENTOR,,_Z,,_Z,,_T,,2021,,307.9653,,A,,1,,0,
DATAFLOW,OECD.STI.PIE:DSD_PATENTS@DF_PATENTS_OECDSPECIFIC(1.0),,I,6F0,,A,,AP,,PATN,,PRIORITY,,URY,,_Z,,INVENTOR,,_Z,,_Z,,_T,,2021,,6.9143,,A,,1,,0,
DATAFLOW,OECD.STI.PIE:DSD_PATENTS@DF_PATENTS_OECDSPECIFIC(1.0),,I,6F0,,A,,AP,,PATN,,PRIORITY,,SAU,,_Z,,INVENTOR,,_Z,,_Z,,_T,,2021,,143.0381,,A,,1,,0,
DATAFLOW,OECD.STI.PIE:DSD_PATENTS@DF_PATENTS_OECDSPECIFIC(1.0),,I,6F0,,A,,AP,,PATN,,PRIORITY,,BEL,,_Z,,INVENTOR,,_Z,,_Z,,_T,,2021,,1827.8342,,A,,1,,0,
DATAFLOW,OECD.STI.PIE:DSD_PATENTS@DF_PATENTS_OECDSPECIFIC(1.0),,I,6F0,,A,,AP,,PATN,,PRIORITY,,LUX,,_Z,,INVENTOR,,_Z,,_Z,,_T,,2021,,123.4786,,A,,1,,0,
DATAFLOW,OECD.STI.PIE:DSD_PATENTS@DF_PATENTS_OECDSPECIFIC(1.0),,I,6F0,,A,,AP,,PATN,,PRIORITY,,SVN,,_Z,,INVENTOR,,_Z,,_Z,,_T,,2021,,161.7115,,A,,1,,0,
DATAFLOW,OECD.STI.PIE:DSD_PATENTS@DF_PATENTS_OECDSPECIFIC(1.0),,I,6F0,,A,,AP,,PATN,,PRIORITY,,CHN,,_Z,,INVENTOR,,_Z,,_Z,,_T,,2021,,20519.691,,A,,1,,0,
DATAFLOW,OECD.STI.PIE:DSD_PATENTS@DF_PATENTS_OECDSPECIFIC(1.0),,I,6F0,,A,,AP,,PATN,,PRIORITY,,DNK,,_Z,,INVENTOR,,_Z,,_Z,,_T,,2021,,1837.6523,,A,,1,,0,
DATAFLOW,OECD.STI.PIE:DSD_PATENTS@DF_PATENTS_OECDSPECIFIC(1.0),,I,6F0,,A,,AP,,PATN,,PRIORITY,,LBN,,_Z,,INVENTOR,,_Z,,_Z,,_T,,2021,,8.25,,A,,1,,0,
DATAFLOW,OECD.STI.PIE:DSD_PATENTS@DF_PATENTS_OECDSPECIFIC(1.0),,I,6F0,,A,,AP,,PATN,,PRIORITY,,ECU,,_Z,,INVENTOR,,_Z,,_Z,,_T,,2021,,0.33329999,,A,,1,,0,
DATAFLOW,OECD.STI.PIE:DSD_PATENTS@DF_PATENTS_OECDSPECIFIC(1.0),,I,6F0,,A,,AP,,PATN,,PRIORITY,,HRV,,_Z,,INVENTOR,,_Z,,_Z,,_T,,2021,,37.768799,,A,,1,,0,
DATAFLOW,OECD.STI.PIE:DSD_PATENTS@DF_PATENTS_OECDSPECIFIC(1.0),,I,6F0,,A,,AP,,PATN,,PRIORITY,,FRA,,_Z,,INVENTOR,,_Z,,_Z,,_T,,2021,,9559.665,,A,,1,,0,
DATAFLOW,OECD.STI.PIE:DSD_PATENTS@DF_PATENTS_OECDSPECIFIC(1.0),,I,6F0,,A,,AP,,PATN,,PRIORITY,,EGY,,_Z,,INVENTOR,,_Z,,_Z,,_T,,2021,,20.450001,,A,,1,,0,
DATAFLOW,OECD.STI.PIE:DSD_PATENTS@DF_PATENTS_OECDSPECIFIC(1.0),,I,6F0,,A,,AP,,PATN,,PRIORITY,,OECD,,_Z,,INVENTOR,,_Z,,_Z,,_T,,2021,,146938.31,,A,,1,,0,
DATAFLOW,OECD.STI.PIE:DSD_PATENTS@DF_PATENTS_OECDSPECIFIC(1.0),,I,6F0,,A,,AP,,PATN,,PRIORITY,,KEN,,_Z,,INVENTOR,,_Z,,_Z,,_T,,2021,,2.25,,A,,1,,0,
DATAFLOW,OECD.STI.PIE:DSD_PATENTS@DF_PATENTS_OECDSPECIFIC(1.0),,I,6F0,,A,,AP,,PATN,,PRIORITY,,PRT,,_Z,,INVENTOR,,_Z,,_Z,,_T,,2021,,295.0658,,A,,1,,0,
DATAFLOW,OECD.STI.PIE:DSD_PATENTS@DF_PATENTS_OECDSPECIFIC(1.0),,I,6F0,,A,,AP,,PATN,,PRIORITY,,GTM,,_Z,,INVENTOR,,_Z,,_Z,,_T,,2021,,0.33329999,,A,,1,,0,
DATAFLOW,OECD.STI.PIE:DSD_PATENTS@DF_PATENTS_OECDSPECIFIC(1.0),,I,6F0,,A,,AP,,PATN,,PRIORITY,,CYP,,_Z,,INVENTOR,,_Z,,_Z,,_T,,2021,,20.6826,,A,,1,,0,
DATAFLOW,OECD.STI.PIE:DSD_PATENTS@DF_PATENTS_OECDSPECIFIC(1.0),,I,6F0,,A,,AP,,PATN,,PRIORITY,,GEO,,_Z,,INVENTOR,,_Z,,_Z,,_T,,2021,,3.7667,,A,,1,,0,
DATAFLOW,OECD.STI.PIE:DSD_PATENTS@DF_PATENTS_OECDSPECIFIC(1.0),,I,6F0,,A,,AP,,PATN,,PRIORITY,,HKG,,_Z,,INVENTOR,,_Z,,_Z,,_T,,2021,,238.8671,,A,,1,,0,
DATAFLOW,OECD.STI.PIE:DSD_PATENTS@DF_PATENTS_OECDSPECIFIC(1.0),,I,6F0,,A,,AP,,PATN,,PRIORITY,,SWE,,_Z,,INVENTOR,,_Z,,_Z,,_T,,2021,,3514.4568,,A,,1,,0,
DATAFLOW,OECD.STI.PIE:DSD_PATENTS@DF_PATENTS_OECDSPECIFIC(1.0),,I,6F0,,A,,AP,,PATN,,PRIORITY,,ARM,,_Z,,INVENTOR,,_Z,,_Z,,_T,,2021,,9.9659004,,A,,1,,0,
DATAFLOW,OECD.STI.PIE:DSD_PATENTS@DF_PATENTS_OECDSPECIFIC(1.0),,I,6F0,,A,,AP,,PATN,,PRIORITY,,NOR,,_Z,,INVENTOR,,_Z,,_Z,,_T,,2021,,635.06189,,A,,1,,0,
DATAFLOW,OECD.STI.PIE:DSD_PATENTS@DF_PATENTS_OECDSPECIFIC(1.0),,I,6F0,,A,,AP,,PATN,,PRIORITY,,CAN,,_Z,,INVENTOR,,_Z,,_Z,,_T,,2021,,2444.084,,A,,1,,0,
DATAFLOW,OECD.STI.PIE:DSD_PATENTS@DF_PATENTS_OECDSPECIFIC(1.0),,I,6F0,,A,,AP,,PATN,,PRIORITY,,HUN,,_Z,,INVENTOR,,_Z,,_Z,,_T,,2021,,211.0743,,A,,1,,0,
DATAFLOW,OECD.STI.PIE:DSD_PATENTS@DF_PATENTS_OECDSPECIFIC(1.0),,I,6F0,,A,,AP,,PATN,,PRIORITY,,DZA,,_Z,,INVENTOR,,_Z,,_Z,,_T,,2021,,2.6333001,,A,,1,,0,
DATAFLOW,OECD.STI.PIE:DSD_PATENTS@DF_PATENTS_OECDSPECIFIC(1.0),,I,6F0,,A,,AP,,PATN,,PRIORITY,,CHE,,_Z,,INVENTOR,,_Z,,_Z,,_T,,2021,,4014.9558,,A,,1,,0,
DATAFLOW,OECD.STI.PIE:DSD_PATENTS@DF_PATENTS_OECDSPECIFIC(1.0),,I,6F0,,A,,AP,,PATN,,PRIORITY,,EU27_2020,,_Z,,INVENTOR,,_Z,,_Z,,_T,,2021,,58405.219,,A,,1,,0,
DATAFLOW,OECD.STI.PIE:DSD_PATENTS@DF_PATENTS_OECDSPECIFIC(1.0),,I,6F0,,A,,AP,,PATN,,PRIORITY,,MEX,,_Z,,INVENTOR,,_Z,,_Z,,_T,,2021,,65.680199,,A,,1,,0,
DATAFLOW,OECD.STI.PIE:DSD_PATENTS@DF_PATENTS_OECDSPECIFIC(1.0),,I,6F0,,A,,AP,,PATN,,PRIORITY,,KAZ,,_Z,,INVENTOR,,_Z,,_Z,,_T,,2021,,3.0833001,,A,,1,,0,
DATAFLOW,OECD.STI.PIE:DSD_PATENTS@DF_PATENTS_OECDSPECIFIC(1.0),,I,6F0,,A,,AP,,PATN,,PRIORITY,,CUB,,_Z,,INVENTOR,,_Z,,_Z,,_T,,2021,,10.4615,,A,,1,,0,
DATAFLOW,OECD.STI.PIE:DSD_PATENTS@DF_PATENTS_OECDSPECIFIC(1.0),,I,6F0,,A,,AP,,PATN,,PRIORITY,,ISL,,_Z,,INVENTOR,,_Z,,_Z,,_T,,2021,,31.875,,A,,1,,0,
DATAFLOW,OECD.STI.PIE:DSD_PATENTS@DF_PATENTS_OECDSPECIFIC(1.0),,I,6F0,,A,,AP,,PATN,,PRIORITY,,LTU,,_Z,,INVENTOR,,_Z,,_Z,,_T,,2021,,79.366699,,A,,1,,0,
DATAFLOW,OECD.STI.PIE:DSD_PATENTS@DF_PATENTS_OECDSPECIFIC(1.0),,I,6F0,,A,,AP,,PATN,,PRIORITY,,UKR,,_Z,,INVENTOR,,_Z,,_Z,,_T,,2021,,30.450001,,A,,1,,0,
DATAFLOW,OECD.STI.PIE:DSD_PATENTS@DF_PATENTS_OECDSPECIFIC(1.0),,I,6F0,,A,,AP,,PATN,,PRIORITY,,CYM,,_Z,,INVENTOR,,_Z,,_Z,,_T,,2021,,1.5,,A,,1,,0,
DATAFLOW,OECD.STI.PIE:DSD_PATENTS@DF_PATENTS_OECDSPECIFIC(1.0),,I,6F0,,A,,AP,,PATN,,PRIORITY,,COL,,_Z,,INVENTOR,,_Z,,_Z,,_T,,2021,,17.124201,,A,,1,,0,
DATAFLOW,OECD.STI.PIE:DSD_PATENTS@DF_PATENTS_OECDSPECIFIC(1.0),,I,6F0,,A,,AP,,PATN,,PRIORITY,,PHL,,_Z,,INVENTOR,,_Z,,_Z,,_T,,2021,,9.0583,,A,,1,,0,
DATAFLOW,OECD.STI.PIE:DSD_PATENTS@DF_PATENTS_OECDSPECIFIC(1.0),,I,6F0,,A,,AP,,PATN,,PRIORITY,,SLV,,_Z,,INVENTOR,,_Z,,_Z,,_T,,2021,,0.5,,A,,1,,0,
DATAFLOW,OECD.STI.PIE:DSD_PATENTS@DF_PATENTS_OECDSPECIFIC(1.0),,I,6F0,,A,,AP,,PATN,,PRIORITY,,PAN,,_Z,,INVENTOR,,_Z,,_Z,,_T,,2021,,1.5,,A,,1,,0,
DATAFLOW,OECD.STI.PIE:DSD_PATENTS@DF_PATENTS_OECDSPECIFIC(1.0),,I,6F0,,A,,AP,,PATN,,PRIORITY,,IRN,,_Z,,INVENTOR,,_Z,,_Z,,_T,,2021,,7.1167002,,A,,1,,0,
DATAFLOW,OECD.STI.PIE:DSD_PATENTS@DF_PATENTS_OECDSPECIFIC(1.0),,I,6F0,,A,,AP,,PATN,,PRIORITY,,DEU,,_Z,,INVENTOR,,_Z,,_Z,,_T,,2021,,22947.053,,A,,1,,0,
DATAFLOW,OECD.STI.PIE:DSD_PATENTS@DF_PATENTS_OECDSPECIFIC(1.0),,I,6F0,,A,,AP,,PATN,,PRIORITY,,PRI,,_Z,,INVENTOR,,_Z,,_Z,,_T,,2021,,8.6667004,,A,,1,,0,
DATAFLOW,OECD.STI.PIE:DSD_PATENTS@DF_PATENTS_OECDSPECIFIC(1.0),,I,6F0,,A,,AP,,PATN,,PRIORITY,,IND,,_Z,,INVENTOR,,_Z,,_Z,,_T,,2021,,2063.4065,,A,,1,,0,
DATAFLOW,OECD.STI.PIE:DSD_PATENTS@DF_PATENTS_OECDSPECIFIC(1.0),,I,6F0,,A,,AP,,PATN,,PRIORITY,,NGA,,_Z,,INVENTOR,,_Z,,_Z,,_T,,2021,,4.131,,A,,1,,0,
DATAFLOW,OECD.STI.PIE:DSD_PATENTS@DF_PATENTS_OECDSPECIFIC(1.0),,I,6F0,,A,,AP,,PATN,,PRIORITY,,TWN,,_Z,,INVENTOR,,_Z,,_Z,,_T,,2021,,1543.5012,,A,,1,,0,
DATAFLOW,OECD.STI.PIE:DSD_PATENTS@DF_PATENTS_OECDSPECIFIC(1.0),,I,6F0,,A,,AP,,PATN,,PRIORITY,,THA,,_Z,,INVENTOR,,_Z,,_Z,,_T,,2021,,46.592098,,A,,1,,0,
DATAFLOW,OECD.STI.PIE:DSD_PATENTS@DF_PATENTS_OECDSPECIFIC(1.0),,I,6F0,,A,,AP,,PATN,,PRIORITY,,ZAF,,_Z,,INVENTOR,,_Z,,_Z,,_T,,2021,,78.7873,,A,,1,,0,
DATAFLOW,OECD.STI.PIE:DSD_PATENTS@DF_PATENTS_OECDSPECIFIC(1.0),,I,6F0,,A,,AP,,PATN,,PRIORITY,,FIN,,_Z,,INVENTOR,,_Z,,_Z,,_T,,2021,,1670.9589,,A,,1,,0,
DATAFLOW,OECD.STI.PIE:DSD_PATENTS@DF_PATENTS_OECDSPECIFIC(1.0),,I,6F0,,A,,AP,,PATN,,PRIORITY,,ITA,,_Z,,INVENTOR,,_Z,,_Z,,_T,,2021,,5531.3252,,A,,1,,0,
DATAFLOW,OECD.STI.PIE:DSD_PATENTS@DF_PATENTS_OECDSPECIFIC(1.0),,I,6F0,,A,,AP,,PATN,,PRIORITY,,IRL,,_Z,,INVENTOR,,_Z,,_Z,,_T,,2021,,504.90701,,A,,1,,0,
DATAFLOW,OECD.STI.PIE:DSD_PATENTS@DF_PATENTS_OECDSPECIFIC(1.0),,I,6F0,,A,,AP,,PATN,,PRIORITY,,CRI,,_Z,,INVENTOR,,_Z,,_Z,,_T,,2021,,6.7679,,A,,1,,0,
DATAFLOW,OECD.STI.PIE:DSD_PATENTS@DF_PATENTS_OECDSPECIFIC(1.0),,I,6F0,,A,,AP,,PATN,,PRIORITY,,LKA,,_Z,,INVENTOR,,_Z,,_Z,,_T,,2021,,10.5333,,A,,1,,0,
DATAFLOW,OECD.STI.PIE:DSD_PATENTS@DF_PATENTS_OECDSPECIFIC(1.0),,I,6F0,,A,,AP,,PATN,,PRIORITY,,AUS,,_Z,,INVENTOR,,_Z,,_Z,,_T,,2021,,930.56549,,A,,1,,0,
DATAFLOW,OECD.STI.PIE:DSD_PATENTS@DF_PATENTS_OECDSPECIFIC(1.0),,I,6F0,,A,,AP,,PATN,,PRIORITY,,NLD,,_Z,,INVENTOR,,_Z,,_Z,,_T,,2021,,4529.29,,A,,1,,0,
DATAFLOW,OECD.STI.PIE:DSD_PATENTS@DF_PATENTS_OECDSPECIFIC(1.0),,I,6F0,,A,,AP,,PATN,,PRIORITY,,AUT,,_Z,,INVENTOR,,_Z,,_Z,,_T,,2021,,2076.8032,,A,,1,,0,
DATAFLOW,OECD.STI.PIE:DSD_PATENTS@DF_PATENTS_OECDSPECIFIC(1.0),,I,6F0,,A,,AP,,PATN,,PRIORITY,,SGP,,_Z,,INVENTOR,,_Z,,_Z,,_T,,2021,,545.66888,,A,,1,,0,
DATAFLOW,OECD.STI.PIE:DSD_PATENTS@DF_PATENTS_OECDSPECIFIC(1.0),,I,6F0,,A,,AP,,PATN,,PRIORITY,,MLT,,_Z,,INVENTOR,,_Z,,_Z,,_T,,2021,,24.4,,A,,1,,0,
DATAFLOW,OECD.STI.PIE:DSD_PATENTS@DF_PATENTS_OECDSPECIFIC(1.0),,I,6F0,,A,,AP,,PATN,,PRIORITY,,MAR,,_Z,,INVENTOR,,_Z,,_Z,,_T,,2021,,35,,A,,1,,0,
DATAFLOW,OECD.STI.PIE:DSD_PATENTS@DF_PATENTS_OECDSPECIFIC(1.0),,I,6F0,,A,,AP,,PATN,,PRIORITY,,CHL,,_Z,,INVENTOR,,_Z,,_Z,,_T,,2021,,48.337299,,A,,1,,0,
DATAFLOW,OECD.STI.PIE:DSD_PATENTS@DF_PATENTS_OECDSPECIFIC(1.0),,I,6F0,,A,,AP,,PATN,,PRIORITY,,PER,,_Z,,INVENTOR,,_Z,,_Z,,_T,,2021,,4.8000002,,A,,1,,0,
DATAFLOW,OECD.STI.PIE:DSD_PATENTS@DF_PATENTS_OECDSPECIFIC(1.0),,I,6F0,,A,,AP,,PATN,,PRIORITY,,KWT,,_Z,,INVENTOR,,_Z,,_Z,,_T,,2021,,4.0110998,,A,,1,,0,
DATAFLOW,OECD.STI.PIE:DSD_PATENTS@DF_PATENTS_OECDSPECIFIC(1.0),,I,6F0,,A,,AP,,PATN,,PRIORITY,,TUN,,_Z,,INVENTOR,,_Z,,_Z,,_T,,2021,,7.8000002,,A,,1,,0,
DATAFLOW,OECD.STI.PIE:DSD_PATENTS@DF_PATENTS_OECDSPECIFIC(1.0),,I,6F0,,A,,AP,,PATN,,PRIORITY,,ROU,,_Z,,INVENTOR,,_Z,,_Z,,_T,,2021,,71.170601,,A,,1,,0,
DATAFLOW,OECD.STI.PIE:DSD_PATENTS@DF_PATENTS_OECDSPECIFIC(1.0),,I,6F0,,A,,AP,,PATN,,PRIORITY,,POL,,_Z,,INVENTOR,,_Z,,_Z,,_T,,2021,,738.2915,,A,,1,,0,
DATAFLOW,OECD.STI.PIE:DSD_PATENTS@DF_PATENTS_OECDSPECIFIC(1.0),,I,6F0,,A,,AP,,PATN,,PRIORITY,,LVA,,_Z,,INVENTOR,,_Z,,_Z,,_T,,2021,,30.85,,A,,1,,0,
DATAFLOW,OECD.STI.PIE:DSD_PATENTS@DF_PATENTS_OECDSPECIFIC(1.0),,I,6F0,,A,,AP,,PATN,,PRIORITY,,ARE,,_Z,,INVENTOR,,_Z,,_Z,,_T,,2021,,58.6506,,A,,1,,0,
DATAFLOW,OECD.STI.PIE:DSD_PATENTS@DF_PATENTS_OECDSPECIFIC(1.0),,I,6F0,,A,,AP,,PATN,,PRIORITY,,ISR,,_Z,,INVENTOR,,_Z,,_Z,,_T,,2021,,1753.8406,,A,,1,,0,
DATAFLOW,OECD.STI.PIE:DSD_PATENTS@DF_PATENTS_OECDSPECIFIC(1.0),,I,6F0,,A,,AP,,PATN,,PRIORITY,,AND,,_Z,,INVENTOR,,_Z,,_Z,,_T,,2021,,3.3611,,A,,1,,0,
DATAFLOW,OECD.STI.PIE:DSD_PATENTS@DF_PATENTS_OECDSPECIFIC(1.0),,I,6F0,,A,,AP,,PATN,,PRIORITY,,LIE,,_Z,,INVENTOR,,_Z,,_Z,,_T,,2021,,39.3778,,A,,1,,0,
DATAFLOW,OECD.STI.PIE:DSD_PATENTS@DF_PATENTS_OECDSPECIFIC(1.0),,I,6F0,,A,,AP,,PATN,,PRIORITY,,VEN,,_Z,,INVENTOR,,_Z,,_Z,,_T,,2021,,1.0714,,A,,1,,0,
DATAFLOW,OECD.STI.PIE:DSD_PATENTS@DF_PATENTS_OECDSPECIFIC(1.0),,I,6F0,,A,,AP,,PATN,,PRIORITY,,IDN,,_Z,,INVENTOR,,_Z,,_Z,,_T,,2021,,12.8095,,A,,1,,0,
DATAFLOW,OECD.STI.PIE:DSD_PATENTS@DF_PATENTS_OECDSPECIFIC(1.0),,I,6F0,,A,,AP,,PATN,,PRIORITY,,SVK,,_Z,,INVENTOR,,_Z,,_Z,,_T,,2021,,81.8032,,A,,1,,0,
DATAFLOW,OECD.STI.PIE:DSD_PATENTS@DF_PATENTS_OECDSPECIFIC(1.0),,I,6F0,,A,,AP,,PATN,,PRIORITY,,BMU,,_Z,,INVENTOR,,_Z,,_Z,,_T,,2021,,6.8000002,,A,,1,,0,
DATAFLOW,OECD.STI.PIE:DSD_PATENTS@DF_PATENTS_OECDSPECIFIC(1.0),,I,6F0,,A,,AP,,PATN,,PRIORITY,,MYS,,_Z,,INVENTOR,,_Z,,_Z,,_T,,2021,,86.172302,,A,,1,,0,
DATAFLOW,OECD.STI.PIE:DSD_PATENTS@DF_PATENTS_OECDSPECIFIC(1.0),,I,6F0,,A,,AP,,PATN,,PRIORITY,,GBR,,_Z,,INVENTOR,,_Z,,_Z,,_T,,2021,,6018.3862,,A,,1,,0,
DATAFLOW,OECD.STI.PIE:DSD_PATENTS@DF_PATENTS_OECDSPECIFIC(1.0),,I,6F0,,A,,AP,,PATN,,PRIORITY,,BGR,,_Z,,INVENTOR,,_Z,,_Z,,_T,,2021,,44.997601,,A,,1,,0,
DATAFLOW,OECD.STI.PIE:DSD_PATENTS@DF_PATENTS_OECDSPECIFIC(1.0),,I,6F0,,A,,AP,,PATN,,PRIORITY,,BGR,,_Z,,INVENTOR,,_Z,,_Z,,_T,,2022,,36.380501,,A,,1,,0,
DATAFLOW,OECD.STI.PIE:DSD_PATENTS@DF_PATENTS_OECDSPECIFIC(1.0),,I,6F0,,A,,AP,,PATN,,PRIORITY,,GBR,,_Z,,INVENTOR,,_Z,,_Z,,_T,,2022,,5401.8252,,A,,1,,0,
DATAFLOW,OECD.STI.PIE:DSD_PATENTS@DF_PATENTS_OECDSPECIFIC(1.0),,I,6F0,,A,,AP,,PATN,,PRIORITY,,MYS,,_Z,,INVENTOR,,_Z,,_Z,,_T,,2022,,64.991699,,A,,1,,0,
DATAFLOW,OECD.STI.PIE:DSD_PATENTS@DF_PATENTS_OECDSPECIFIC(1.0),,I,6F0,,A,,AP,,PATN,,PRIORITY,,BMU,,_Z,,INVENTOR,,_Z,,_Z,,_T,,2022,,0.80000001,,A,,1,,0,
DATAFLOW,OECD.STI.PIE:DSD_PATENTS@DF_PATENTS_OECDSPECIFIC(1.0),,I,6F0,,A,,AP,,PATN,,PRIORITY,,SVK,,_Z,,INVENTOR,,_Z,,_Z,,_T,,2022,,65.716698,,A,,1,,0,
DATAFLOW,OECD.STI.PIE:DSD_PATENTS@DF_PATENTS_OECDSPECIFIC(1.0),,I,6F0,,A,,AP,,PATN,,PRIORITY,,IDN,,_Z,,INVENTOR,,_Z,,_Z,,_T,,2022,,5.0570998,,A,,1,,0,
DATAFLOW,OECD.STI.PIE:DSD_PATENTS@DF_PATENTS_OECDSPECIFIC(1.0),,I,6F0,,A,,AP,,PATN,,PRIORITY,,VEN,,_Z,,INVENTOR,,_Z,,_Z,,_T,,2022,,0.66670001,,A,,1,,0,
DATAFLOW,OECD.STI.PIE:DSD_PATENTS@DF_PATENTS_OECDSPECIFIC(1.0),,I,6F0,,A,,AP,,PATN,,PRIORITY,,LIE,,_Z,,INVENTOR,,_Z,,_Z,,_T,,2022,,28.689301,,A,,1,,0,
DATAFLOW,OECD.STI.PIE:DSD_PATENTS@DF_PATENTS_OECDSPECIFIC(1.0),,I,6F0,,A,,AP,,PATN,,PRIORITY,,AND,,_Z,,INVENTOR,,_Z,,_Z,,_T,,2022,,2.5,,A,,1,,0,
DATAFLOW,OECD.STI.PIE:DSD_PATENTS@DF_PATENTS_OECDSPECIFIC(1.0),,I,6F0,,A,,AP,,PATN,,PRIORITY,,ISR,,_Z,,INVENTOR,,_Z,,_Z,,_T,,2022,,1392.066,,A,,1,,0,
DATAFLOW,OECD.STI.PIE:DSD_PATENTS@DF_PATENTS_OECDSPECIFIC(1.0),,I,6F0,,A,,AP,,PATN,,PRIORITY,,ARE,,_Z,,INVENTOR,,_Z,,_Z,,_T,,2022,,82.023804,,A,,1,,0,
DATAFLOW,OECD.STI.PIE:DSD_PATENTS@DF_PATENTS_OECDSPECIFIC(1.0),,I,6F0,,A,,AP,,PATN,,PRIORITY,,LVA,,_Z,,INVENTOR,,_Z,,_Z,,_T,,2022,,35.549999,,A,,1,,0,
DATAFLOW,OECD.STI.PIE:DSD_PATENTS@DF_PATENTS_OECDSPECIFIC(1.0),,I,6F0,,A,,AP,,PATN,,PRIORITY,,POL,,_Z,,INVENTOR,,_Z,,_Z,,_T,,2022,,756.09009,,A,,1,,0,
DATAFLOW,OECD.STI.PIE:DSD_PATENTS@DF_PATENTS_OECDSPECIFIC(1.0),,I,6F0,,A,,AP,,PATN,,PRIORITY,,ROU,,_Z,,INVENTOR,,_Z,,_Z,,_T,,2022,,80.210503,,A,,1,,0,
DATAFLOW,OECD.STI.PIE:DSD_PATENTS@DF_PATENTS_OECDSPECIFIC(1.0),,I,6F0,,A,,AP,,PATN,,PRIORITY,,TUN,,_Z,,INVENTOR,,_Z,,_Z,,_T,,2022,,6.7832999,,A,,1,,0,
DATAFLOW,OECD.STI.PIE:DSD_PATENTS@DF_PATENTS_OECDSPECIFIC(1.0),,I,6F0,,A,,AP,,PATN,,PRIORITY,,PER,,_Z,,INVENTOR,,_Z,,_Z,,_T,,2022,,10.4333,,A,,1,,0,
DATAFLOW,OECD.STI.PIE:DSD_PATENTS@DF_PATENTS_OECDSPECIFIC(1.0),,I,6F0,,A,,AP,,PATN,,PRIORITY,,CHL,,_Z,,INVENTOR,,_Z,,_Z,,_T,,2022,,38.0667,,A,,1,,0,
DATAFLOW,OECD.STI.PIE:DSD_PATENTS@DF_PATENTS_OECDSPECIFIC(1.0),,I,6F0,,A,,AP,,PATN,,PRIORITY,,MAR,,_Z,,INVENTOR,,_Z,,_Z,,_T,,2022,,29.866699,,A,,1,,0,
DATAFLOW,OECD.STI.PIE:DSD_PATENTS@DF_PATENTS_OECDSPECIFIC(1.0),,I,6F0,,A,,AP,,PATN,,PRIORITY,,MLT,,_Z,,INVENTOR,,_Z,,_Z,,_T,,2022,,14.8833,,A,,1,,0,
DATAFLOW,OECD.STI.PIE:DSD_PATENTS@DF_PATENTS_OECDSPECIFIC(1.0),,I,6F0,,A,,AP,,PATN,,PRIORITY,,SGP,,_Z,,INVENTOR,,_Z,,_Z,,_T,,2022,,486.47089,,A,,1,,0,
DATAFLOW,OECD.STI.PIE:DSD_PATENTS@DF_PATENTS_OECDSPECIFIC(1.0),,I,6F0,,A,,AP,,PATN,,PRIORITY,,AUT,,_Z,,INVENTOR,,_Z,,_Z,,_T,,2022,,1942.7205,,A,,1,,0,
DATAFLOW,OECD.STI.PIE:DSD_PATENTS@DF_PATENTS_OECDSPECIFIC(1.0),,I,6F0,,A,,AP,,PATN,,PRIORITY,,NLD,,_Z,,INVENTOR,,_Z,,_Z,,_T,,2022,,4289.7407,,A,,1,,0,
DATAFLOW,OECD.STI.PIE:DSD_PATENTS@DF_PATENTS_OECDSPECIFIC(1.0),,I,6F0,,A,,AP,,PATN,,PRIORITY,,AUS,,_Z,,INVENTOR,,_Z,,_Z,,_T,,2022,,696.91248,,A,,1,,0,
DATAFLOW,OECD.STI.PIE:DSD_PATENTS@DF_PATENTS_OECDSPECIFIC(1.0),,I,6F0,,A,,AP,,PATN,,PRIORITY,,LKA,,_Z,,INVENTOR,,_Z,,_Z,,_T,,2022,,3.0667,,A,,1,,0,
DATAFLOW,OECD.STI.PIE:DSD_PATENTS@DF_PATENTS_OECDSPECIFIC(1.0),,I,6F0,,A,,AP,,PATN,,PRIORITY,,CRI,,_Z,,INVENTOR,,_Z,,_Z,,_T,,2022,,13.069,,A,,1,,0,
DATAFLOW,OECD.STI.PIE:DSD_PATENTS@DF_PATENTS_OECDSPECIFIC(1.0),,I,6F0,,A,,AP,,PATN,,PRIORITY,,IRL,,_Z,,INVENTOR,,_Z,,_Z,,_T,,2022,,473.62189,,A,,1,,0,
DATAFLOW,OECD.STI.PIE:DSD_PATENTS@DF_PATENTS_OECDSPECIFIC(1.0),,I,6F0,,A,,AP,,PATN,,PRIORITY,,ITA,,_Z,,INVENTOR,,_Z,,_Z,,_T,,2022,,4554.4214,,A,,1,,0,
DATAFLOW,OECD.STI.PIE:DSD_PATENTS@DF_PATENTS_OECDSPECIFIC(1.0),,I,6F0,,A,,AP,,PATN,,PRIORITY,,FIN,,_Z,,INVENTOR,,_Z,,_Z,,_T,,2022,,1336.8632,,A,,1,,0,
DATAFLOW,OECD.STI.PIE:DSD_PATENTS@DF_PATENTS_OECDSPECIFIC(1.0),,I,6F0,,A,,AP,,PATN,,PRIORITY,,ZAF,,_Z,,INVENTOR,,_Z,,_Z,,_T,,2022,,71.927399,,A,,1,,0,
DATAFLOW,OECD.STI.PIE:DSD_PATENTS@DF_PATENTS_OECDSPECIFIC(1.0),,I,6F0,,A,,AP,,PATN,,PRIORITY,,THA,,_Z,,INVENTOR,,_Z,,_Z,,_T,,2022,,46.621399,,A,,1,,0,
DATAFLOW,OECD.STI.PIE:DSD_PATENTS@DF_PATENTS_OECDSPECIFIC(1.0),,I,6F0,,A,,AP,,PATN,,PRIORITY,,TWN,,_Z,,INVENTOR,,_Z,,_Z,,_T,,2022,,1618.3654,,A,,1,,0,
DATAFLOW,OECD.STI.PIE:DSD_PATENTS@DF_PATENTS_OECDSPECIFIC(1.0),,I,6F0,,A,,AP,,PATN,,PRIORITY,,NGA,,_Z,,INVENTOR,,_Z,,_Z,,_T,,2022,,0.66670001,,A,,1,,0,
DATAFLOW,OECD.STI.PIE:DSD_PATENTS@DF_PATENTS_OECDSPECIFIC(1.0),,I,6F0,,A,,AP,,PATN,,PRIORITY,,IND,,_Z,,INVENTOR,,_Z,,_Z,,_T,,2022,,2025.3153,,A,,1,,0,
DATAFLOW,OECD.STI.PIE:DSD_PATENTS@DF_PATENTS_OECDSPECIFIC(1.0),,I,6F0,,A,,AP,,PATN,,PRIORITY,,PRI,,_Z,,INVENTOR,,_Z,,_Z,,_T,,2022,,12.0833,,A,,1,,0,
DATAFLOW,OECD.STI.PIE:DSD_PATENTS@DF_PATENTS_OECDSPECIFIC(1.0),,I,6F0,,A,,AP,,PATN,,PRIORITY,,DEU,,_Z,,INVENTOR,,_Z,,_Z,,_T,,2022,,20083.086,,A,,1,,0,
DATAFLOW,OECD.STI.PIE:DSD_PATENTS@DF_PATENTS_OECDSPECIFIC(1.0),,I,6F0,,A,,AP,,PATN,,PRIORITY,,IRN,,_Z,,INVENTOR,,_Z,,_Z,,_T,,2022,,9.7929001,,A,,1,,0,
DATAFLOW,OECD.STI.PIE:DSD_PATENTS@DF_PATENTS_OECDSPECIFIC(1.0),,I,6F0,,A,,AP,,PATN,,PRIORITY,,PAN,,_Z,,INVENTOR,,_Z,,_Z,,_T,,2022,,1.1667,,A,,1,,0,
DATAFLOW,OECD.STI.PIE:DSD_PATENTS@DF_PATENTS_OECDSPECIFIC(1.0),,I,6F0,,A,,AP,,PATN,,PRIORITY,,PHL,,_Z,,INVENTOR,,_Z,,_Z,,_T,,2022,,24.116699,,A,,1,,0,
DATAFLOW,OECD.STI.PIE:DSD_PATENTS@DF_PATENTS_OECDSPECIFIC(1.0),,I,6F0,,A,,AP,,PATN,,PRIORITY,,COL,,_Z,,INVENTOR,,_Z,,_Z,,_T,,2022,,15.825,,A,,1,,0,
DATAFLOW,OECD.STI.PIE:DSD_PATENTS@DF_PATENTS_OECDSPECIFIC(1.0),,I,6F0,,A,,AP,,PATN,,PRIORITY,,CYM,,_Z,,INVENTOR,,_Z,,_Z,,_T,,2022,,1.3333,,A,,1,,0,
DATAFLOW,OECD.STI.PIE:DSD_PATENTS@DF_PATENTS_OECDSPECIFIC(1.0),,I,6F0,,A,,AP,,PATN,,PRIORITY,,UKR,,_Z,,INVENTOR,,_Z,,_Z,,_T,,2022,,37.637299,,A,,1,,0,
DATAFLOW,OECD.STI.PIE:DSD_PATENTS@DF_PATENTS_OECDSPECIFIC(1.0),,I,6F0,,A,,AP,,PATN,,PRIORITY,,LTU,,_Z,,INVENTOR,,_Z,,_Z,,_T,,2022,,72.141701,,A,,1,,0,
DATAFLOW,OECD.STI.PIE:DSD_PATENTS@DF_PATENTS_OECDSPECIFIC(1.0),,I,6F0,,A,,AP,,PATN,,PRIORITY,,ISL,,_Z,,INVENTOR,,_Z,,_Z,,_T,,2022,,30.1905,,A,,1,,0,
DATAFLOW,OECD.STI.PIE:DSD_PATENTS@DF_PATENTS_OECDSPECIFIC(1.0),,I,6F0,,A,,AP,,PATN,,PRIORITY,,CUB,,_Z,,INVENTOR,,_Z,,_Z,,_T,,2022,,4,,A,,1,,0,
DATAFLOW,OECD.STI.PIE:DSD_PATENTS@DF_PATENTS_OECDSPECIFIC(1.0),,I,6F0,,A,,AP,,PATN,,PRIORITY,,KAZ,,_Z,,INVENTOR,,_Z,,_Z,,_T,,2022,,3.575,,A,,1,,0,
DATAFLOW,OECD.STI.PIE:DSD_PATENTS@DF_PATENTS_OECDSPECIFIC(1.0),,I,6F0,,A,,AP,,PATN,,PRIORITY,,MEX,,_Z,,INVENTOR,,_Z,,_Z,,_T,,2022,,69.227798,,A,,1,,0,
DATAFLOW,OECD.STI.PIE:DSD_PATENTS@DF_PATENTS_OECDSPECIFIC(1.0),,I,6F0,,A,,AP,,PATN,,PRIORITY,,MDA,,_Z,,INVENTOR,,_Z,,_Z,,_T,,2022,,1.625,,A,,1,,0,
DATAFLOW,OECD.STI.PIE:DSD_PATENTS@DF_PATENTS_OECDSPECIFIC(1.0),,I,6F0,,A,,AP,,PATN,,PRIORITY,,EU27_2020,,_Z,,INVENTOR,,_Z,,_Z,,_T,,2022,,51380.449,,A,,1,,0,
DATAFLOW,OECD.STI.PIE:DSD_PATENTS@DF_PATENTS_OECDSPECIFIC(1.0),,I,6F0,,A,,AP,,PATN,,PRIORITY,,CHE,,_Z,,INVENTOR,,_Z,,_Z,,_T,,2022,,3580.3821,,A,,1,,0,
DATAFLOW,OECD.STI.PIE:DSD_PATENTS@DF_PATENTS_OECDSPECIFIC(1.0),,I,6F0,,A,,AP,,PATN,,PRIORITY,,DZA,,_Z,,INVENTOR,,_Z,,_Z,,_T,,2022,,2.7857001,,A,,1,,0,
DATAFLOW,OECD.STI.PIE:DSD_PATENTS@DF_PATENTS_OECDSPECIFIC(1.0),,I,6F0,,A,,AP,,PATN,,PRIORITY,,HUN,,_Z,,INVENTOR,,_Z,,_Z,,_T,,2022,,228.5056,,A,,1,,0,
DATAFLOW,OECD.STI.PIE:DSD_PATENTS@DF_PATENTS_OECDSPECIFIC(1.0),,I,6F0,,A,,AP,,PATN,,PRIORITY,,CAN,,_Z,,INVENTOR,,_Z,,_Z,,_T,,2022,,2064.3301,,A,,1,,0,
DATAFLOW,OECD.STI.PIE:DSD_PATENTS@DF_PATENTS_OECDSPECIFIC(1.0),,I,6F0,,A,,AP,,PATN,,PRIORITY,,NOR,,_Z,,INVENTOR,,_Z,,_Z,,_T,,2022,,513.62,,A,,1,,0,
DATAFLOW,OECD.STI.PIE:DSD_PATENTS@DF_PATENTS_OECDSPECIFIC(1.0),,I,6F0,,A,,AP,,PATN,,PRIORITY,,ARM,,_Z,,INVENTOR,,_Z,,_Z,,_T,,2022,,5.5667,,A,,1,,0,
DATAFLOW,OECD.STI.PIE:DSD_PATENTS@DF_PATENTS_OECDSPECIFIC(1.0),,I,6F0,,A,,AP,,PATN,,PRIORITY,,SWE,,_Z,,INVENTOR,,_Z,,_Z,,_T,,2022,,3059.8923,,A,,1,,0,
DATAFLOW,OECD.STI.PIE:DSD_PATENTS@DF_PATENTS_OECDSPECIFIC(1.0),,I,6F0,,A,,AP,,PATN,,PRIORITY,,HKG,,_Z,,INVENTOR,,_Z,,_Z,,_T,,2022,,225.4769,,A,,1,,0,
DATAFLOW,OECD.STI.PIE:DSD_PATENTS@DF_PATENTS_OECDSPECIFIC(1.0),,I,6F0,,A,,AP,,PATN,,PRIORITY,,CYP,,_Z,,INVENTOR,,_Z,,_Z,,_T,,2022,,18.866699,,A,,1,,0,
DATAFLOW,OECD.STI.PIE:DSD_PATENTS@DF_PATENTS_OECDSPECIFIC(1.0),,I,6F0,,A,,AP,,PATN,,PRIORITY,,GTM,,_Z,,INVENTOR,,_Z,,_Z,,_T,,2022,,0.83329999,,A,,1,,0,
DATAFLOW,OECD.STI.PIE:DSD_PATENTS@DF_PATENTS_OECDSPECIFIC(1.0),,I,6F0,,A,,AP,,PATN,,PRIORITY,,PRT,,_Z,,INVENTOR,,_Z,,_Z,,_T,,2022,,277.98129,,A,,1,,0,
DATAFLOW,OECD.STI.PIE:DSD_PATENTS@DF_PATENTS_OECDSPECIFIC(1.0),,I,6F0,,A,,AP,,PATN,,PRIORITY,,KEN,,_Z,,INVENTOR,,_Z,,_Z,,_T,,2022,,0.33329999,,A,,1,,0,
DATAFLOW,OECD.STI.PIE:DSD_PATENTS@DF_PATENTS_OECDSPECIFIC(1.0),,I,6F0,,A,,AP,,PATN,,PRIORITY,,OECD,,_Z,,INVENTOR,,_Z,,_Z,,_T,,2022,,127897.13,,A,,1,,0,
DATAFLOW,OECD.STI.PIE:DSD_PATENTS@DF_PATENTS_OECDSPECIFIC(1.0),,I,6F0,,A,,AP,,PATN,,PRIORITY,,EGY,,_Z,,INVENTOR,,_Z,,_Z,,_T,,2022,,18.6667,,A,,1,,0,
DATAFLOW,OECD.STI.PIE:DSD_PATENTS@DF_PATENTS_OECDSPECIFIC(1.0),,I,6F0,,A,,AP,,PATN,,PRIORITY,,FRA,,_Z,,INVENTOR,,_Z,,_Z,,_T,,2022,,8132.751,,A,,1,,0,
DATAFLOW,OECD.STI.PIE:DSD_PATENTS@DF_PATENTS_OECDSPECIFIC(1.0),,I,6F0,,A,,AP,,PATN,,PRIORITY,,HRV,,_Z,,INVENTOR,,_Z,,_Z,,_T,,2022,,56.787498,,A,,1,,0,
DATAFLOW,OECD.STI.PIE:DSD_PATENTS@DF_PATENTS_OECDSPECIFIC(1.0),,I,6F0,,A,,AP,,PATN,,PRIORITY,,PRK,,_Z,,INVENTOR,,_Z,,_Z,,_T,,2022,,0.16670001,,A,,1,,0,
DATAFLOW,OECD.STI.PIE:DSD_PATENTS@DF_PATENTS_OECDSPECIFIC(1.0),,I,6F0,,A,,AP,,PATN,,PRIORITY,,LBN,,_Z,,INVENTOR,,_Z,,_Z,,_T,,2022,,1.25,,A,,1,,0,
DATAFLOW,OECD.STI.PIE:DSD_PATENTS@DF_PATENTS_OECDSPECIFIC(1.0),,I,6F0,,A,,AP,,PATN,,PRIORITY,,DNK,,_Z,,INVENTOR,,_Z,,_Z,,_T,,2022,,1687.2639,,A,,1,,0,
DATAFLOW,OECD.STI.PIE:DSD_PATENTS@DF_PATENTS_OECDSPECIFIC(1.0),,I,6F0,,A,,AP,,PATN,,PRIORITY,,CHN,,_Z,,INVENTOR,,_Z,,_Z,,_T,,2022,,19998.402,,A,,1,,0,
DATAFLOW,OECD.STI.PIE:DSD_PATENTS@DF_PATENTS_OECDSPECIFIC(1.0),,I,6F0,,A,,AP,,PATN,,PRIORITY,,SVN,,_Z,,INVENTOR,,_Z,,_Z,,_T,,2022,,164.31441,,A,,1,,0,
DATAFLOW,OECD.STI.PIE:DSD_PATENTS@DF_PATENTS_OECDSPECIFIC(1.0),,I,6F0,,A,,AP,,PATN,,PRIORITY,,LUX,,_Z,,INVENTOR,,_Z,,_Z,,_T,,2022,,95.106102,,A,,1,,0,
DATAFLOW,OECD.STI.PIE:DSD_PATENTS@DF_PATENTS_OECDSPECIFIC(1.0),,I,6F0,,A,,AP,,PATN,,PRIORITY,,BEL,,_Z,,INVENTOR,,_Z,,_Z,,_T,,2022,,1649.165,,A,,1,,0,
DATAFLOW,OECD.STI.PIE:DSD_PATENTS@DF_PATENTS_OECDSPECIFIC(1.0),,I,6F0,,A,,AP,,PATN,,PRIORITY,,SAU,,_Z,,INVENTOR,,_Z,,_Z,,_T,,2022,,130.2262,,A,,1,,0,
DATAFLOW,OECD.STI.PIE:DSD_PATENTS@DF_PATENTS_OECDSPECIFIC(1.0),,I,6F0,,A,,AP,,PATN,,PRIORITY,,URY,,_Z,,INVENTOR,,_Z,,_Z,,_T,,2022,,11.5929,,A,,1,,0,
DATAFLOW,OECD.STI.PIE:DSD_PATENTS@DF_PATENTS_OECDSPECIFIC(1.0),,I,6F0,,A,,AP,,PATN,,PRIORITY,,CZE,,_Z,,INVENTOR,,_Z,,_Z,,_T,,2022,,263.39761,,A,,1,,0,
DATAFLOW,OECD.STI.PIE:DSD_PATENTS@DF_PATENTS_OECDSPECIFIC(1.0),,I,6F0,,A,,AP,,PATN,,PRIORITY,,PAK,,_Z,,INVENTOR,,_Z,,_Z,,_T,,2022,,5.4667001,,A,,1,,0,
DATAFLOW,OECD.STI.PIE:DSD_PATENTS@DF_PATENTS_OECDSPECIFIC(1.0),,I,6F0,,A,,AP,,PATN,,PRIORITY,,BIH,,_Z,,INVENTOR,,_Z,,_Z,,_T,,2022,,1.8,,A,,1,,0,
DATAFLOW,OECD.STI.PIE:DSD_PATENTS@DF_PATENTS_OECDSPECIFIC(1.0),,I,6F0,,A,,AP,,PATN,,PRIORITY,,MKD,,_Z,,INVENTOR,,_Z,,_Z,,_T,,2022,,2.55,,A,,1,,0,
DATAFLOW,OECD.STI.PIE:DSD_PATENTS@DF_PATENTS_OECDSPECIFIC(1.0),,I,6F0,,A,,AP,,PATN,,PRIORITY,,JPN,,_Z,,INVENTOR,,_Z,,_Z,,_T,,2022,,17223.471,,A,,1,,0,
DATAFLOW,OECD.STI.PIE:DSD_PATENTS@DF_PATENTS_OECDSPECIFIC(1.0),,I,6F0,,A,,AP,,PATN,,PRIORITY,,JOR,,_Z,,INVENTOR,,_Z,,_Z,,_T,,2022,,5,,A,,1,,0,
DATAFLOW,OECD.STI.PIE:DSD_PATENTS@DF_PATENTS_OECDSPECIFIC(1.0),,I,6F0,,A,,AP,,PATN,,PRIORITY,,BLR,,_Z,,INVENTOR,,_Z,,_Z,,_T,,2022,,4.9166999,,A,,1,,0,
DATAFLOW,OECD.STI.PIE:DSD_PATENTS@DF_PATENTS_OECDSPECIFIC(1.0),,I,6F0,,A,,AP,,PATN,,PRIORITY,,KOR,,_Z,,INVENTOR,,_Z,,_Z,,_T,,2022,,10750.979,,A,,1,,0,
DATAFLOW,OECD.STI.PIE:DSD_PATENTS@DF_PATENTS_OECDSPECIFIC(1.0),,I,6F0,,A,,AP,,PATN,,PRIORITY,,EST,,_Z,,INVENTOR,,_Z,,_Z,,_T,,2022,,32.716702,,A,,1,,0,
DATAFLOW,OECD.STI.PIE:DSD_PATENTS@DF_PATENTS_OECDSPECIFIC(1.0),,I,6F0,,A,,AP,,PATN,,PRIORITY,,BRA,,_Z,,INVENTOR,,_Z,,_Z,,_T,,2022,,214.9653,,A,,1,,0,
DATAFLOW,OECD.STI.PIE:DSD_PATENTS@DF_PATENTS_OECDSPECIFIC(1.0),,I,6F0,,A,,AP,,PATN,,PRIORITY,,ARG,,_Z,,INVENTOR,,_Z,,_Z,,_T,,2022,,28.0786,,A,,1,,0,
DATAFLOW,OECD.STI.PIE:DSD_PATENTS@DF_PATENTS_OECDSPECIFIC(1.0),,I,6F0,,A,,AP,,PATN,,PRIORITY,,NZL,,_Z,,INVENTOR,,_Z,,_Z,,_T,,2022,,127.3452,,A,,1,,0,
DATAFLOW,OECD.STI.PIE:DSD_PATENTS@DF_PATENTS_OECDSPECIFIC(1.0),,I,6F0,,A,,AP,,PATN,,PRIORITY,,MNG,,_Z,,INVENTOR,,_Z,,_Z,,_T,,2022,,0.33329999,,A,,1,,0,
DATAFLOW,OECD.STI.PIE:DSD_PATENTS@DF_PATENTS_OECDSPECIFIC(1.0),,I,6F0,,A,,AP,,PATN,,PRIORITY,,USA,,_Z,,INVENTOR,,_Z,,_Z,,_T,,2022,,34244.988,,A,,1,,0,
DATAFLOW,OECD.STI.PIE:DSD_PATENTS@DF_PATENTS_OECDSPECIFIC(1.0),,I,6F0,,A,,AP,,PATN,,PRIORITY,,ESP,,_Z,,INVENTOR,,_Z,,_Z,,_T,,2022,,1795.9836,,A,,1,,0,
DATAFLOW,OECD.STI.PIE:DSD_PATENTS@DF_PATENTS_OECDSPECIFIC(1.0),,I,6F0,,A,,AP,,PATN,,PRIORITY,,W,,_Z,,INVENTOR,,_Z,,_Z,,_T,,2022,,153682,,A,,1,,0,
DATAFLOW,OECD.STI.PIE:DSD_PATENTS@DF_PATENTS_OECDSPECIFIC(1.0),,I,6F0,,A,,AP,,PATN,,PRIORITY,,GRC,,_Z,,INVENTOR,,_Z,,_Z,,_T,,2022,,176.28999,,A,,1,,0,
DATAFLOW,OECD.STI.PIE:DSD_PATENTS@DF_PATENTS_OECDSPECIFIC(1.0),,I,6F0,,A,,AP,,PATN,,PRIORITY,,RUS,,_Z,,INVENTOR,,_Z,,_Z,,_T,,2022,,133.4903,,A,,1,,0,
DATAFLOW,OECD.STI.PIE:DSD_PATENTS@DF_PATENTS_OECDSPECIFIC(1.0),,I,6F0,,A,,AP,,PATN,,PRIORITY,,TUR,,_Z,,INVENTOR,,_Z,,_Z,,_T,,2022,,561.5119,,A,,1,,0,
DATAFLOW,OECD.STI.PIE:DSD_PATENTS@DF_PATENTS_OECDSPECIFIC(1.0),,I,6F0,,A,,AP,,PATN,,PRIORITY,,MCO,,_Z,,INVENTOR,,_Z,,_Z,,_T,,2022,,10.25,,A,,1,,0,
DATAFLOW,OECD.STI.PIE:DSD_PATENTS@DF_PATENTS_OECDSPECIFIC(1.0),,I,6F0,,A,,GR,,PATN,,PRIORITY,,PHL,,_Z,,INVENTOR,,_Z,,_Z,,_T,,2019,,3,,A,,1,,0,
DATAFLOW,OECD.STI.PIE:DSD_PATENTS@DF_PATENTS_OECDSPECIFIC(1.0),,I,6F0,,A,,GR,,PATN,,PRIORITY,,CYM,,_Z,,INVENTOR,,_Z,,_Z,,_T,,2019,,3,,A,,1,,0,
DATAFLOW,OECD.STI.PIE:DSD_PATENTS@DF_PATENTS_OECDSPECIFIC(1.0),,I,6F0,,A,,GR,,PATN,,PRIORITY,,PRI,,_Z,,INVENTOR,,_Z,,_Z,,_T,,2021,,3,,A,,1,,0,
DATAFLOW,OECD.STI.PIE:DSD_PATENTS@DF_PATENTS_OECDSPECIFIC(1.0),,I,6F0,,A,,AP,,PATN,,PRIORITY,,KAZ,,_Z,,INVENTOR,,_Z,,_Z,,_T,,2018,,3,,A,,1,,0,
DATAFLOW,OECD.STI.PIE:DSD_PATENTS@DF_PATENTS_OECDSPECIFIC(1.0),,I,6F0,,A,,AP,,PATN,,PRIORITY,,GEO,,_Z,,INVENTOR,,_Z,,_Z,,_T,,2018,,3,,A,,1,,0,
DATAFLOW,OECD.STI.PIE:DSD_PATENTS@DF_PATENTS_OECDSPECIFIC(1.0),,I,6F0,,A,,AP,,PATN,,PRIORITY,,SYC,,_Z,,INVENTOR,,_Z,,_Z,,_T,,2019,,3,,A,,1,,0,
DATAFLOW,OECD.STI.PIE:DSD_PATENTS@DF_PATENTS_OECDSPECIFIC(1.0),,I,6F0,,A,,AP,,PATN,,PRIORITY,,KWT,,_Z,,INVENTOR,,_Z,,_Z,,_T,,2019,,3,,A,,1,,0,
DATAFLOW,OECD.STI.PIE:DSD_PATENTS@DF_PATENTS_OECDSPECIFIC(1.0),,I,6F0,,A,,GR,,PATN,,PRIORITY,,GEO,,_Z,,INVENTOR,,_Z,,_Z,,_T,,2018,,2,,A,,1,,0,
DATAFLOW,OECD.STI.PIE:DSD_PATENTS@DF_PATENTS_OECDSPECIFIC(1.0),,I,6F0,,A,,GR,,PATN,,PRIORITY,,PER,,_Z,,INVENTOR,,_Z,,_Z,,_T,,2019,,2,,A,,1,,0,
DATAFLOW,OECD.STI.PIE:DSD_PATENTS@DF_PATENTS_OECDSPECIFIC(1.0),,I,6F0,,A,,GR,,PATN,,PRIORITY,,JOR,,_Z,,INVENTOR,,_Z,,_Z,,_T,,2019,,2,,A,,1,,0,
DATAFLOW,OECD.STI.PIE:DSD_PATENTS@DF_PATENTS_OECDSPECIFIC(1.0),,I,6F0,,A,,GR,,PATN,,PRIORITY,,SYC,,_Z,,INVENTOR,,_Z,,_Z,,_T,,2019,,2,,A,,1,,0,
DATAFLOW,OECD.STI.PIE:DSD_PATENTS@DF_PATENTS_OECDSPECIFIC(1.0),,I,6F0,,A,,GR,,PATN,,PRIORITY,,JOR,,_Z,,INVENTOR,,_Z,,_Z,,_T,,2020,,2,,A,,1,,0,
DATAFLOW,OECD.STI.PIE:DSD_PATENTS@DF_PATENTS_OECDSPECIFIC(1.0),,I,6F0,,A,,GR,,PATN,,PRIORITY,,TUN,,_Z,,INVENTOR,,_Z,,_Z,,_T,,2020,,2,,A,,1,,0,
DATAFLOW,OECD.STI.PIE:DSD_PATENTS@DF_PATENTS_OECDSPECIFIC(1.0),,I,6F0,,A,,GR,,PATN,,PRIORITY,,ARM,,_Z,,INVENTOR,,_Z,,_Z,,_T,,2021,,2,,A,,1,,0,
DATAFLOW,OECD.STI.PIE:DSD_PATENTS@DF_PATENTS_OECDSPECIFIC(1.0),,I,6F0,,A,,GR,,PATN,,PRIORITY,,SYC,,_Z,,INVENTOR,,_Z,,_Z,,_T,,2021,,2,,A,,1,,0,
DATAFLOW,OECD.STI.PIE:DSD_PATENTS@DF_PATENTS_OECDSPECIFIC(1.0),,I,6F0,,A,,AP,,PATN,,PRIORITY,,BMU,,_Z,,INVENTOR,,_Z,,_Z,,_T,,2020,,2,,A,,1,,0,
DATAFLOW,OECD.STI.PIE:DSD_PATENTS@DF_PATENTS_OECDSPECIFIC(1.0),,I,6F0,,A,,AP,,PATN,,PRIORITY,,DZA,,_Z,,INVENTOR,,_Z,,_Z,,_T,,2020,,2,,A,,1,,0,
DATAFLOW,OECD.STI.PIE:DSD_PATENTS@DF_PATENTS_OECDSPECIFIC(1.0),,I,6F0,,A,,AP,,PATN,,PRIORITY,,PRK,,_Z,,INVENTOR,,_Z,,_Z,,_T,,2021,,2,,A,,1,,0,
DATAFLOW,OECD.STI.PIE:DSD_PATENTS@DF_PATENTS_OECDSPECIFIC(1.0),,I,6F0,,A,,AP,,PATN,,PRIORITY,,SYC,,_Z,,INVENTOR,,_Z,,_Z,,_T,,2021,,2,,A,,1,,0,
DATAFLOW,OECD.STI.PIE:DSD_PATENTS@DF_PATENTS_OECDSPECIFIC(1.0),,I,6F0,,A,,AP,,PATN,,PRIORITY,,MDA,,_Z,,INVENTOR,,_Z,,_Z,,_T,,2021,,2,,A,,1,,0,
